Timestep;TAir;DeltaT (Thouse-Tair) (and =0 if no heating required);Demand space heating kWh;Demand domestic hot water kWh;Demand space heating kWh;Demand domestic hot water kWh;;;;;
01.01.2021 00:00;-3.9;23.9; 14.39 ; 5.25 ;379.9720161;14.5913242;;;;;
01.01.2021 01:00;-4.6;24.6; 14.81 ; 5.25 ;391.1009036;14.5913242; 1’426’000.00 ;kWh;Wärmebedarf von Infener;54000;kWh
01.01.2021 02:00;-5.2;25.2; 15.17 ; 5.25 ;400.6399501;14.5913242; 127’820.00 ;kWh;Warmwasserbedarf ;46000;
01.01.2021 03:00;-5.6;25.6; 15.41 ; 5.25 ;406.9993143;14.5913242; 1’553’820.00 ;;;;
01.01.2021 04:00;-6;26; 15.65 ; 5.25 ;413.3586786;14.5913242;1500;MWh;;;
01.01.2021 05:00;-6.4;26.4; 15.89 ; 5.25 ;419.7180429;14.5913242;;;;;
01.01.2021 06:00;-6.7;26.7; 16.07 ; 5.25 ;424.4875661;14.5913242;;;;;
01.01.2021 07:00;-7;27; 16.26 ; 5.25 ;429.2570893;14.5913242;16.91742526;;;;
01.01.2021 08:00;-7.1;27.1; 16.32 ; 5.25 ;430.8469304;14.5913242;;;;;
01.01.2021 09:00;-6.3;26.3; 15.83 ; 5.25 ;418.1282018;14.5913242;;;;;
01.01.2021 10:00;-5.7;25.7; 15.47 ; 5.25 ;408.5891554;14.5913242;;;;;
01.01.2021 11:00;-5.1;25.1; 15.11 ; 5.25 ;399.050109;14.5913242;;;;;
01.01.2021 12:00;-4.7;24.7; 14.87 ; 5.25 ;392.6907447;14.5913242;;;;;
01.01.2021 13:00;-4.6;24.6; 14.81 ; 5.25 ;391.1009036;14.5913242;;;;;
01.01.2021 14:00;-4.9;24.9; 14.99 ; 5.25 ;395.8704268;14.5913242;;;;;
01.01.2021 15:00;-5.4;25.4; 15.29 ; 5.25 ;403.8196322;14.5913242;;;;;
01.01.2021 16:00;-6.1;26.1; 15.71 ; 5.25 ;414.9485197;14.5913242;;;;;
01.01.2021 17:00;-6.4;26.4; 15.89 ; 5.25 ;419.7180429;14.5913242;;;;;
01.01.2021 18:00;-6.7;26.7; 16.07 ; 5.25 ;424.4875661;14.5913242;;;;;
01.01.2021 19:00;-7;27; 16.26 ; 5.25 ;429.2570893;14.5913242;;;;;
01.01.2021 20:00;-7.3;27.3; 16.44 ; 5.25 ;434.0266126;14.5913242;;;;;
01.01.2021 21:00;-7.6;27.6; 16.62 ; 5.25 ;438.7961358;14.5913242;;;;;
01.01.2021 22:00;-7.9;27.9; 16.80 ; 5.25 ;443.565659;14.5913242;;;;;
01.01.2021 23:00;-8.1;28.1; 16.92 ; 5.25 ;446.7453411;14.5913242;;;;;
02.01.2021 00:00;-7.9;27.9; 16.80 ; 5.25 ;443.565659;14.5913242;;;;;
02.01.2021 01:00;-7.5;27.5; 16.56 ; 5.25 ;437.2062947;14.5913242;;;;;
02.01.2021 02:00;-7.1;27.1; 16.32 ; 5.25 ;430.8469304;14.5913242;;;;;
02.01.2021 03:00;-6.8;26.8; 16.13 ; 5.25 ;426.0774072;14.5913242;;;;;
02.01.2021 04:00;-6.6;26.6; 16.01 ; 5.25 ;422.8977251;14.5913242;;;;;
02.01.2021 05:00;-6.3;26.3; 15.83 ; 5.25 ;418.1282018;14.5913242;;;;;
02.01.2021 06:00;-6.2;26.2; 15.77 ; 5.25 ;416.5383608;14.5913242;;;;;
02.01.2021 07:00;-6;26; 15.65 ; 5.25 ;413.3586786;14.5913242;;;;;
02.01.2021 08:00;-5.5;25.5; 15.35 ; 5.25 ;405.4094733;14.5913242;;;;;
02.01.2021 09:00;-2.8;22.8; 13.73 ; 5.25 ;362.4837643;14.5913242;;;;;
02.01.2021 10:00;-0.1;20.1; 12.10 ; 5.25 ;319.5580554;14.5913242;;;;;
02.01.2021 11:00;2.1;17.9; 10.78 ; 5.25 ;284.5815518;14.5913242;;;;;
02.01.2021 12:00;3.5;16.5; 9.93 ; 5.25 ;262.3237768;14.5913242;;;;;
02.01.2021 13:00;4.5;15.5; 9.33 ; 5.25 ;246.4253661;14.5913242;;;;;
02.01.2021 14:00;4.7;15.3; 9.21 ; 5.25 ;243.245684;14.5913242;;;;;
02.01.2021 15:00;3.9;16.1; 9.69 ; 5.25 ;255.9644125;14.5913242;;;;;
02.01.2021 16:00;2.3;17.7; 10.66 ; 5.25 ;281.4018697;14.5913242;;;;;
02.01.2021 17:00;2.1;17.9; 10.78 ; 5.25 ;284.5815518;14.5913242;;;;;
02.01.2021 18:00;1.8;18.2; 10.96 ; 5.25 ;289.351075;14.5913242;;;;;
02.01.2021 19:00;1.6;18.4; 11.08 ; 5.25 ;292.5307572;14.5913242;;;;;
02.01.2021 20:00;1.3;18.7; 11.26 ; 5.25 ;297.3002804;14.5913242;;;;;
02.01.2021 21:00;1;19; 11.44 ; 5.25 ;302.0698036;14.5913242;;;;;
02.01.2021 22:00;0.8;19.2; 11.56 ; 5.25 ;305.2494858;14.5913242;;;;;
02.01.2021 23:00;0.5;19.5; 11.74 ; 5.25 ;310.019009;14.5913242;;;;;
03.01.2021 00:00;-0.1;20.1; 12.10 ; 5.25 ;319.5580554;14.5913242;;;;;
03.01.2021 01:00;-0.9;20.9; 12.58 ; 5.25 ;332.276784;14.5913242;;;;;
03.01.2021 02:00;-1.6;21.6; 13.00 ; 5.25 ;343.4056715;14.5913242;;;;;
03.01.2021 03:00;-2;22; 13.24 ; 5.25 ;349.7650358;14.5913242;;;;;
03.01.2021 04:00;-2.4;22.4; 13.49 ; 5.25 ;356.1244;14.5913242;;;;;
03.01.2021 05:00;-2.8;22.8; 13.73 ; 5.25 ;362.4837643;14.5913242;;;;;
03.01.2021 06:00;-3;23; 13.85 ; 5.25 ;365.6634465;14.5913242;;;;;
03.01.2021 07:00;-3.3;23.3; 14.03 ; 5.25 ;370.4329697;14.5913242;;;;;
03.01.2021 08:00;-3.3;23.3; 14.03 ; 5.25 ;370.4329697;14.5913242;;;;;
03.01.2021 09:00;-2.8;22.8; 13.73 ; 5.25 ;362.4837643;14.5913242;;;;;
03.01.2021 10:00;-2.3;22.3; 13.43 ; 5.25 ;354.534559;14.5913242;;;;;
03.01.2021 11:00;-1.9;21.9; 13.18 ; 5.25 ;348.1751947;14.5913242;;;;;
03.01.2021 12:00;-1.6;21.6; 13.00 ; 5.25 ;343.4056715;14.5913242;;;;;
03.01.2021 13:00;-1.5;21.5; 12.94 ; 5.25 ;341.8158304;14.5913242;;;;;
03.01.2021 14:00;-1.5;21.5; 12.94 ; 5.25 ;341.8158304;14.5913242;;;;;
03.01.2021 15:00;-1.8;21.8; 13.12 ; 5.25 ;346.5853536;14.5913242;;;;;
03.01.2021 16:00;-2.2;22.2; 13.37 ; 5.25 ;352.9447179;14.5913242;;;;;
03.01.2021 17:00;-2.7;22.7; 13.67 ; 5.25 ;360.8939233;14.5913242;;;;;
03.01.2021 18:00;-3.1;23.1; 13.91 ; 5.25 ;367.2532875;14.5913242;;;;;
03.01.2021 19:00;-3.6;23.6; 14.21 ; 5.25 ;375.2024929;14.5913242;;;;;
03.01.2021 20:00;-4.1;24.1; 14.51 ; 5.25 ;383.1516983;14.5913242;;;;;
03.01.2021 21:00;-4.5;24.5; 14.75 ; 5.25 ;389.5110626;14.5913242;;;;;
03.01.2021 22:00;-5;25; 15.05 ; 5.25 ;397.4602679;14.5913242;;;;;
03.01.2021 23:00;-5.5;25.5; 15.35 ; 5.25 ;405.4094733;14.5913242;;;;;
04.01.2021 00:00;-6.1;26.1; 15.71 ; 5.25 ;414.9485197;14.5913242;;;;;
04.01.2021 01:00;-6;26; 15.65 ; 5.25 ;413.3586786;14.5913242;;;;;
04.01.2021 02:00;-6.3;26.3; 15.83 ; 5.25 ;418.1282018;14.5913242;;;;;
04.01.2021 03:00;-6.5;26.5; 15.95 ; 5.25 ;421.307884;14.5913242;;;;;
04.01.2021 04:00;-6.8;26.8; 16.13 ; 5.25 ;426.0774072;14.5913242;;;;;
04.01.2021 05:00;-7;27; 16.26 ; 5.25 ;429.2570893;14.5913242;;;;;
04.01.2021 06:00;-7.2;27.2; 16.38 ; 5.25 ;432.4367715;14.5913242;;;;;
04.01.2021 07:00;-7.3;27.3; 16.44 ; 5.25 ;434.0266126;14.5913242;;;;;
04.01.2021 08:00;-7.4;27.4; 16.50 ; 5.25 ;435.6164536;14.5913242;;;;;
04.01.2021 09:00;-7;27; 16.26 ; 5.25 ;429.2570893;14.5913242;;;;;
04.01.2021 10:00;-6.6;26.6; 16.01 ; 5.25 ;422.8977251;14.5913242;;;;;
04.01.2021 11:00;-6.3;26.3; 15.83 ; 5.25 ;418.1282018;14.5913242;;;;;
04.01.2021 12:00;-6.1;26.1; 15.71 ; 5.25 ;414.9485197;14.5913242;;;;;
04.01.2021 13:00;-6.1;26.1; 15.71 ; 5.25 ;414.9485197;14.5913242;;;;;
04.01.2021 14:00;-6.2;26.2; 15.77 ; 5.25 ;416.5383608;14.5913242;;;;;
04.01.2021 15:00;-6.5;26.5; 15.95 ; 5.25 ;421.307884;14.5913242;;;;;
04.01.2021 16:00;-6.9;26.9; 16.19 ; 5.25 ;427.6672483;14.5913242;;;;;
04.01.2021 17:00;-6.2;26.2; 15.77 ; 5.25 ;416.5383608;14.5913242;;;;;
04.01.2021 18:00;-5.6;25.6; 15.41 ; 5.25 ;406.9993143;14.5913242;;;;;
04.01.2021 19:00;-4.7;24.7; 14.87 ; 5.25 ;392.6907447;14.5913242;;;;;
04.01.2021 20:00;-4;24; 14.45 ; 5.25 ;381.5618572;14.5913242;;;;;
04.01.2021 21:00;-3.2;23.2; 13.97 ; 5.25 ;368.8431286;14.5913242;;;;;
04.01.2021 22:00;-2.5;22.5; 13.55 ; 5.25 ;357.7142411;14.5913242;;;;;
04.01.2021 23:00;-1.7;21.7; 13.06 ; 5.25 ;344.9955125;14.5913242;;;;;
05.01.2021 00:00;-1.4;21.4; 12.88 ; 5.25 ;340.2259893;14.5913242;;;;;
05.01.2021 01:00;-1.1;21.1; 12.70 ; 5.25 ;335.4564661;14.5913242;;;;;
05.01.2021 02:00;-0.6;20.6; 12.40 ; 5.25 ;327.5072608;14.5913242;;;;;
05.01.2021 03:00;-0.4;20.4; 12.28 ; 5.25 ;324.3275786;14.5913242;;;;;
05.01.2021 03:59;-0.2;20.2; 12.16 ; 5.25 ;321.1478965;14.5913242;;;;;
05.01.2021 04:59;0;20; 12.04 ; 5.25 ;317.9682143;14.5913242;;;;;
05.01.2021 05:59;0.1;19.9; 11.98 ; 5.25 ;316.3783733;14.5913242;;;;;
05.01.2021 06:59;0.2;19.8; 11.92 ; 5.25 ;314.7885322;14.5913242;;;;;
05.01.2021 07:59;0.4;19.6; 11.80 ; 5.25 ;311.60885;14.5913242;;;;;
05.01.2021 08:59;1.4;18.6; 11.20 ; 5.25 ;295.7104393;14.5913242;;;;;
05.01.2021 09:59;2.2;17.8; 10.72 ; 5.25 ;282.9917108;14.5913242;;;;;
05.01.2021 10:59;3;17; 10.23 ; 5.25 ;270.2729822;14.5913242;;;;;
05.01.2021 11:59;3.6;16.4; 9.87 ; 5.25 ;260.7339357;14.5913242;;;;;
05.01.2021 12:59;3.9;16.1; 9.69 ; 5.25 ;255.9644125;14.5913242;;;;;
05.01.2021 13:59;4.1;15.9; 9.57 ; 5.25 ;252.7847304;14.5913242;;;;;
05.01.2021 14:59;3.9;16.1; 9.69 ; 5.25 ;255.9644125;14.5913242;;;;;
05.01.2021 15:59;3.3;16.7; 10.05 ; 5.25 ;265.503459;14.5913242;;;;;
05.01.2021 16:59;3.6;16.4; 9.87 ; 5.25 ;260.7339357;14.5913242;;;;;
05.01.2021 17:59;3.9;16.1; 9.69 ; 5.25 ;255.9644125;14.5913242;;;;;
05.01.2021 18:59;4.1;15.9; 9.57 ; 5.25 ;252.7847304;14.5913242;;;;;
05.01.2021 19:59;4.4;15.6; 9.39 ; 5.25 ;248.0152072;14.5913242;;;;;
05.01.2021 20:59;4.7;15.3; 9.21 ; 5.25 ;243.245684;14.5913242;;;;;
05.01.2021 21:59;4.9;15.1; 9.09 ; 5.25 ;240.0660018;14.5913242;;;;;
05.01.2021 22:59;4.8;15.2; 9.15 ; 5.25 ;241.6558429;14.5913242;;;;;
05.01.2021 23:59;5.1;14.9; 8.97 ; 5.25 ;236.8863197;14.5913242;;;;;
06.01.2021 00:59;5;15; 9.03 ; 5.25 ;238.4761607;14.5913242;;;;;
06.01.2021 01:59;4.9;15.1; 9.09 ; 5.25 ;240.0660018;14.5913242;;;;;
06.01.2021 02:59;4.8;15.2; 9.15 ; 5.25 ;241.6558429;14.5913242;;;;;
06.01.2021 03:59;4.9;15.1; 9.09 ; 5.25 ;240.0660018;14.5913242;;;;;
06.01.2021 04:59;4.8;15.2; 9.15 ; 5.25 ;241.6558429;14.5913242;;;;;
06.01.2021 05:59;4.8;15.2; 9.15 ; 5.25 ;241.6558429;14.5913242;;;;;
06.01.2021 06:59;4.8;15.2; 9.15 ; 5.25 ;241.6558429;14.5913242;;;;;
06.01.2021 07:59;4.9;15.1; 9.09 ; 5.25 ;240.0660018;14.5913242;;;;;
06.01.2021 08:59;5.6;14.4; 8.67 ; 5.25 ;228.9371143;14.5913242;;;;;
06.01.2021 09:59;6.3;13.7; 8.25 ; 5.25 ;217.8082268;14.5913242;;;;;
06.01.2021 10:59;6.9;13.1; 7.89 ; 5.25 ;208.2691804;14.5913242;;;;;
06.01.2021 11:59;7.4;12.6; 7.59 ; 5.25 ;200.319975;14.5913242;;;;;
06.01.2021 12:59;7.7;12.3; 7.41 ; 5.25 ;195.5504518;14.5913242;;;;;
06.01.2021 13:59;7.8;12.2; 7.34 ; 5.25 ;193.9606107;14.5913242;;;;;
06.01.2021 14:59;7.6;12.4; 7.47 ; 5.25 ;197.1402929;14.5913242;;;;;
06.01.2021 15:59;7.1;12.9; 7.77 ; 5.25 ;205.0894982;14.5913242;;;;;
06.01.2021 16:59;6.8;13.2; 7.95 ; 5.25 ;209.8590215;14.5913242;;;;;
06.01.2021 17:59;6.5;13.5; 8.13 ; 5.25 ;214.6285447;14.5913242;;;;;
06.01.2021 18:59;6.1;13.9; 8.37 ; 5.25 ;220.987909;14.5913242;;;;;
06.01.2021 19:59;5.8;14.2; 8.55 ; 5.25 ;225.7574322;14.5913242;;;;;
06.01.2021 20:59;5.5;14.5; 8.73 ; 5.25 ;230.5269554;14.5913242;;;;;
06.01.2021 21:59;5.2;14.8; 8.91 ; 5.25 ;235.2964786;14.5913242;;;;;
06.01.2021 22:59;4.9;15.1; 9.09 ; 5.25 ;240.0660018;14.5913242;;;;;
06.01.2021 23:59;4.3;15.7; 9.45 ; 5.25 ;249.6050482;14.5913242;;;;;
07.01.2021 00:59;3.8;16.2; 9.75 ; 5.25 ;257.5542536;14.5913242;;;;;
07.01.2021 01:59;3.2;16.8; 10.11 ; 5.25 ;267.0933;14.5913242;;;;;
07.01.2021 02:59;2.9;17.1; 10.29 ; 5.25 ;271.8628233;14.5913242;;;;;
07.01.2021 03:59;2.5;17.5; 10.54 ; 5.25 ;278.2221875;14.5913242;;;;;
07.01.2021 04:59;2.2;17.8; 10.72 ; 5.25 ;282.9917108;14.5913242;;;;;
07.01.2021 05:59;2;18; 10.84 ; 5.25 ;286.1713929;14.5913242;;;;;
07.01.2021 06:59;1.8;18.2; 10.96 ; 5.25 ;289.351075;14.5913242;;;;;
07.01.2021 07:59;2;18; 10.84 ; 5.25 ;286.1713929;14.5913242;;;;;
07.01.2021 08:59;3.1;16.9; 10.17 ; 5.25 ;268.6831411;14.5913242;;;;;
07.01.2021 09:59;4.1;15.9; 9.57 ; 5.25 ;252.7847304;14.5913242;;;;;
07.01.2021 10:59;5.5;14.5; 8.73 ; 5.25 ;230.5269554;14.5913242;;;;;
07.01.2021 11:59;6.1;13.9; 8.37 ; 5.25 ;220.987909;14.5913242;;;;;
07.01.2021 12:59;5.4;14.6; 8.79 ; 5.25 ;232.1167965;14.5913242;;;;;
07.01.2021 13:59;5.2;14.8; 8.91 ; 5.25 ;235.2964786;14.5913242;;;;;
07.01.2021 14:59;4.8;15.2; 9.15 ; 5.25 ;241.6558429;14.5913242;;;;;
07.01.2021 15:59;4;16; 9.63 ; 5.25 ;254.3745715;14.5913242;;;;;
07.01.2021 16:59;3.9;16.1; 9.69 ; 5.25 ;255.9644125;14.5913242;;;;;
07.01.2021 17:59;3.7;16.3; 9.81 ; 5.25 ;259.1440947;14.5913242;;;;;
07.01.2021 18:59;3.6;16.4; 9.87 ; 5.25 ;260.7339357;14.5913242;;;;;
07.01.2021 19:59;3.4;16.6; 9.99 ; 5.25 ;263.9136179;14.5913242;;;;;
07.01.2021 20:59;3.3;16.7; 10.05 ; 5.25 ;265.503459;14.5913242;;;;;
07.01.2021 21:59;3.1;16.9; 10.17 ; 5.25 ;268.6831411;14.5913242;;;;;
07.01.2021 22:59;3;17; 10.23 ; 5.25 ;270.2729822;14.5913242;;;;;
07.01.2021 23:59;3;17; 10.23 ; 5.25 ;270.2729822;14.5913242;;;;;
08.01.2021 00:59;3.1;16.9; 10.17 ; 5.25 ;268.6831411;14.5913242;;;;;
08.01.2021 01:59;3.2;16.8; 10.11 ; 5.25 ;267.0933;14.5913242;;;;;
08.01.2021 02:59;3.2;16.8; 10.11 ; 5.25 ;267.0933;14.5913242;;;;;
08.01.2021 03:59;3.3;16.7; 10.05 ; 5.25 ;265.503459;14.5913242;;;;;
08.01.2021 04:59;3.4;16.6; 9.99 ; 5.25 ;263.9136179;14.5913242;;;;;
08.01.2021 05:59;3.5;16.5; 9.93 ; 5.25 ;262.3237768;14.5913242;;;;;
08.01.2021 06:59;3.5;16.5; 9.93 ; 5.25 ;262.3237768;14.5913242;;;;;
08.01.2021 07:59;3.7;16.3; 9.81 ; 5.25 ;259.1440947;14.5913242;;;;;
08.01.2021 08:59;4;16; 9.63 ; 5.25 ;254.3745715;14.5913242;;;;;
08.01.2021 09:59;4.3;15.7; 9.45 ; 5.25 ;249.6050482;14.5913242;;;;;
08.01.2021 10:59;4.5;15.5; 9.33 ; 5.25 ;246.4253661;14.5913242;;;;;
08.01.2021 11:59;4.7;15.3; 9.21 ; 5.25 ;243.245684;14.5913242;;;;;
08.01.2021 12:59;6.5;13.5; 8.13 ; 5.25 ;214.6285447;14.5913242;;;;;
08.01.2021 13:59;7.4;12.6; 7.59 ; 5.25 ;200.319975;14.5913242;;;;;
08.01.2021 14:59;7.6;12.4; 7.47 ; 5.25 ;197.1402929;14.5913242;;;;;
08.01.2021 15:59;7.1;12.9; 7.77 ; 5.25 ;205.0894982;14.5913242;;;;;
08.01.2021 16:59;6.8;13.2; 7.95 ; 5.25 ;209.8590215;14.5913242;;;;;
08.01.2021 17:59;6.5;13.5; 8.13 ; 5.25 ;214.6285447;14.5913242;;;;;
08.01.2021 18:59;6.3;13.7; 8.25 ; 5.25 ;217.8082268;14.5913242;;;;;
08.01.2021 19:59;6;14; 8.43 ; 5.25 ;222.57775;14.5913242;;;;;
08.01.2021 20:59;5.7;14.3; 8.61 ; 5.25 ;227.3472732;14.5913242;;;;;
08.01.2021 21:59;5.5;14.5; 8.73 ; 5.25 ;230.5269554;14.5913242;;;;;
08.01.2021 22:59;5.2;14.8; 8.91 ; 5.25 ;235.2964786;14.5913242;;;;;
08.01.2021 23:59;4.8;15.2; 9.15 ; 5.25 ;241.6558429;14.5913242;;;;;
09.01.2021 00:59;4.2;15.8; 9.51 ; 5.25 ;251.1948893;14.5913242;;;;;
09.01.2021 01:59;3.6;16.4; 9.87 ; 5.25 ;260.7339357;14.5913242;;;;;
09.01.2021 02:59;3.3;16.7; 10.05 ; 5.25 ;265.503459;14.5913242;;;;;
09.01.2021 03:59;3;17; 10.23 ; 5.25 ;270.2729822;14.5913242;;;;;
09.01.2021 04:59;2.6;17.4; 10.48 ; 5.25 ;276.6323465;14.5913242;;;;;
09.01.2021 05:59;2.4;17.6; 10.60 ; 5.25 ;279.8120286;14.5913242;;;;;
09.01.2021 06:59;2.1;17.9; 10.78 ; 5.25 ;284.5815518;14.5913242;;;;;
09.01.2021 07:59;2.1;17.9; 10.78 ; 5.25 ;284.5815518;14.5913242;;;;;
09.01.2021 08:59;2.6;17.4; 10.48 ; 5.25 ;276.6323465;14.5913242;;;;;
09.01.2021 09:59;2.8;17.2; 10.36 ; 5.25 ;273.4526643;14.5913242;;;;;
09.01.2021 10:59;3.1;16.9; 10.17 ; 5.25 ;268.6831411;14.5913242;;;;;
09.01.2021 11:59;3.3;16.7; 10.05 ; 5.25 ;265.503459;14.5913242;;;;;
09.01.2021 12:59;3.3;16.7; 10.05 ; 5.25 ;265.503459;14.5913242;;;;;
09.01.2021 13:59;3.1;16.9; 10.17 ; 5.25 ;268.6831411;14.5913242;;;;;
09.01.2021 14:59;2.8;17.2; 10.36 ; 5.25 ;273.4526643;14.5913242;;;;;
09.01.2021 15:59;2.5;17.5; 10.54 ; 5.25 ;278.2221875;14.5913242;;;;;
09.01.2021 16:59;2.6;17.4; 10.48 ; 5.25 ;276.6323465;14.5913242;;;;;
09.01.2021 17:59;2.6;17.4; 10.48 ; 5.25 ;276.6323465;14.5913242;;;;;
09.01.2021 18:59;2.7;17.3; 10.42 ; 5.25 ;275.0425054;14.5913242;;;;;
09.01.2021 19:59;2.7;17.3; 10.42 ; 5.25 ;275.0425054;14.5913242;;;;;
09.01.2021 20:59;2.9;17.1; 10.29 ; 5.25 ;271.8628233;14.5913242;;;;;
09.01.2021 21:59;3;17; 10.23 ; 5.25 ;270.2729822;14.5913242;;;;;
09.01.2021 22:59;3.1;16.9; 10.17 ; 5.25 ;268.6831411;14.5913242;;;;;
09.01.2021 23:59;3.2;16.8; 10.11 ; 5.25 ;267.0933;14.5913242;;;;;
10.01.2021 00:59;3.4;16.6; 9.99 ; 5.25 ;263.9136179;14.5913242;;;;;
10.01.2021 01:59;3.9;16.1; 9.69 ; 5.25 ;255.9644125;14.5913242;;;;;
10.01.2021 02:59;4.1;15.9; 9.57 ; 5.25 ;252.7847304;14.5913242;;;;;
10.01.2021 03:59;4.3;15.7; 9.45 ; 5.25 ;249.6050482;14.5913242;;;;;
10.01.2021 04:59;4.5;15.5; 9.33 ; 5.25 ;246.4253661;14.5913242;;;;;
10.01.2021 05:59;4.7;15.3; 9.21 ; 5.25 ;243.245684;14.5913242;;;;;
10.01.2021 06:59;4.8;15.2; 9.15 ; 5.25 ;241.6558429;14.5913242;;;;;
10.01.2021 07:59;5;15; 9.03 ; 5.25 ;238.4761607;14.5913242;;;;;
10.01.2021 08:59;6.1;13.9; 8.37 ; 5.25 ;220.987909;14.5913242;;;;;
10.01.2021 09:59;7;13; 7.83 ; 5.25 ;206.6793393;14.5913242;;;;;
10.01.2021 10:59;7.7;12.3; 7.41 ; 5.25 ;195.5504518;14.5913242;;;;;
10.01.2021 11:59;8.2;11.8; 7.10 ; 5.25 ;187.6012465;14.5913242;;;;;
10.01.2021 12:59;8.6;11.4; 6.86 ; 5.25 ;181.2418822;14.5913242;;;;;
10.01.2021 13:59;8.8;11.2; 6.74 ; 5.25 ;178.0622;14.5913242;;;;;
10.01.2021 14:59;8.6;11.4; 6.86 ; 5.25 ;181.2418822;14.5913242;;;;;
10.01.2021 15:59;8.1;11.9; 7.16 ; 5.25 ;189.1910875;14.5913242;;;;;
10.01.2021 16:59;7.9;12.1; 7.28 ; 5.25 ;192.3707697;14.5913242;;;;;
10.01.2021 17:59;7.8;12.2; 7.34 ; 5.25 ;193.9606107;14.5913242;;;;;
10.01.2021 18:59;7;13; 7.83 ; 5.25 ;206.6793393;14.5913242;;;;;
10.01.2021 19:59;7.3;12.7; 7.65 ; 5.25 ;201.9098161;14.5913242;;;;;
10.01.2021 20:59;7.2;12.8; 7.71 ; 5.25 ;203.4996572;14.5913242;;;;;
10.01.2021 21:59;7.1;12.9; 7.77 ; 5.25 ;205.0894982;14.5913242;;;;;
10.01.2021 22:59;6.9;13.1; 7.89 ; 5.25 ;208.2691804;14.5913242;;;;;
10.01.2021 23:59;6.5;13.5; 8.13 ; 5.25 ;214.6285447;14.5913242;;;;;
11.01.2021 00:59;6;14; 8.43 ; 5.25 ;222.57775;14.5913242;;;;;
11.01.2021 01:59;5.5;14.5; 8.73 ; 5.25 ;230.5269554;14.5913242;;;;;
11.01.2021 02:59;5.3;14.7; 8.85 ; 5.25 ;233.7066375;14.5913242;;;;;
11.01.2021 03:59;5;15; 9.03 ; 5.25 ;238.4761607;14.5913242;;;;;
11.01.2021 04:59;4.8;15.2; 9.15 ; 5.25 ;241.6558429;14.5913242;;;;;
11.01.2021 05:59;4.6;15.4; 9.27 ; 5.25 ;244.835525;14.5913242;;;;;
11.01.2021 06:59;4.5;15.5; 9.33 ; 5.25 ;246.4253661;14.5913242;;;;;
11.01.2021 07:59;4.5;15.5; 9.33 ; 5.25 ;246.4253661;14.5913242;;;;;
11.01.2021 08:59;5.4;14.6; 8.79 ; 5.25 ;232.1167965;14.5913242;;;;;
11.01.2021 09:59;6.4;13.6; 8.19 ; 5.25 ;216.2183857;14.5913242;;;;;
11.01.2021 10:59;7.2;12.8; 7.71 ; 5.25 ;203.4996572;14.5913242;;;;;
11.01.2021 11:59;7.7;12.3; 7.41 ; 5.25 ;195.5504518;14.5913242;;;;;
11.01.2021 12:59;8;12; 7.22 ; 5.25 ;190.7809286;14.5913242;;;;;
11.01.2021 13:59;7.9;12.1; 7.28 ; 5.25 ;192.3707697;14.5913242;;;;;
11.01.2021 14:59;7.5;12.5; 7.53 ; 5.25 ;198.730134;14.5913242;;;;;
11.01.2021 15:59;6.9;13.1; 7.89 ; 5.25 ;208.2691804;14.5913242;;;;;
11.01.2021 16:59;6.4;13.6; 8.19 ; 5.25 ;216.2183857;14.5913242;;;;;
11.01.2021 17:59;5.9;14.1; 8.49 ; 5.25 ;224.1675911;14.5913242;;;;;
11.01.2021 18:59;5.4;14.6; 8.79 ; 5.25 ;232.1167965;14.5913242;;;;;
11.01.2021 19:59;4.9;15.1; 9.09 ; 5.25 ;240.0660018;14.5913242;;;;;
11.01.2021 20:59;4.5;15.5; 9.33 ; 5.25 ;246.4253661;14.5913242;;;;;
11.01.2021 21:59;4;16; 9.63 ; 5.25 ;254.3745715;14.5913242;;;;;
11.01.2021 22:59;3.6;16.4; 9.87 ; 5.25 ;260.7339357;14.5913242;;;;;
11.01.2021 23:59;3.2;16.8; 10.11 ; 5.25 ;267.0933;14.5913242;;;;;
12.01.2021 00:59;2.7;17.3; 10.42 ; 5.25 ;275.0425054;14.5913242;;;;;
12.01.2021 01:59;2.3;17.7; 10.66 ; 5.25 ;281.4018697;14.5913242;;;;;
12.01.2021 02:59;2.1;17.9; 10.78 ; 5.25 ;284.5815518;14.5913242;;;;;
12.01.2021 03:59;1.8;18.2; 10.96 ; 5.25 ;289.351075;14.5913242;;;;;
12.01.2021 04:59;1.6;18.4; 11.08 ; 5.25 ;292.5307572;14.5913242;;;;;
12.01.2021 05:59;1.4;18.6; 11.20 ; 5.25 ;295.7104393;14.5913242;;;;;
12.01.2021 06:59;1.2;18.8; 11.32 ; 5.25 ;298.8901215;14.5913242;;;;;
12.01.2021 07:59;1.3;18.7; 11.26 ; 5.25 ;297.3002804;14.5913242;;;;;
12.01.2021 08:59;1.7;18.3; 11.02 ; 5.25 ;290.9409161;14.5913242;;;;;
12.01.2021 09:59;2.6;17.4; 10.48 ; 5.25 ;276.6323465;14.5913242;;;;;
12.01.2021 10:59;3.7;16.3; 9.81 ; 5.25 ;259.1440947;14.5913242;;;;;
12.01.2021 11:59;5;15; 9.03 ; 5.25 ;238.4761607;14.5913242;;;;;
12.01.2021 12:59;5.8;14.2; 8.55 ; 5.25 ;225.7574322;14.5913242;;;;;
12.01.2021 13:59;6.7;13.3; 8.01 ; 5.25 ;211.4488625;14.5913242;;;;;
12.01.2021 14:59;6.7;13.3; 8.01 ; 5.25 ;211.4488625;14.5913242;;;;;
12.01.2021 15:59;5.6;14.4; 8.67 ; 5.25 ;228.9371143;14.5913242;;;;;
12.01.2021 16:59;5.5;14.5; 8.73 ; 5.25 ;230.5269554;14.5913242;;;;;
12.01.2021 17:59;5.5;14.5; 8.73 ; 5.25 ;230.5269554;14.5913242;;;;;
12.01.2021 18:59;5.4;14.6; 8.79 ; 5.25 ;232.1167965;14.5913242;;;;;
12.01.2021 19:59;5.4;14.6; 8.79 ; 5.25 ;232.1167965;14.5913242;;;;;
12.01.2021 20:59;5.3;14.7; 8.85 ; 5.25 ;233.7066375;14.5913242;;;;;
12.01.2021 21:59;5.2;14.8; 8.91 ; 5.25 ;235.2964786;14.5913242;;;;;
12.01.2021 22:59;5.2;14.8; 8.91 ; 5.25 ;235.2964786;14.5913242;;;;;
12.01.2021 23:59;5.3;14.7; 8.85 ; 5.25 ;233.7066375;14.5913242;;;;;
13.01.2021 00:59;5.4;14.6; 8.79 ; 5.25 ;232.1167965;14.5913242;;;;;
13.01.2021 01:59;5.6;14.4; 8.67 ; 5.25 ;228.9371143;14.5913242;;;;;
13.01.2021 02:59;5.7;14.3; 8.61 ; 5.25 ;227.3472732;14.5913242;;;;;
13.01.2021 03:59;5.8;14.2; 8.55 ; 5.25 ;225.7574322;14.5913242;;;;;
13.01.2021 04:59;5.9;14.1; 8.49 ; 5.25 ;224.1675911;14.5913242;;;;;
13.01.2021 05:59;6;14; 8.43 ; 5.25 ;222.57775;14.5913242;;;;;
13.01.2021 06:59;6.1;13.9; 8.37 ; 5.25 ;220.987909;14.5913242;;;;;
13.01.2021 07:59;6.2;13.8; 8.31 ; 5.25 ;219.3980679;14.5913242;;;;;
13.01.2021 08:59;6.8;13.2; 7.95 ; 5.25 ;209.8590215;14.5913242;;;;;
13.01.2021 09:59;7.4;12.6; 7.59 ; 5.25 ;200.319975;14.5913242;;;;;
13.01.2021 10:59;7.9;12.1; 7.28 ; 5.25 ;192.3707697;14.5913242;;;;;
13.01.2021 11:59;8.3;11.7; 7.04 ; 5.25 ;186.0114054;14.5913242;;;;;
13.01.2021 12:59;8.6;11.4; 6.86 ; 5.25 ;181.2418822;14.5913242;;;;;
13.01.2021 13:59;8.7;11.3; 6.80 ; 5.25 ;179.6520411;14.5913242;;;;;
13.01.2021 14:59;8.6;11.4; 6.86 ; 5.25 ;181.2418822;14.5913242;;;;;
13.01.2021 15:59;8.2;11.8; 7.10 ; 5.25 ;187.6012465;14.5913242;;;;;
13.01.2021 16:59;7.9;12.1; 7.28 ; 5.25 ;192.3707697;14.5913242;;;;;
13.01.2021 17:59;7.6;12.4; 7.47 ; 5.25 ;197.1402929;14.5913242;;;;;
13.01.2021 18:59;7;13; 7.83 ; 5.25 ;206.6793393;14.5913242;;;;;
13.01.2021 19:59;7.5;12.5; 7.53 ; 5.25 ;198.730134;14.5913242;;;;;
13.01.2021 20:59;7.3;12.7; 7.65 ; 5.25 ;201.9098161;14.5913242;;;;;
13.01.2021 21:59;7.2;12.8; 7.71 ; 5.25 ;203.4996572;14.5913242;;;;;
13.01.2021 22:59;7;13; 7.83 ; 5.25 ;206.6793393;14.5913242;;;;;
13.01.2021 23:59;6.6;13.4; 8.07 ; 5.25 ;213.0387036;14.5913242;;;;;
14.01.2021 00:59;5.8;14.2; 8.55 ; 5.25 ;225.7574322;14.5913242;;;;;
14.01.2021 01:59;5.5;14.5; 8.73 ; 5.25 ;230.5269554;14.5913242;;;;;
14.01.2021 02:59;5.2;14.8; 8.91 ; 5.25 ;235.2964786;14.5913242;;;;;
14.01.2021 03:59;4.9;15.1; 9.09 ; 5.25 ;240.0660018;14.5913242;;;;;
14.01.2021 04:59;4.6;15.4; 9.27 ; 5.25 ;244.835525;14.5913242;;;;;
14.01.2021 05:59;4.4;15.6; 9.39 ; 5.25 ;248.0152072;14.5913242;;;;;
14.01.2021 06:59;4.2;15.8; 9.51 ; 5.25 ;251.1948893;14.5913242;;;;;
14.01.2021 07:59;4.2;15.8; 9.51 ; 5.25 ;251.1948893;14.5913242;;;;;
14.01.2021 08:59;4.6;15.4; 9.27 ; 5.25 ;244.835525;14.5913242;;;;;
14.01.2021 09:59;5;15; 9.03 ; 5.25 ;238.4761607;14.5913242;;;;;
14.01.2021 10:59;5.3;14.7; 8.85 ; 5.25 ;233.7066375;14.5913242;;;;;
14.01.2021 11:59;5.5;14.5; 8.73 ; 5.25 ;230.5269554;14.5913242;;;;;
14.01.2021 12:59;5.5;14.5; 8.73 ; 5.25 ;230.5269554;14.5913242;;;;;
14.01.2021 13:59;5.2;14.8; 8.91 ; 5.25 ;235.2964786;14.5913242;;;;;
14.01.2021 14:59;4.9;15.1; 9.09 ; 5.25 ;240.0660018;14.5913242;;;;;
14.01.2021 15:59;4.5;15.5; 9.33 ; 5.25 ;246.4253661;14.5913242;;;;;
14.01.2021 16:59;4.7;15.3; 9.21 ; 5.25 ;243.245684;14.5913242;;;;;
14.01.2021 17:59;4.9;15.1; 9.09 ; 5.25 ;240.0660018;14.5913242;;;;;
14.01.2021 18:59;5;15; 9.03 ; 5.25 ;238.4761607;14.5913242;;;;;
14.01.2021 19:59;5.2;14.8; 8.91 ; 5.25 ;235.2964786;14.5913242;;;;;
14.01.2021 20:59;5.3;14.7; 8.85 ; 5.25 ;233.7066375;14.5913242;;;;;
14.01.2021 21:59;5.6;14.4; 8.67 ; 5.25 ;228.9371143;14.5913242;;;;;
14.01.2021 22:59;5.7;14.3; 8.61 ; 5.25 ;227.3472732;14.5913242;;;;;
14.01.2021 23:59;6;14; 8.43 ; 5.25 ;222.57775;14.5913242;;;;;
15.01.2021 00:59;6.4;13.6; 8.19 ; 5.25 ;216.2183857;14.5913242;;;;;
15.01.2021 01:59;6.7;13.3; 8.01 ; 5.25 ;211.4488625;14.5913242;;;;;
15.01.2021 02:59;6.9;13.1; 7.89 ; 5.25 ;208.2691804;14.5913242;;;;;
15.01.2021 03:59;7.1;12.9; 7.77 ; 5.25 ;205.0894982;14.5913242;;;;;
15.01.2021 04:59;7.3;12.7; 7.65 ; 5.25 ;201.9098161;14.5913242;;;;;
15.01.2021 05:59;7.5;12.5; 7.53 ; 5.25 ;198.730134;14.5913242;;;;;
15.01.2021 06:59;7.7;12.3; 7.41 ; 5.25 ;195.5504518;14.5913242;;;;;
15.01.2021 07:59;7.9;12.1; 7.28 ; 5.25 ;192.3707697;14.5913242;;;;;
15.01.2021 08:59;8.8;11.2; 6.74 ; 5.25 ;178.0622;14.5913242;;;;;
15.01.2021 09:59;10.2;9.8; 5.90 ; 5.25 ;155.804425;14.5913242;;;;;
15.01.2021 10:59;11;9; 5.42 ; 5.25 ;143.0856964;14.5913242;;;;;
15.01.2021 11:59;11.7;8.3; 5.00 ; 5.25 ;131.9568089;14.5913242;;;;;
15.01.2021 12:59;12;8; 4.82 ; 5.25 ;127.1872857;14.5913242;;;;;
15.01.2021 13:59;12.1;7.9; 4.76 ; 5.25 ;125.5974447;14.5913242;;;;;
15.01.2021 14:59;11.8;8.2; 4.94 ; 5.25 ;130.3669679;14.5913242;;;;;
15.01.2021 15:59;11.2;8.8; 5.30 ; 5.25 ;139.9060143;14.5913242;;;;;
15.01.2021 16:59;10.9;9.1; 5.48 ; 5.25 ;144.6755375;14.5913242;;;;;
15.01.2021 17:59;10.8;9.2; 5.54 ; 5.25 ;146.2653786;14.5913242;;;;;
15.01.2021 18:59;10.6;9.4; 5.66 ; 5.25 ;149.4450607;14.5913242;;;;;
15.01.2021 19:59;10.3;9.7; 5.84 ; 5.25 ;154.2145839;14.5913242;;;;;
15.01.2021 20:59;10.1;9.9; 5.96 ; 5.25 ;157.3942661;14.5913242;;;;;
15.01.2021 21:59;9.9;10.1; 6.08 ; 5.25 ;160.5739482;14.5913242;;;;;
15.01.2021 22:59;9.7;10.3; 6.20 ; 5.25 ;163.7536304;14.5913242;;;;;
15.01.2021 23:59;8.7;11.3; 6.80 ; 5.25 ;179.6520411;14.5913242;;;;;
16.01.2021 00:59;7.7;12.3; 7.41 ; 5.25 ;195.5504518;14.5913242;;;;;
16.01.2021 01:59;6.7;13.3; 8.01 ; 5.25 ;211.4488625;14.5913242;;;;;
16.01.2021 02:59;6.1;13.9; 8.37 ; 5.25 ;220.987909;14.5913242;;;;;
16.01.2021 03:59;5.6;14.4; 8.67 ; 5.25 ;228.9371143;14.5913242;;;;;
16.01.2021 04:59;5;15; 9.03 ; 5.25 ;238.4761607;14.5913242;;;;;
16.01.2021 05:59;4.6;15.4; 9.27 ; 5.25 ;244.835525;14.5913242;;;;;
16.01.2021 06:59;4.3;15.7; 9.45 ; 5.25 ;249.6050482;14.5913242;;;;;
16.01.2021 07:59;4.2;15.8; 9.51 ; 5.25 ;251.1948893;14.5913242;;;;;
16.01.2021 08:59;4.2;15.8; 9.51 ; 5.25 ;251.1948893;14.5913242;;;;;
16.01.2021 09:59;4.2;15.8; 9.51 ; 5.25 ;251.1948893;14.5913242;;;;;
16.01.2021 10:59;4.2;15.8; 9.51 ; 5.25 ;251.1948893;14.5913242;;;;;
16.01.2021 11:59;4.2;15.8; 9.51 ; 5.25 ;251.1948893;14.5913242;;;;;
16.01.2021 12:59;4.9;15.1; 9.09 ; 5.25 ;240.0660018;14.5913242;;;;;
16.01.2021 13:59;5.2;14.8; 8.91 ; 5.25 ;235.2964786;14.5913242;;;;;
16.01.2021 14:59;5.2;14.8; 8.91 ; 5.25 ;235.2964786;14.5913242;;;;;
16.01.2021 15:59;4.8;15.2; 9.15 ; 5.25 ;241.6558429;14.5913242;;;;;
16.01.2021 16:59;4.3;15.7; 9.45 ; 5.25 ;249.6050482;14.5913242;;;;;
16.01.2021 17:59;3.7;16.3; 9.81 ; 5.25 ;259.1440947;14.5913242;;;;;
16.01.2021 18:59;3.2;16.8; 10.11 ; 5.25 ;267.0933;14.5913242;;;;;
16.01.2021 19:59;2.6;17.4; 10.48 ; 5.25 ;276.6323465;14.5913242;;;;;
16.01.2021 20:59;2.1;17.9; 10.78 ; 5.25 ;284.5815518;14.5913242;;;;;
16.01.2021 21:59;1.6;18.4; 11.08 ; 5.25 ;292.5307572;14.5913242;;;;;
16.01.2021 22:59;1;19; 11.44 ; 5.25 ;302.0698036;14.5913242;;;;;
16.01.2021 23:59;0.8;19.2; 11.56 ; 5.25 ;305.2494858;14.5913242;;;;;
17.01.2021 00:59;0.7;19.3; 11.62 ; 5.25 ;306.8393268;14.5913242;;;;;
17.01.2021 01:59;0.5;19.5; 11.74 ; 5.25 ;310.019009;14.5913242;;;;;
17.01.2021 02:59;0.5;19.5; 11.74 ; 5.25 ;310.019009;14.5913242;;;;;
17.01.2021 03:59;0.5;19.5; 11.74 ; 5.25 ;310.019009;14.5913242;;;;;
17.01.2021 04:59;0.4;19.6; 11.80 ; 5.25 ;311.60885;14.5913242;;;;;
17.01.2021 05:59;0.4;19.6; 11.80 ; 5.25 ;311.60885;14.5913242;;;;;
17.01.2021 06:59;0.4;19.6; 11.80 ; 5.25 ;311.60885;14.5913242;;;;;
17.01.2021 07:59;0.9;19.1; 11.50 ; 5.25 ;303.6596447;14.5913242;;;;;
17.01.2021 08:59;3.5;16.5; 9.93 ; 5.25 ;262.3237768;14.5913242;;;;;
17.01.2021 09:59;5;15; 9.03 ; 5.25 ;238.4761607;14.5913242;;;;;
17.01.2021 10:59;7;13; 7.83 ; 5.25 ;206.6793393;14.5913242;;;;;
17.01.2021 11:59;8.7;11.3; 6.80 ; 5.25 ;179.6520411;14.5913242;;;;;
17.01.2021 12:59;9.9;10.1; 6.08 ; 5.25 ;160.5739482;14.5913242;;;;;
17.01.2021 13:59;9.9;10.1; 6.08 ; 5.25 ;160.5739482;14.5913242;;;;;
17.01.2021 14:59;9.1;10.9; 6.56 ; 5.25 ;173.2926768;14.5913242;;;;;
17.01.2021 15:59;7.7;12.3; 7.41 ; 5.25 ;195.5504518;14.5913242;;;;;
17.01.2021 16:59;6.9;13.1; 7.89 ; 5.25 ;208.2691804;14.5913242;;;;;
17.01.2021 17:59;6.2;13.8; 8.31 ; 5.25 ;219.3980679;14.5913242;;;;;
17.01.2021 18:59;5.5;14.5; 8.73 ; 5.25 ;230.5269554;14.5913242;;;;;
17.01.2021 19:59;4.8;15.2; 9.15 ; 5.25 ;241.6558429;14.5913242;;;;;
17.01.2021 20:59;4.2;15.8; 9.51 ; 5.25 ;251.1948893;14.5913242;;;;;
17.01.2021 21:59;3.5;16.5; 9.93 ; 5.25 ;262.3237768;14.5913242;;;;;
17.01.2021 22:59;2.8;17.2; 10.36 ; 5.25 ;273.4526643;14.5913242;;;;;
17.01.2021 23:59;1.9;18.1; 10.90 ; 5.25 ;287.761234;14.5913242;;;;;
18.01.2021 00:59;0.8;19.2; 11.56 ; 5.25 ;305.2494858;14.5913242;;;;;
18.01.2021 01:59;-0.2;20.2; 12.16 ; 5.25 ;321.1478965;14.5913242;;;;;
18.01.2021 02:59;-0.8;20.8; 12.52 ; 5.25 ;330.6869429;14.5913242;;;;;
18.01.2021 03:59;-1.3;21.3; 12.82 ; 5.25 ;338.6361483;14.5913242;;;;;
18.01.2021 04:59;-1.9;21.9; 13.18 ; 5.25 ;348.1751947;14.5913242;;;;;
18.01.2021 05:59;-2.3;22.3; 13.43 ; 5.25 ;354.534559;14.5913242;;;;;
18.01.2021 06:59;-2.7;22.7; 13.67 ; 5.25 ;360.8939233;14.5913242;;;;;
18.01.2021 07:59;-2.8;22.8; 13.73 ; 5.25 ;362.4837643;14.5913242;;;;;
18.01.2021 08:59;-2.8;22.8; 13.73 ; 5.25 ;362.4837643;14.5913242;;;;;
18.01.2021 09:59;-2.8;22.8; 13.73 ; 5.25 ;362.4837643;14.5913242;;;;;
18.01.2021 10:59;-2.7;22.7; 13.67 ; 5.25 ;360.8939233;14.5913242;;;;;
18.01.2021 11:59;-2.7;22.7; 13.67 ; 5.25 ;360.8939233;14.5913242;;;;;
18.01.2021 12:59;-1.7;21.7; 13.06 ; 5.25 ;344.9955125;14.5913242;;;;;
18.01.2021 13:59;-1.2;21.2; 12.76 ; 5.25 ;337.0463072;14.5913242;;;;;
18.01.2021 14:59;-1.1;21.1; 12.70 ; 5.25 ;335.4564661;14.5913242;;;;;
18.01.2021 15:59;-1.6;21.6; 13.00 ; 5.25 ;343.4056715;14.5913242;;;;;
18.01.2021 16:59;-2;22; 13.24 ; 5.25 ;349.7650358;14.5913242;;;;;
18.01.2021 17:59;-2.4;22.4; 13.49 ; 5.25 ;356.1244;14.5913242;;;;;
18.01.2021 18:59;-2.7;22.7; 13.67 ; 5.25 ;360.8939233;14.5913242;;;;;
18.01.2021 19:59;-3.1;23.1; 13.91 ; 5.25 ;367.2532875;14.5913242;;;;;
18.01.2021 20:59;-3.4;23.4; 14.09 ; 5.25 ;372.0228108;14.5913242;;;;;
18.01.2021 21:59;-3.8;23.8; 14.33 ; 5.25 ;378.382175;14.5913242;;;;;
18.01.2021 22:59;-4.2;24.2; 14.57 ; 5.25 ;384.7415393;14.5913242;;;;;
18.01.2021 23:59;-4.1;24.1; 14.51 ; 5.25 ;383.1516983;14.5913242;;;;;
19.01.2021 00:59;-3.9;23.9; 14.39 ; 5.25 ;379.9720161;14.5913242;;;;;
19.01.2021 01:59;-3.8;23.8; 14.33 ; 5.25 ;378.382175;14.5913242;;;;;
19.01.2021 02:59;-3.7;23.7; 14.27 ; 5.25 ;376.792334;14.5913242;;;;;
19.01.2021 03:59;-3.6;23.6; 14.21 ; 5.25 ;375.2024929;14.5913242;;;;;
19.01.2021 04:59;-3.5;23.5; 14.15 ; 5.25 ;373.6126518;14.5913242;;;;;
19.01.2021 05:59;-3.4;23.4; 14.09 ; 5.25 ;372.0228108;14.5913242;;;;;
19.01.2021 06:59;-3.3;23.3; 14.03 ; 5.25 ;370.4329697;14.5913242;;;;;
19.01.2021 07:59;-3.1;23.1; 13.91 ; 5.25 ;367.2532875;14.5913242;;;;;
19.01.2021 08:59;-2.8;22.8; 13.73 ; 5.25 ;362.4837643;14.5913242;;;;;
19.01.2021 09:59;-2.5;22.5; 13.55 ; 5.25 ;357.7142411;14.5913242;;;;;
19.01.2021 10:59;-2.2;22.2; 13.37 ; 5.25 ;352.9447179;14.5913242;;;;;
19.01.2021 11:59;-1.7;21.7; 13.06 ; 5.25 ;344.9955125;14.5913242;;;;;
19.01.2021 12:59;0.6;19.4; 11.68 ; 5.25 ;308.4291679;14.5913242;;;;;
19.01.2021 13:59;2;18; 10.84 ; 5.25 ;286.1713929;14.5913242;;;;;
19.01.2021 14:59;2.6;17.4; 10.48 ; 5.25 ;276.6323465;14.5913242;;;;;
19.01.2021 15:59;2.3;17.7; 10.66 ; 5.25 ;281.4018697;14.5913242;;;;;
19.01.2021 16:59;1.5;18.5; 11.14 ; 5.25 ;294.1205983;14.5913242;;;;;
19.01.2021 17:59;1.3;18.7; 11.26 ; 5.25 ;297.3002804;14.5913242;;;;;
19.01.2021 18:59;1.2;18.8; 11.32 ; 5.25 ;298.8901215;14.5913242;;;;;
19.01.2021 19:59;1;19; 11.44 ; 5.25 ;302.0698036;14.5913242;;;;;
19.01.2021 20:59;0.9;19.1; 11.50 ; 5.25 ;303.6596447;14.5913242;;;;;
19.01.2021 21:59;0.7;19.3; 11.62 ; 5.25 ;306.8393268;14.5913242;;;;;
19.01.2021 22:59;0.6;19.4; 11.68 ; 5.25 ;308.4291679;14.5913242;;;;;
19.01.2021 23:59;0.1;19.9; 11.98 ; 5.25 ;316.3783733;14.5913242;;;;;
20.01.2021 00:59;-0.3;20.3; 12.22 ; 5.25 ;322.7377375;14.5913242;;;;;
20.01.2021 01:59;-0.8;20.8; 12.52 ; 5.25 ;330.6869429;14.5913242;;;;;
20.01.2021 02:59;-1;21; 12.64 ; 5.25 ;333.866625;14.5913242;;;;;
20.01.2021 03:59;-1.3;21.3; 12.82 ; 5.25 ;338.6361483;14.5913242;;;;;
20.01.2021 04:59;-1.5;21.5; 12.94 ; 5.25 ;341.8158304;14.5913242;;;;;
20.01.2021 05:59;-1.7;21.7; 13.06 ; 5.25 ;344.9955125;14.5913242;;;;;
20.01.2021 06:59;-1.9;21.9; 13.18 ; 5.25 ;348.1751947;14.5913242;;;;;
20.01.2021 07:59;-1.8;21.8; 13.12 ; 5.25 ;346.5853536;14.5913242;;;;;
20.01.2021 08:59;-1.6;21.6; 13.00 ; 5.25 ;343.4056715;14.5913242;;;;;
20.01.2021 09:59;-1.3;21.3; 12.82 ; 5.25 ;338.6361483;14.5913242;;;;;
20.01.2021 10:59;-1.1;21.1; 12.70 ; 5.25 ;335.4564661;14.5913242;;;;;
20.01.2021 11:59;-1.1;21.1; 12.70 ; 5.25 ;335.4564661;14.5913242;;;;;
20.01.2021 12:59;0.3;19.7; 11.86 ; 5.25 ;313.1986911;14.5913242;;;;;
20.01.2021 13:59;1;19; 11.44 ; 5.25 ;302.0698036;14.5913242;;;;;
20.01.2021 14:59;1.2;18.8; 11.32 ; 5.25 ;298.8901215;14.5913242;;;;;
20.01.2021 15:59;0.9;19.1; 11.50 ; 5.25 ;303.6596447;14.5913242;;;;;
20.01.2021 16:59;0.3;19.7; 11.86 ; 5.25 ;313.1986911;14.5913242;;;;;
20.01.2021 17:59;0;20; 12.04 ; 5.25 ;317.9682143;14.5913242;;;;;
20.01.2021 18:59;-0.4;20.4; 12.28 ; 5.25 ;324.3275786;14.5913242;;;;;
20.01.2021 19:59;-0.8;20.8; 12.52 ; 5.25 ;330.6869429;14.5913242;;;;;
20.01.2021 20:59;-1.1;21.1; 12.70 ; 5.25 ;335.4564661;14.5913242;;;;;
20.01.2021 21:59;-1.5;21.5; 12.94 ; 5.25 ;341.8158304;14.5913242;;;;;
20.01.2021 22:59;-1.9;21.9; 13.18 ; 5.25 ;348.1751947;14.5913242;;;;;
20.01.2021 23:59;-2.2;22.2; 13.37 ; 5.25 ;352.9447179;14.5913242;;;;;
21.01.2021 00:59;-2.4;22.4; 13.49 ; 5.25 ;356.1244;14.5913242;;;;;
21.01.2021 01:59;-2.6;22.6; 13.61 ; 5.25 ;359.3040822;14.5913242;;;;;
21.01.2021 02:59;-2.8;22.8; 13.73 ; 5.25 ;362.4837643;14.5913242;;;;;
21.01.2021 03:59;-2.9;22.9; 13.79 ; 5.25 ;364.0736054;14.5913242;;;;;
21.01.2021 04:59;-3;23; 13.85 ; 5.25 ;365.6634465;14.5913242;;;;;
21.01.2021 05:59;-3;23; 13.85 ; 5.25 ;365.6634465;14.5913242;;;;;
21.01.2021 06:59;-3.1;23.1; 13.91 ; 5.25 ;367.2532875;14.5913242;;;;;
21.01.2021 07:59;-2.5;22.5; 13.55 ; 5.25 ;357.7142411;14.5913242;;;;;
21.01.2021 08:59;-1.4;21.4; 12.88 ; 5.25 ;340.2259893;14.5913242;;;;;
21.01.2021 09:59;-0.4;20.4; 12.28 ; 5.25 ;324.3275786;14.5913242;;;;;
21.01.2021 10:59;1.1;18.9; 11.38 ; 5.25 ;300.4799625;14.5913242;;;;;
21.01.2021 11:59;1.7;18.3; 11.02 ; 5.25 ;290.9409161;14.5913242;;;;;
21.01.2021 12:59;1.8;18.2; 10.96 ; 5.25 ;289.351075;14.5913242;;;;;
21.01.2021 13:59;1.1;18.9; 11.38 ; 5.25 ;300.4799625;14.5913242;;;;;
21.01.2021 14:59;0.3;19.7; 11.86 ; 5.25 ;313.1986911;14.5913242;;;;;
21.01.2021 15:59;-0.3;20.3; 12.22 ; 5.25 ;322.7377375;14.5913242;;;;;
21.01.2021 16:59;-0.8;20.8; 12.52 ; 5.25 ;330.6869429;14.5913242;;;;;
21.01.2021 17:59;-1.2;21.2; 12.76 ; 5.25 ;337.0463072;14.5913242;;;;;
21.01.2021 18:59;-1.6;21.6; 13.00 ; 5.25 ;343.4056715;14.5913242;;;;;
21.01.2021 19:59;-2;22; 13.24 ; 5.25 ;349.7650358;14.5913242;;;;;
21.01.2021 20:59;-2.4;22.4; 13.49 ; 5.25 ;356.1244;14.5913242;;;;;
21.01.2021 21:59;-2.8;22.8; 13.73 ; 5.25 ;362.4837643;14.5913242;;;;;
21.01.2021 22:59;-3.1;23.1; 13.91 ; 5.25 ;367.2532875;14.5913242;;;;;
21.01.2021 23:59;-3.7;23.7; 14.27 ; 5.25 ;376.792334;14.5913242;;;;;
22.01.2021 00:59;-4.3;24.3; 14.63 ; 5.25 ;386.3313804;14.5913242;;;;;
22.01.2021 01:59;-5;25; 15.05 ; 5.25 ;397.4602679;14.5913242;;;;;
22.01.2021 02:59;-5.4;25.4; 15.29 ; 5.25 ;403.8196322;14.5913242;;;;;
22.01.2021 03:59;-5.8;25.8; 15.53 ; 5.25 ;410.1789965;14.5913242;;;;;
22.01.2021 04:59;-6.2;26.2; 15.77 ; 5.25 ;416.5383608;14.5913242;;;;;
22.01.2021 05:59;-6.5;26.5; 15.95 ; 5.25 ;421.307884;14.5913242;;;;;
22.01.2021 06:59;-6.8;26.8; 16.13 ; 5.25 ;426.0774072;14.5913242;;;;;
22.01.2021 07:59;-6.4;26.4; 15.89 ; 5.25 ;419.7180429;14.5913242;;;;;
22.01.2021 08:59;-4.8;24.8; 14.93 ; 5.25 ;394.2805858;14.5913242;;;;;
22.01.2021 09:59;-3.8;23.8; 14.33 ; 5.25 ;378.382175;14.5913242;;;;;
22.01.2021 10:59;-3.1;23.1; 13.91 ; 5.25 ;367.2532875;14.5913242;;;;;
22.01.2021 11:59;-2.5;22.5; 13.55 ; 5.25 ;357.7142411;14.5913242;;;;;
22.01.2021 12:59;-2.1;22.1; 13.31 ; 5.25 ;351.3548768;14.5913242;;;;;
22.01.2021 13:59;-1.9;21.9; 13.18 ; 5.25 ;348.1751947;14.5913242;;;;;
22.01.2021 14:59;-2.4;22.4; 13.49 ; 5.25 ;356.1244;14.5913242;;;;;
22.01.2021 15:59;-3.2;23.2; 13.97 ; 5.25 ;368.8431286;14.5913242;;;;;
22.01.2021 16:59;-4.2;24.2; 14.57 ; 5.25 ;384.7415393;14.5913242;;;;;
22.01.2021 17:59;-4.6;24.6; 14.81 ; 5.25 ;391.1009036;14.5913242;;;;;
22.01.2021 18:59;-5;25; 15.05 ; 5.25 ;397.4602679;14.5913242;;;;;
22.01.2021 19:59;-5.4;25.4; 15.29 ; 5.25 ;403.8196322;14.5913242;;;;;
22.01.2021 20:59;-5.8;25.8; 15.53 ; 5.25 ;410.1789965;14.5913242;;;;;
22.01.2021 21:59;-6.2;26.2; 15.77 ; 5.25 ;416.5383608;14.5913242;;;;;
22.01.2021 22:59;-6.6;26.6; 16.01 ; 5.25 ;422.8977251;14.5913242;;;;;
22.01.2021 23:59;-6.5;26.5; 15.95 ; 5.25 ;421.307884;14.5913242;;;;;
23.01.2021 00:59;-6.3;26.3; 15.83 ; 5.25 ;418.1282018;14.5913242;;;;;
23.01.2021 01:59;-6.1;26.1; 15.71 ; 5.25 ;414.9485197;14.5913242;;;;;
23.01.2021 02:59;-6;26; 15.65 ; 5.25 ;413.3586786;14.5913242;;;;;
23.01.2021 03:59;-5.9;25.9; 15.59 ; 5.25 ;411.7688376;14.5913242;;;;;
23.01.2021 04:59;-5.7;25.7; 15.47 ; 5.25 ;408.5891554;14.5913242;;;;;
23.01.2021 05:59;-5.6;25.6; 15.41 ; 5.25 ;406.9993143;14.5913242;;;;;
23.01.2021 06:59;-5.5;25.5; 15.35 ; 5.25 ;405.4094733;14.5913242;;;;;
23.01.2021 07:59;-4.8;24.8; 14.93 ; 5.25 ;394.2805858;14.5913242;;;;;
23.01.2021 08:59;-1.1;21.1; 12.70 ; 5.25 ;335.4564661;14.5913242;;;;;
23.01.2021 09:59;1.9;18.1; 10.90 ; 5.25 ;287.761234;14.5913242;;;;;
23.01.2021 10:59;4.5;15.5; 9.33 ; 5.25 ;246.4253661;14.5913242;;;;;
23.01.2021 11:59;6.4;13.6; 8.19 ; 5.25 ;216.2183857;14.5913242;;;;;
23.01.2021 12:59;7.5;12.5; 7.53 ; 5.25 ;198.730134;14.5913242;;;;;
23.01.2021 13:59;7.9;12.1; 7.28 ; 5.25 ;192.3707697;14.5913242;;;;;
23.01.2021 14:59;7.2;12.8; 7.71 ; 5.25 ;203.4996572;14.5913242;;;;;
23.01.2021 15:59;5.5;14.5; 8.73 ; 5.25 ;230.5269554;14.5913242;;;;;
23.01.2021 16:59;3.7;16.3; 9.81 ; 5.25 ;259.1440947;14.5913242;;;;;
23.01.2021 17:59;3.3;16.7; 10.05 ; 5.25 ;265.503459;14.5913242;;;;;
23.01.2021 18:59;3;17; 10.23 ; 5.25 ;270.2729822;14.5913242;;;;;
23.01.2021 19:59;2.7;17.3; 10.42 ; 5.25 ;275.0425054;14.5913242;;;;;
23.01.2021 20:59;2.4;17.6; 10.60 ; 5.25 ;279.8120286;14.5913242;;;;;
23.01.2021 21:59;2.1;17.9; 10.78 ; 5.25 ;284.5815518;14.5913242;;;;;
23.01.2021 22:59;1.8;18.2; 10.96 ; 5.25 ;289.351075;14.5913242;;;;;
23.01.2021 23:59;1.1;18.9; 11.38 ; 5.25 ;300.4799625;14.5913242;;;;;
24.01.2021 00:59;0.4;19.6; 11.80 ; 5.25 ;311.60885;14.5913242;;;;;
24.01.2021 01:59;-0.3;20.3; 12.22 ; 5.25 ;322.7377375;14.5913242;;;;;
24.01.2021 02:59;-0.7;20.7; 12.46 ; 5.25 ;329.0971018;14.5913242;;;;;
24.01.2021 03:59;-1.1;21.1; 12.70 ; 5.25 ;335.4564661;14.5913242;;;;;
24.01.2021 04:59;-1.5;21.5; 12.94 ; 5.25 ;341.8158304;14.5913242;;;;;
24.01.2021 05:59;-1.8;21.8; 13.12 ; 5.25 ;346.5853536;14.5913242;;;;;
24.01.2021 06:59;-2.1;22.1; 13.31 ; 5.25 ;351.3548768;14.5913242;;;;;
24.01.2021 07:59;-1.8;21.8; 13.12 ; 5.25 ;346.5853536;14.5913242;;;;;
24.01.2021 08:59;0.3;19.7; 11.86 ; 5.25 ;313.1986911;14.5913242;;;;;
24.01.2021 09:59;2.2;17.8; 10.72 ; 5.25 ;282.9917108;14.5913242;;;;;
24.01.2021 10:59;3.9;16.1; 9.69 ; 5.25 ;255.9644125;14.5913242;;;;;
24.01.2021 11:59;5.4;14.6; 8.79 ; 5.25 ;232.1167965;14.5913242;;;;;
24.01.2021 12:59;5.9;14.1; 8.49 ; 5.25 ;224.1675911;14.5913242;;;;;
24.01.2021 13:59;5.8;14.2; 8.55 ; 5.25 ;225.7574322;14.5913242;;;;;
24.01.2021 14:59;5.1;14.9; 8.97 ; 5.25 ;236.8863197;14.5913242;;;;;
24.01.2021 15:59;4;16; 9.63 ; 5.25 ;254.3745715;14.5913242;;;;;
24.01.2021 16:59;2.7;17.3; 10.42 ; 5.25 ;275.0425054;14.5913242;;;;;
24.01.2021 17:59;2.5;17.5; 10.54 ; 5.25 ;278.2221875;14.5913242;;;;;
24.01.2021 18:59;2.4;17.6; 10.60 ; 5.25 ;279.8120286;14.5913242;;;;;
24.01.2021 19:59;2.3;17.7; 10.66 ; 5.25 ;281.4018697;14.5913242;;;;;
24.01.2021 20:59;2.1;17.9; 10.78 ; 5.25 ;284.5815518;14.5913242;;;;;
24.01.2021 21:59;2;18; 10.84 ; 5.25 ;286.1713929;14.5913242;;;;;
24.01.2021 22:59;1.8;18.2; 10.96 ; 5.25 ;289.351075;14.5913242;;;;;
24.01.2021 23:59;2;18; 10.84 ; 5.25 ;286.1713929;14.5913242;;;;;
25.01.2021 00:59;2.1;17.9; 10.78 ; 5.25 ;284.5815518;14.5913242;;;;;
25.01.2021 01:59;2.2;17.8; 10.72 ; 5.25 ;282.9917108;14.5913242;;;;;
25.01.2021 02:59;2.4;17.6; 10.60 ; 5.25 ;279.8120286;14.5913242;;;;;
25.01.2021 03:59;2.4;17.6; 10.60 ; 5.25 ;279.8120286;14.5913242;;;;;
25.01.2021 04:59;2.5;17.5; 10.54 ; 5.25 ;278.2221875;14.5913242;;;;;
25.01.2021 05:59;2.6;17.4; 10.48 ; 5.25 ;276.6323465;14.5913242;;;;;
25.01.2021 06:59;2.6;17.4; 10.48 ; 5.25 ;276.6323465;14.5913242;;;;;
25.01.2021 07:59;2.9;17.1; 10.29 ; 5.25 ;271.8628233;14.5913242;;;;;
25.01.2021 08:59;3.4;16.6; 9.99 ; 5.25 ;263.9136179;14.5913242;;;;;
25.01.2021 09:59;3.8;16.2; 9.75 ; 5.25 ;257.5542536;14.5913242;;;;;
25.01.2021 10:59;4.1;15.9; 9.57 ; 5.25 ;252.7847304;14.5913242;;;;;
25.01.2021 11:59;4.3;15.7; 9.45 ; 5.25 ;249.6050482;14.5913242;;;;;
25.01.2021 12:59;4.4;15.6; 9.39 ; 5.25 ;248.0152072;14.5913242;;;;;
25.01.2021 13:59;4.5;15.5; 9.33 ; 5.25 ;246.4253661;14.5913242;;;;;
25.01.2021 14:59;4.3;15.7; 9.45 ; 5.25 ;249.6050482;14.5913242;;;;;
25.01.2021 15:59;4.3;15.7; 9.45 ; 5.25 ;249.6050482;14.5913242;;;;;
25.01.2021 16:59;3.7;16.3; 9.81 ; 5.25 ;259.1440947;14.5913242;;;;;
25.01.2021 17:59;3.4;16.6; 9.99 ; 5.25 ;263.9136179;14.5913242;;;;;
25.01.2021 18:59;2.7;17.3; 10.42 ; 5.25 ;275.0425054;14.5913242;;;;;
25.01.2021 19:59;3.7;16.3; 9.81 ; 5.25 ;259.1440947;14.5913242;;;;;
25.01.2021 20:59;4;16; 9.63 ; 5.25 ;254.3745715;14.5913242;;;;;
25.01.2021 21:59;4.1;15.9; 9.57 ; 5.25 ;252.7847304;14.5913242;;;;;
25.01.2021 22:59;4.1;15.9; 9.57 ; 5.25 ;252.7847304;14.5913242;;;;;
25.01.2021 23:59;4.1;15.9; 9.57 ; 5.25 ;252.7847304;14.5913242;;;;;
26.01.2021 00:59;4.1;15.9; 9.57 ; 5.25 ;252.7847304;14.5913242;;;;;
26.01.2021 01:59;4.1;15.9; 9.57 ; 5.25 ;252.7847304;14.5913242;;;;;
26.01.2021 02:59;4.1;15.9; 9.57 ; 5.25 ;252.7847304;14.5913242;;;;;
26.01.2021 03:59;4.1;15.9; 9.57 ; 5.25 ;252.7847304;14.5913242;;;;;
26.01.2021 04:59;4.2;15.8; 9.51 ; 5.25 ;251.1948893;14.5913242;;;;;
26.01.2021 05:59;4.2;15.8; 9.51 ; 5.25 ;251.1948893;14.5913242;;;;;
26.01.2021 06:59;4.2;15.8; 9.51 ; 5.25 ;251.1948893;14.5913242;;;;;
26.01.2021 07:59;4.8;15.2; 9.15 ; 5.25 ;241.6558429;14.5913242;;;;;
26.01.2021 08:59;6.9;13.1; 7.89 ; 5.25 ;208.2691804;14.5913242;;;;;
26.01.2021 09:59;8.8;11.2; 6.74 ; 5.25 ;178.0622;14.5913242;;;;;
26.01.2021 10:59;10;10; 6.02 ; 5.25 ;158.9841072;14.5913242;;;;;
26.01.2021 11:59;11.6;8.4; 5.06 ; 5.25 ;133.54665;14.5913242;;;;;
26.01.2021 12:59;12.7;7.3; 4.39 ; 5.25 ;116.0583982;14.5913242;;;;;
26.01.2021 13:59;13.3;6.7; 4.03 ; 5.25 ;106.5193518;14.5913242;;;;;
26.01.2021 14:59;13.3;6.7; 4.03 ; 5.25 ;106.5193518;14.5913242;;;;;
26.01.2021 15:59;12.5;7.5; 4.52 ; 5.25 ;119.2380804;14.5913242;;;;;
26.01.2021 16:59;11.2;8.8; 5.30 ; 5.25 ;139.9060143;14.5913242;;;;;
26.01.2021 17:59;10.8;9.2; 5.54 ; 5.25 ;146.2653786;14.5913242;;;;;
26.01.2021 18:59;10.4;9.6; 5.78 ; 5.25 ;152.6247429;14.5913242;;;;;
26.01.2021 19:59;10.1;9.9; 5.96 ; 5.25 ;157.3942661;14.5913242;;;;;
26.01.2021 20:59;9.7;10.3; 6.20 ; 5.25 ;163.7536304;14.5913242;;;;;
26.01.2021 21:59;9.3;10.7; 6.44 ; 5.25 ;170.1129947;14.5913242;;;;;
26.01.2021 22:59;9;11; 6.62 ; 5.25 ;174.8825179;14.5913242;;;;;
26.01.2021 23:59;8.3;11.7; 7.04 ; 5.25 ;186.0114054;14.5913242;;;;;
27.01.2021 00:59;7.6;12.4; 7.47 ; 5.25 ;197.1402929;14.5913242;;;;;
27.01.2021 01:59;6.9;13.1; 7.89 ; 5.25 ;208.2691804;14.5913242;;;;;
27.01.2021 02:59;6.5;13.5; 8.13 ; 5.25 ;214.6285447;14.5913242;;;;;
27.01.2021 03:59;6;14; 8.43 ; 5.25 ;222.57775;14.5913242;;;;;
27.01.2021 04:59;5.6;14.4; 8.67 ; 5.25 ;228.9371143;14.5913242;;;;;
27.01.2021 05:59;5.3;14.7; 8.85 ; 5.25 ;233.7066375;14.5913242;;;;;
27.01.2021 06:59;5;15; 9.03 ; 5.25 ;238.4761607;14.5913242;;;;;
27.01.2021 07:59;5;15; 9.03 ; 5.25 ;238.4761607;14.5913242;;;;;
27.01.2021 08:59;4.9;15.1; 9.09 ; 5.25 ;240.0660018;14.5913242;;;;;
27.01.2021 09:59;4.9;15.1; 9.09 ; 5.25 ;240.0660018;14.5913242;;;;;
27.01.2021 10:59;4.8;15.2; 9.15 ; 5.25 ;241.6558429;14.5913242;;;;;
27.01.2021 11:59;4.7;15.3; 9.21 ; 5.25 ;243.245684;14.5913242;;;;;
27.01.2021 12:59;4.6;15.4; 9.27 ; 5.25 ;244.835525;14.5913242;;;;;
27.01.2021 13:59;4.5;15.5; 9.33 ; 5.25 ;246.4253661;14.5913242;;;;;
27.01.2021 14:59;4.5;15.5; 9.33 ; 5.25 ;246.4253661;14.5913242;;;;;
27.01.2021 15:59;4.4;15.6; 9.39 ; 5.25 ;248.0152072;14.5913242;;;;;
27.01.2021 16:59;4.2;15.8; 9.51 ; 5.25 ;251.1948893;14.5913242;;;;;
27.01.2021 17:59;3.8;16.2; 9.75 ; 5.25 ;257.5542536;14.5913242;;;;;
27.01.2021 18:59;3.4;16.6; 9.99 ; 5.25 ;263.9136179;14.5913242;;;;;
27.01.2021 19:59;2.8;17.2; 10.36 ; 5.25 ;273.4526643;14.5913242;;;;;
27.01.2021 20:59;2.5;17.5; 10.54 ; 5.25 ;278.2221875;14.5913242;;;;;
27.01.2021 21:59;2.2;17.8; 10.72 ; 5.25 ;282.9917108;14.5913242;;;;;
27.01.2021 22:59;1.2;18.8; 11.32 ; 5.25 ;298.8901215;14.5913242;;;;;
27.01.2021 23:59;1.8;18.2; 10.96 ; 5.25 ;289.351075;14.5913242;;;;;
28.01.2021 00:59;1.3;18.7; 11.26 ; 5.25 ;297.3002804;14.5913242;;;;;
28.01.2021 01:59;1.3;18.7; 11.26 ; 5.25 ;297.3002804;14.5913242;;;;;
28.01.2021 02:59;1.2;18.8; 11.32 ; 5.25 ;298.8901215;14.5913242;;;;;
28.01.2021 03:59;1.1;18.9; 11.38 ; 5.25 ;300.4799625;14.5913242;;;;;
28.01.2021 04:59;1;19; 11.44 ; 5.25 ;302.0698036;14.5913242;;;;;
28.01.2021 05:59;0.9;19.1; 11.50 ; 5.25 ;303.6596447;14.5913242;;;;;
28.01.2021 06:59;0.9;19.1; 11.50 ; 5.25 ;303.6596447;14.5913242;;;;;
28.01.2021 07:59;1;19; 11.44 ; 5.25 ;302.0698036;14.5913242;;;;;
28.01.2021 08:59;1.9;18.1; 10.90 ; 5.25 ;287.761234;14.5913242;;;;;
28.01.2021 09:59;2.9;17.1; 10.29 ; 5.25 ;271.8628233;14.5913242;;;;;
28.01.2021 10:59;3.5;16.5; 9.93 ; 5.25 ;262.3237768;14.5913242;;;;;
28.01.2021 11:59;4;16; 9.63 ; 5.25 ;254.3745715;14.5913242;;;;;
28.01.2021 12:59;4.1;15.9; 9.57 ; 5.25 ;252.7847304;14.5913242;;;;;
28.01.2021 13:59;3.9;16.1; 9.69 ; 5.25 ;255.9644125;14.5913242;;;;;
28.01.2021 14:59;3.5;16.5; 9.93 ; 5.25 ;262.3237768;14.5913242;;;;;
28.01.2021 15:59;3;17; 10.23 ; 5.25 ;270.2729822;14.5913242;;;;;
28.01.2021 16:59;2.6;17.4; 10.48 ; 5.25 ;276.6323465;14.5913242;;;;;
28.01.2021 17:59;2.2;17.8; 10.72 ; 5.25 ;282.9917108;14.5913242;;;;;
28.01.2021 18:59;1.9;18.1; 10.90 ; 5.25 ;287.761234;14.5913242;;;;;
28.01.2021 19:59;1.5;18.5; 11.14 ; 5.25 ;294.1205983;14.5913242;;;;;
28.01.2021 20:59;1.1;18.9; 11.38 ; 5.25 ;300.4799625;14.5913242;;;;;
28.01.2021 21:59;0.7;19.3; 11.62 ; 5.25 ;306.8393268;14.5913242;;;;;
28.01.2021 22:59;0.4;19.6; 11.80 ; 5.25 ;311.60885;14.5913242;;;;;
28.01.2021 23:59;-0.4;20.4; 12.28 ; 5.25 ;324.3275786;14.5913242;;;;;
29.01.2021 00:59;-1.3;21.3; 12.82 ; 5.25 ;338.6361483;14.5913242;;;;;
29.01.2021 01:59;-2.2;22.2; 13.37 ; 5.25 ;352.9447179;14.5913242;;;;;
29.01.2021 02:59;-2.7;22.7; 13.67 ; 5.25 ;360.8939233;14.5913242;;;;;
29.01.2021 03:59;-3.2;23.2; 13.97 ; 5.25 ;368.8431286;14.5913242;;;;;
29.01.2021 04:59;-3.7;23.7; 14.27 ; 5.25 ;376.792334;14.5913242;;;;;
29.01.2021 05:59;-4.1;24.1; 14.51 ; 5.25 ;383.1516983;14.5913242;;;;;
29.01.2021 06:59;-4.4;24.4; 14.69 ; 5.25 ;387.9212215;14.5913242;;;;;
29.01.2021 07:59;-4.1;24.1; 14.51 ; 5.25 ;383.1516983;14.5913242;;;;;
29.01.2021 08:59;-3;23; 13.85 ; 5.25 ;365.6634465;14.5913242;;;;;
29.01.2021 09:59;-1.9;21.9; 13.18 ; 5.25 ;348.1751947;14.5913242;;;;;
29.01.2021 10:59;-1;21; 12.64 ; 5.25 ;333.866625;14.5913242;;;;;
29.01.2021 11:59;-0.5;20.5; 12.34 ; 5.25 ;325.9174197;14.5913242;;;;;
29.01.2021 12:59;-1.4;21.4; 12.88 ; 5.25 ;340.2259893;14.5913242;;;;;
29.01.2021 13:59;-1.4;21.4; 12.88 ; 5.25 ;340.2259893;14.5913242;;;;;
29.01.2021 14:59;-1.3;21.3; 12.82 ; 5.25 ;338.6361483;14.5913242;;;;;
29.01.2021 15:59;-2;22; 13.24 ; 5.25 ;349.7650358;14.5913242;;;;;
29.01.2021 16:59;-2.8;22.8; 13.73 ; 5.25 ;362.4837643;14.5913242;;;;;
29.01.2021 17:59;-2.9;22.9; 13.79 ; 5.25 ;364.0736054;14.5913242;;;;;
29.01.2021 18:59;-3.1;23.1; 13.91 ; 5.25 ;367.2532875;14.5913242;;;;;
29.01.2021 19:59;-3.3;23.3; 14.03 ; 5.25 ;370.4329697;14.5913242;;;;;
29.01.2021 20:59;-3.5;23.5; 14.15 ; 5.25 ;373.6126518;14.5913242;;;;;
29.01.2021 21:59;-3.7;23.7; 14.27 ; 5.25 ;376.792334;14.5913242;;;;;
29.01.2021 22:59;-3.9;23.9; 14.39 ; 5.25 ;379.9720161;14.5913242;;;;;
29.01.2021 23:59;-3.7;23.7; 14.27 ; 5.25 ;376.792334;14.5913242;;;;;
30.01.2021 00:59;-3.4;23.4; 14.09 ; 5.25 ;372.0228108;14.5913242;;;;;
30.01.2021 01:59;-3.1;23.1; 13.91 ; 5.25 ;367.2532875;14.5913242;;;;;
30.01.2021 02:59;-2.9;22.9; 13.79 ; 5.25 ;364.0736054;14.5913242;;;;;
30.01.2021 03:59;-2.7;22.7; 13.67 ; 5.25 ;360.8939233;14.5913242;;;;;
30.01.2021 04:59;-2.5;22.5; 13.55 ; 5.25 ;357.7142411;14.5913242;;;;;
30.01.2021 05:59;-2.4;22.4; 13.49 ; 5.25 ;356.1244;14.5913242;;;;;
30.01.2021 06:59;-2.2;22.2; 13.37 ; 5.25 ;352.9447179;14.5913242;;;;;
30.01.2021 07:59;-1.5;21.5; 12.94 ; 5.25 ;341.8158304;14.5913242;;;;;
30.01.2021 08:59;0.5;19.5; 11.74 ; 5.25 ;310.019009;14.5913242;;;;;
30.01.2021 09:59;0.9;19.1; 11.50 ; 5.25 ;303.6596447;14.5913242;;;;;
30.01.2021 10:59;0.9;19.1; 11.50 ; 5.25 ;303.6596447;14.5913242;;;;;
30.01.2021 11:59;0.8;19.2; 11.56 ; 5.25 ;305.2494858;14.5913242;;;;;
30.01.2021 12:59;2.4;17.6; 10.60 ; 5.25 ;279.8120286;14.5913242;;;;;
30.01.2021 13:59;4.2;15.8; 9.51 ; 5.25 ;251.1948893;14.5913242;;;;;
30.01.2021 14:59;4.7;15.3; 9.21 ; 5.25 ;243.245684;14.5913242;;;;;
30.01.2021 15:59;4;16; 9.63 ; 5.25 ;254.3745715;14.5913242;;;;;
30.01.2021 16:59;3.1;16.9; 10.17 ; 5.25 ;268.6831411;14.5913242;;;;;
30.01.2021 17:59;3;17; 10.23 ; 5.25 ;270.2729822;14.5913242;;;;;
30.01.2021 18:59;3;17; 10.23 ; 5.25 ;270.2729822;14.5913242;;;;;
30.01.2021 19:59;2.9;17.1; 10.29 ; 5.25 ;271.8628233;14.5913242;;;;;
30.01.2021 20:59;2.8;17.2; 10.36 ; 5.25 ;273.4526643;14.5913242;;;;;
30.01.2021 21:59;2.8;17.2; 10.36 ; 5.25 ;273.4526643;14.5913242;;;;;
30.01.2021 22:59;2.7;17.3; 10.42 ; 5.25 ;275.0425054;14.5913242;;;;;
30.01.2021 23:59;2.2;17.8; 10.72 ; 5.25 ;282.9917108;14.5913242;;;;;
31.01.2021 00:59;1.8;18.2; 10.96 ; 5.25 ;289.351075;14.5913242;;;;;
31.01.2021 01:59;1.3;18.7; 11.26 ; 5.25 ;297.3002804;14.5913242;;;;;
31.01.2021 02:59;1;19; 11.44 ; 5.25 ;302.0698036;14.5913242;;;;;
31.01.2021 03:59;0.8;19.2; 11.56 ; 5.25 ;305.2494858;14.5913242;;;;;
31.01.2021 04:59;0.6;19.4; 11.68 ; 5.25 ;308.4291679;14.5913242;;;;;
31.01.2021 05:59;0.4;19.6; 11.80 ; 5.25 ;311.60885;14.5913242;;;;;
31.01.2021 06:59;0.4;19.6; 11.80 ; 5.25 ;311.60885;14.5913242;;;;;
31.01.2021 07:59;0.9;19.1; 11.50 ; 5.25 ;303.6596447;14.5913242;;;;;
31.01.2021 08:59;2.5;17.5; 10.54 ; 5.25 ;278.2221875;14.5913242;;;;;
31.01.2021 09:59;3.8;16.2; 9.75 ; 5.25 ;257.5542536;14.5913242;;;;;
31.01.2021 10:59;5;15; 9.03 ; 5.25 ;238.4761607;14.5913242;;;;;
31.01.2021 11:59;4.4;15.6; 9.39 ; 5.25 ;248.0152072;14.5913242;;;;;
31.01.2021 12:59;4.9;15.1; 9.09 ; 5.25 ;240.0660018;14.5913242;;;;;
31.01.2021 13:59;5.1;14.9; 8.97 ; 5.25 ;236.8863197;14.5913242;;;;;
31.01.2021 14:59;4.5;15.5; 9.33 ; 5.25 ;246.4253661;14.5913242;;;;;
31.01.2021 15:59;3.7;16.3; 9.81 ; 5.25 ;259.1440947;14.5913242;;;;;
31.01.2021 16:59;3;17; 10.23 ; 5.25 ;270.2729822;14.5913242;;;;;
31.01.2021 17:59;3;17; 10.23 ; 5.25 ;270.2729822;14.5913242;;;;;
31.01.2021 18:59;2.9;17.1; 10.29 ; 5.25 ;271.8628233;14.5913242;;;;;
31.01.2021 19:59;2.9;17.1; 10.29 ; 5.25 ;271.8628233;14.5913242;;;;;
31.01.2021 20:59;2.8;17.2; 10.36 ; 5.25 ;273.4526643;14.5913242;;;;;
31.01.2021 21:59;2.8;17.2; 10.36 ; 5.25 ;273.4526643;14.5913242;;;;;
31.01.2021 22:59;2.8;17.2; 10.36 ; 5.25 ;273.4526643;14.5913242;;;;;
31.01.2021 23:59;2.8;17.2; 10.36 ; 5.25 ;273.4526643;14.5913242;;;;;
01.02.2021 00:59;3.1;16.9; 10.17 ; 5.25 ;268.6831411;14.5913242;;;;;
01.02.2021 01:59;3.3;16.7; 10.05 ; 5.25 ;265.503459;14.5913242;;;;;
01.02.2021 02:59;3.4;16.6; 9.99 ; 5.25 ;263.9136179;14.5913242;;;;;
01.02.2021 03:59;3.5;16.5; 9.93 ; 5.25 ;262.3237768;14.5913242;;;;;
01.02.2021 04:59;3.6;16.4; 9.87 ; 5.25 ;260.7339357;14.5913242;;;;;
01.02.2021 05:59;3.7;16.3; 9.81 ; 5.25 ;259.1440947;14.5913242;;;;;
01.02.2021 06:59;3.8;16.2; 9.75 ; 5.25 ;257.5542536;14.5913242;;;;;
01.02.2021 07:59;4.2;15.8; 9.51 ; 5.25 ;251.1948893;14.5913242;;;;;
01.02.2021 08:59;5.4;14.6; 8.79 ; 5.25 ;232.1167965;14.5913242;;;;;
01.02.2021 09:59;6.3;13.7; 8.25 ; 5.25 ;217.8082268;14.5913242;;;;;
01.02.2021 10:59;7.2;12.8; 7.71 ; 5.25 ;203.4996572;14.5913242;;;;;
01.02.2021 11:59;8.3;11.7; 7.04 ; 5.25 ;186.0114054;14.5913242;;;;;
01.02.2021 12:59;8.7;11.3; 6.80 ; 5.25 ;179.6520411;14.5913242;;;;;
01.02.2021 13:59;9;11; 6.62 ; 5.25 ;174.8825179;14.5913242;;;;;
01.02.2021 14:59;8.4;11.6; 6.98 ; 5.25 ;184.4215643;14.5913242;;;;;
01.02.2021 15:59;7.9;12.1; 7.28 ; 5.25 ;192.3707697;14.5913242;;;;;
01.02.2021 16:59;7.3;12.7; 7.65 ; 5.25 ;201.9098161;14.5913242;;;;;
01.02.2021 17:59;7.1;12.9; 7.77 ; 5.25 ;205.0894982;14.5913242;;;;;
01.02.2021 18:59;6.9;13.1; 7.89 ; 5.25 ;208.2691804;14.5913242;;;;;
01.02.2021 19:59;6.6;13.4; 8.07 ; 5.25 ;213.0387036;14.5913242;;;;;
01.02.2021 20:59;6.4;13.6; 8.19 ; 5.25 ;216.2183857;14.5913242;;;;;
01.02.2021 21:59;6.2;13.8; 8.31 ; 5.25 ;219.3980679;14.5913242;;;;;
01.02.2021 22:59;5.9;14.1; 8.49 ; 5.25 ;224.1675911;14.5913242;;;;;
01.02.2021 23:59;5.4;14.6; 8.79 ; 5.25 ;232.1167965;14.5913242;;;;;
02.02.2021 00:59;4.9;15.1; 9.09 ; 5.25 ;240.0660018;14.5913242;;;;;
02.02.2021 01:59;4.4;15.6; 9.39 ; 5.25 ;248.0152072;14.5913242;;;;;
02.02.2021 02:59;4.1;15.9; 9.57 ; 5.25 ;252.7847304;14.5913242;;;;;
02.02.2021 03:59;3.8;16.2; 9.75 ; 5.25 ;257.5542536;14.5913242;;;;;
02.02.2021 04:59;3.6;16.4; 9.87 ; 5.25 ;260.7339357;14.5913242;;;;;
02.02.2021 05:59;3.4;16.6; 9.99 ; 5.25 ;263.9136179;14.5913242;;;;;
02.02.2021 06:59;3.4;16.6; 9.99 ; 5.25 ;263.9136179;14.5913242;;;;;
02.02.2021 07:59;3.5;16.5; 9.93 ; 5.25 ;262.3237768;14.5913242;;;;;
02.02.2021 08:59;3.6;16.4; 9.87 ; 5.25 ;260.7339357;14.5913242;;;;;
02.02.2021 09:59;4.3;15.7; 9.45 ; 5.25 ;249.6050482;14.5913242;;;;;
02.02.2021 10:59;4.6;15.4; 9.27 ; 5.25 ;244.835525;14.5913242;;;;;
02.02.2021 11:59;5.1;14.9; 8.97 ; 5.25 ;236.8863197;14.5913242;;;;;
02.02.2021 12:59;5.8;14.2; 8.55 ; 5.25 ;225.7574322;14.5913242;;;;;
02.02.2021 13:59;6.6;13.4; 8.07 ; 5.25 ;213.0387036;14.5913242;;;;;
02.02.2021 14:59;6.8;13.2; 7.95 ; 5.25 ;209.8590215;14.5913242;;;;;
02.02.2021 15:59;6.5;13.5; 8.13 ; 5.25 ;214.6285447;14.5913242;;;;;
02.02.2021 16:59;5.9;14.1; 8.49 ; 5.25 ;224.1675911;14.5913242;;;;;
02.02.2021 17:59;5.6;14.4; 8.67 ; 5.25 ;228.9371143;14.5913242;;;;;
02.02.2021 18:59;5.4;14.6; 8.79 ; 5.25 ;232.1167965;14.5913242;;;;;
02.02.2021 19:59;5.1;14.9; 8.97 ; 5.25 ;236.8863197;14.5913242;;;;;
02.02.2021 20:59;4.9;15.1; 9.09 ; 5.25 ;240.0660018;14.5913242;;;;;
02.02.2021 21:59;4.6;15.4; 9.27 ; 5.25 ;244.835525;14.5913242;;;;;
02.02.2021 22:59;4.3;15.7; 9.45 ; 5.25 ;249.6050482;14.5913242;;;;;
02.02.2021 23:59;4.2;15.8; 9.51 ; 5.25 ;251.1948893;14.5913242;;;;;
03.02.2021 00:59;4.1;15.9; 9.57 ; 5.25 ;252.7847304;14.5913242;;;;;
03.02.2021 01:59;4;16; 9.63 ; 5.25 ;254.3745715;14.5913242;;;;;
03.02.2021 02:59;3.9;16.1; 9.69 ; 5.25 ;255.9644125;14.5913242;;;;;
03.02.2021 03:59;3.9;16.1; 9.69 ; 5.25 ;255.9644125;14.5913242;;;;;
03.02.2021 04:59;3.8;16.2; 9.75 ; 5.25 ;257.5542536;14.5913242;;;;;
03.02.2021 05:59;3.8;16.2; 9.75 ; 5.25 ;257.5542536;14.5913242;;;;;
03.02.2021 06:59;3.8;16.2; 9.75 ; 5.25 ;257.5542536;14.5913242;;;;;
03.02.2021 07:59;4;16; 9.63 ; 5.25 ;254.3745715;14.5913242;;;;;
03.02.2021 08:59;4.7;15.3; 9.21 ; 5.25 ;243.245684;14.5913242;;;;;
03.02.2021 09:59;5.4;14.6; 8.79 ; 5.25 ;232.1167965;14.5913242;;;;;
03.02.2021 10:59;5.9;14.1; 8.49 ; 5.25 ;224.1675911;14.5913242;;;;;
03.02.2021 11:59;6.7;13.3; 8.01 ; 5.25 ;211.4488625;14.5913242;;;;;
03.02.2021 12:59;6.9;13.1; 7.89 ; 5.25 ;208.2691804;14.5913242;;;;;
03.02.2021 13:59;7;13; 7.83 ; 5.25 ;206.6793393;14.5913242;;;;;
03.02.2021 14:59;7;13; 7.83 ; 5.25 ;206.6793393;14.5913242;;;;;
03.02.2021 15:59;6.9;13.1; 7.89 ; 5.25 ;208.2691804;14.5913242;;;;;
03.02.2021 16:59;6.4;13.6; 8.19 ; 5.25 ;216.2183857;14.5913242;;;;;
03.02.2021 17:59;6;14; 8.43 ; 5.25 ;222.57775;14.5913242;;;;;
03.02.2021 18:59;5.6;14.4; 8.67 ; 5.25 ;228.9371143;14.5913242;;;;;
03.02.2021 19:59;5.2;14.8; 8.91 ; 5.25 ;235.2964786;14.5913242;;;;;
03.02.2021 20:59;4.9;15.1; 9.09 ; 5.25 ;240.0660018;14.5913242;;;;;
03.02.2021 21:59;4.1;15.9; 9.57 ; 5.25 ;252.7847304;14.5913242;;;;;
03.02.2021 22:59;4.1;15.9; 9.57 ; 5.25 ;252.7847304;14.5913242;;;;;
03.02.2021 23:59;3.8;16.2; 9.75 ; 5.25 ;257.5542536;14.5913242;;;;;
04.02.2021 00:59;3.4;16.6; 9.99 ; 5.25 ;263.9136179;14.5913242;;;;;
04.02.2021 01:59;3;17; 10.23 ; 5.25 ;270.2729822;14.5913242;;;;;
04.02.2021 02:59;2.9;17.1; 10.29 ; 5.25 ;271.8628233;14.5913242;;;;;
04.02.2021 03:59;2.7;17.3; 10.42 ; 5.25 ;275.0425054;14.5913242;;;;;
04.02.2021 04:59;2.5;17.5; 10.54 ; 5.25 ;278.2221875;14.5913242;;;;;
04.02.2021 05:59;2.4;17.6; 10.60 ; 5.25 ;279.8120286;14.5913242;;;;;
04.02.2021 06:59;2.4;17.6; 10.60 ; 5.25 ;279.8120286;14.5913242;;;;;
04.02.2021 07:59;2.7;17.3; 10.42 ; 5.25 ;275.0425054;14.5913242;;;;;
04.02.2021 08:59;2.7;17.3; 10.42 ; 5.25 ;275.0425054;14.5913242;;;;;
04.02.2021 09:59;3.2;16.8; 10.11 ; 5.25 ;267.0933;14.5913242;;;;;
04.02.2021 10:59;4.6;15.4; 9.27 ; 5.25 ;244.835525;14.5913242;;;;;
04.02.2021 11:59;5.4;14.6; 8.79 ; 5.25 ;232.1167965;14.5913242;;;;;
04.02.2021 12:59;6.6;13.4; 8.07 ; 5.25 ;213.0387036;14.5913242;;;;;
04.02.2021 13:59;6.9;13.1; 7.89 ; 5.25 ;208.2691804;14.5913242;;;;;
04.02.2021 14:59;6.8;13.2; 7.95 ; 5.25 ;209.8590215;14.5913242;;;;;
04.02.2021 15:59;6.4;13.6; 8.19 ; 5.25 ;216.2183857;14.5913242;;;;;
04.02.2021 16:59;5.7;14.3; 8.61 ; 5.25 ;227.3472732;14.5913242;;;;;
04.02.2021 17:59;5.3;14.7; 8.85 ; 5.25 ;233.7066375;14.5913242;;;;;
04.02.2021 18:59;4.9;15.1; 9.09 ; 5.25 ;240.0660018;14.5913242;;;;;
04.02.2021 19:59;4.4;15.6; 9.39 ; 5.25 ;248.0152072;14.5913242;;;;;
04.02.2021 20:59;4;16; 9.63 ; 5.25 ;254.3745715;14.5913242;;;;;
04.02.2021 21:59;3.6;16.4; 9.87 ; 5.25 ;260.7339357;14.5913242;;;;;
04.02.2021 22:59;3.2;16.8; 10.11 ; 5.25 ;267.0933;14.5913242;;;;;
04.02.2021 23:59;2.8;17.2; 10.36 ; 5.25 ;273.4526643;14.5913242;;;;;
05.02.2021 00:59;2.3;17.7; 10.66 ; 5.25 ;281.4018697;14.5913242;;;;;
05.02.2021 01:59;1.9;18.1; 10.90 ; 5.25 ;287.761234;14.5913242;;;;;
05.02.2021 02:59;1.5;18.5; 11.14 ; 5.25 ;294.1205983;14.5913242;;;;;
05.02.2021 03:59;1.4;18.6; 11.20 ; 5.25 ;295.7104393;14.5913242;;;;;
05.02.2021 04:59;1.3;18.7; 11.26 ; 5.25 ;297.3002804;14.5913242;;;;;
05.02.2021 05:59;1.1;18.9; 11.38 ; 5.25 ;300.4799625;14.5913242;;;;;
05.02.2021 06:59;1.1;18.9; 11.38 ; 5.25 ;300.4799625;14.5913242;;;;;
05.02.2021 07:59;1.2;18.8; 11.32 ; 5.25 ;298.8901215;14.5913242;;;;;
05.02.2021 08:59;1.3;18.7; 11.26 ; 5.25 ;297.3002804;14.5913242;;;;;
05.02.2021 09:59;1.6;18.4; 11.08 ; 5.25 ;292.5307572;14.5913242;;;;;
05.02.2021 10:59;1.8;18.2; 10.96 ; 5.25 ;289.351075;14.5913242;;;;;
05.02.2021 11:59;2;18; 10.84 ; 5.25 ;286.1713929;14.5913242;;;;;
05.02.2021 12:59;3;17; 10.23 ; 5.25 ;270.2729822;14.5913242;;;;;
05.02.2021 13:59;3.6;16.4; 9.87 ; 5.25 ;260.7339357;14.5913242;;;;;
05.02.2021 14:59;3.8;16.2; 9.75 ; 5.25 ;257.5542536;14.5913242;;;;;
05.02.2021 15:59;3.7;16.3; 9.81 ; 5.25 ;259.1440947;14.5913242;;;;;
05.02.2021 16:59;3.3;16.7; 10.05 ; 5.25 ;265.503459;14.5913242;;;;;
05.02.2021 17:59;2.9;17.1; 10.29 ; 5.25 ;271.8628233;14.5913242;;;;;
05.02.2021 18:59;2.6;17.4; 10.48 ; 5.25 ;276.6323465;14.5913242;;;;;
05.02.2021 19:59;2.3;17.7; 10.66 ; 5.25 ;281.4018697;14.5913242;;;;;
05.02.2021 20:59;1.9;18.1; 10.90 ; 5.25 ;287.761234;14.5913242;;;;;
05.02.2021 21:59;1.6;18.4; 11.08 ; 5.25 ;292.5307572;14.5913242;;;;;
05.02.2021 22:59;1.3;18.7; 11.26 ; 5.25 ;297.3002804;14.5913242;;;;;
05.02.2021 23:59;1;19; 11.44 ; 5.25 ;302.0698036;14.5913242;;;;;
06.02.2021 00:59;0.7;19.3; 11.62 ; 5.25 ;306.8393268;14.5913242;;;;;
06.02.2021 01:59;0.4;19.6; 11.80 ; 5.25 ;311.60885;14.5913242;;;;;
06.02.2021 02:59;0;20; 12.04 ; 5.25 ;317.9682143;14.5913242;;;;;
06.02.2021 03:59;0.2;19.8; 11.92 ; 5.25 ;314.7885322;14.5913242;;;;;
06.02.2021 04:59;0.1;19.9; 11.98 ; 5.25 ;316.3783733;14.5913242;;;;;
06.02.2021 05:59;0.1;19.9; 11.98 ; 5.25 ;316.3783733;14.5913242;;;;;
06.02.2021 06:59;0.1;19.9; 11.98 ; 5.25 ;316.3783733;14.5913242;;;;;
06.02.2021 07:59;0.2;19.8; 11.92 ; 5.25 ;314.7885322;14.5913242;;;;;
06.02.2021 08:59;0.4;19.6; 11.80 ; 5.25 ;311.60885;14.5913242;;;;;
06.02.2021 09:59;0.6;19.4; 11.68 ; 5.25 ;308.4291679;14.5913242;;;;;
06.02.2021 10:59;0.8;19.2; 11.56 ; 5.25 ;305.2494858;14.5913242;;;;;
06.02.2021 11:59;1;19; 11.44 ; 5.25 ;302.0698036;14.5913242;;;;;
06.02.2021 12:59;2.3;17.7; 10.66 ; 5.25 ;281.4018697;14.5913242;;;;;
06.02.2021 13:59;3;17; 10.23 ; 5.25 ;270.2729822;14.5913242;;;;;
06.02.2021 14:59;3.3;16.7; 10.05 ; 5.25 ;265.503459;14.5913242;;;;;
06.02.2021 15:59;3.3;16.7; 10.05 ; 5.25 ;265.503459;14.5913242;;;;;
06.02.2021 16:59;2.8;17.2; 10.36 ; 5.25 ;273.4526643;14.5913242;;;;;
06.02.2021 17:59;2.4;17.6; 10.60 ; 5.25 ;279.8120286;14.5913242;;;;;
06.02.2021 18:59;2;18; 10.84 ; 5.25 ;286.1713929;14.5913242;;;;;
06.02.2021 19:59;1.6;18.4; 11.08 ; 5.25 ;292.5307572;14.5913242;;;;;
06.02.2021 20:59;1.2;18.8; 11.32 ; 5.25 ;298.8901215;14.5913242;;;;;
06.02.2021 21:59;0.8;19.2; 11.56 ; 5.25 ;305.2494858;14.5913242;;;;;
06.02.2021 22:59;0.4;19.6; 11.80 ; 5.25 ;311.60885;14.5913242;;;;;
06.02.2021 23:59;-0.1;20.1; 12.10 ; 5.25 ;319.5580554;14.5913242;;;;;
07.02.2021 00:59;-0.7;20.7; 12.46 ; 5.25 ;329.0971018;14.5913242;;;;;
07.02.2021 01:59;-1.1;21.1; 12.70 ; 5.25 ;335.4564661;14.5913242;;;;;
07.02.2021 02:59;-1.4;21.4; 12.88 ; 5.25 ;340.2259893;14.5913242;;;;;
07.02.2021 03:59;-1.7;21.7; 13.06 ; 5.25 ;344.9955125;14.5913242;;;;;
07.02.2021 04:59;-1.9;21.9; 13.18 ; 5.25 ;348.1751947;14.5913242;;;;;
07.02.2021 05:59;-2.1;22.1; 13.31 ; 5.25 ;351.3548768;14.5913242;;;;;
07.02.2021 06:59;-2.1;22.1; 13.31 ; 5.25 ;351.3548768;14.5913242;;;;;
07.02.2021 07:59;-2.1;22.1; 13.31 ; 5.25 ;351.3548768;14.5913242;;;;;
07.02.2021 08:59;-1.9;21.9; 13.18 ; 5.25 ;348.1751947;14.5913242;;;;;
07.02.2021 09:59;-1.7;21.7; 13.06 ; 5.25 ;344.9955125;14.5913242;;;;;
07.02.2021 10:59;-1.5;21.5; 12.94 ; 5.25 ;341.8158304;14.5913242;;;;;
07.02.2021 11:59;-1.4;21.4; 12.88 ; 5.25 ;340.2259893;14.5913242;;;;;
07.02.2021 12:59;-1.3;21.3; 12.82 ; 5.25 ;338.6361483;14.5913242;;;;;
07.02.2021 13:59;-1.3;21.3; 12.82 ; 5.25 ;338.6361483;14.5913242;;;;;
07.02.2021 14:59;-1.4;21.4; 12.88 ; 5.25 ;340.2259893;14.5913242;;;;;
07.02.2021 15:59;-1.5;21.5; 12.94 ; 5.25 ;341.8158304;14.5913242;;;;;
07.02.2021 16:59;-1.9;21.9; 13.18 ; 5.25 ;348.1751947;14.5913242;;;;;
07.02.2021 17:59;-2.8;22.8; 13.73 ; 5.25 ;362.4837643;14.5913242;;;;;
07.02.2021 18:59;-2.5;22.5; 13.55 ; 5.25 ;357.7142411;14.5913242;;;;;
07.02.2021 19:59;-2.8;22.8; 13.73 ; 5.25 ;362.4837643;14.5913242;;;;;
07.02.2021 20:59;-3.4;23.4; 14.09 ; 5.25 ;372.0228108;14.5913242;;;;;
07.02.2021 21:59;-3.4;23.4; 14.09 ; 5.25 ;372.0228108;14.5913242;;;;;
07.02.2021 22:59;-3.8;23.8; 14.33 ; 5.25 ;378.382175;14.5913242;;;;;
07.02.2021 23:59;-4;24; 14.45 ; 5.25 ;381.5618572;14.5913242;;;;;
08.02.2021 00:59;-4.1;24.1; 14.51 ; 5.25 ;383.1516983;14.5913242;;;;;
08.02.2021 01:59;-4.3;24.3; 14.63 ; 5.25 ;386.3313804;14.5913242;;;;;
08.02.2021 02:59;-4.3;24.3; 14.63 ; 5.25 ;386.3313804;14.5913242;;;;;
08.02.2021 03:59;-4.4;24.4; 14.69 ; 5.25 ;387.9212215;14.5913242;;;;;
08.02.2021 04:59;-4.4;24.4; 14.69 ; 5.25 ;387.9212215;14.5913242;;;;;
08.02.2021 05:59;-4.4;24.4; 14.69 ; 5.25 ;387.9212215;14.5913242;;;;;
08.02.2021 06:59;-4.4;24.4; 14.69 ; 5.25 ;387.9212215;14.5913242;;;;;
08.02.2021 07:59;-3.5;23.5; 14.15 ; 5.25 ;373.6126518;14.5913242;;;;;
08.02.2021 08:59;-2.3;22.3; 13.43 ; 5.25 ;354.534559;14.5913242;;;;;
08.02.2021 09:59;-1.1;21.1; 12.70 ; 5.25 ;335.4564661;14.5913242;;;;;
08.02.2021 10:59;-0.1;20.1; 12.10 ; 5.25 ;319.5580554;14.5913242;;;;;
08.02.2021 11:59;0.3;19.7; 11.86 ; 5.25 ;313.1986911;14.5913242;;;;;
08.02.2021 12:59;0.4;19.6; 11.80 ; 5.25 ;311.60885;14.5913242;;;;;
08.02.2021 13:59;0.2;19.8; 11.92 ; 5.25 ;314.7885322;14.5913242;;;;;
08.02.2021 14:59;-0.3;20.3; 12.22 ; 5.25 ;322.7377375;14.5913242;;;;;
08.02.2021 15:59;-1;21; 12.64 ; 5.25 ;333.866625;14.5913242;;;;;
08.02.2021 16:59;-1.5;21.5; 12.94 ; 5.25 ;341.8158304;14.5913242;;;;;
08.02.2021 17:59;-1.9;21.9; 13.18 ; 5.25 ;348.1751947;14.5913242;;;;;
08.02.2021 18:59;-2.3;22.3; 13.43 ; 5.25 ;354.534559;14.5913242;;;;;
08.02.2021 19:59;-2.7;22.7; 13.67 ; 5.25 ;360.8939233;14.5913242;;;;;
08.02.2021 20:59;-3.1;23.1; 13.91 ; 5.25 ;367.2532875;14.5913242;;;;;
08.02.2021 21:59;-3.4;23.4; 14.09 ; 5.25 ;372.0228108;14.5913242;;;;;
08.02.2021 22:59;-3.8;23.8; 14.33 ; 5.25 ;378.382175;14.5913242;;;;;
08.02.2021 23:59;-4.3;24.3; 14.63 ; 5.25 ;386.3313804;14.5913242;;;;;
09.02.2021 00:59;-5;25; 15.05 ; 5.25 ;397.4602679;14.5913242;;;;;
09.02.2021 01:59;-5.6;25.6; 15.41 ; 5.25 ;406.9993143;14.5913242;;;;;
09.02.2021 02:59;-6;26; 15.65 ; 5.25 ;413.3586786;14.5913242;;;;;
09.02.2021 03:59;-6.4;26.4; 15.89 ; 5.25 ;419.7180429;14.5913242;;;;;
09.02.2021 04:59;-6.7;26.7; 16.07 ; 5.25 ;424.4875661;14.5913242;;;;;
09.02.2021 05:59;-7;27; 16.26 ; 5.25 ;429.2570893;14.5913242;;;;;
09.02.2021 06:59;-7.1;27.1; 16.32 ; 5.25 ;430.8469304;14.5913242;;;;;
09.02.2021 07:59;-6.7;26.7; 16.07 ; 5.25 ;424.4875661;14.5913242;;;;;
09.02.2021 08:59;-6.1;26.1; 15.71 ; 5.25 ;414.9485197;14.5913242;;;;;
09.02.2021 09:59;-5.5;25.5; 15.35 ; 5.25 ;405.4094733;14.5913242;;;;;
09.02.2021 10:59;-4.9;24.9; 14.99 ; 5.25 ;395.8704268;14.5913242;;;;;
09.02.2021 11:59;-4.5;24.5; 14.75 ; 5.25 ;389.5110626;14.5913242;;;;;
09.02.2021 12:59;-4.4;24.4; 14.69 ; 5.25 ;387.9212215;14.5913242;;;;;
09.02.2021 13:59;-4.3;24.3; 14.63 ; 5.25 ;386.3313804;14.5913242;;;;;
09.02.2021 14:59;-4.6;24.6; 14.81 ; 5.25 ;391.1009036;14.5913242;;;;;
09.02.2021 15:59;-5.1;25.1; 15.11 ; 5.25 ;399.050109;14.5913242;;;;;
09.02.2021 16:59;-5.8;25.8; 15.53 ; 5.25 ;410.1789965;14.5913242;;;;;
09.02.2021 17:59;-6.1;26.1; 15.71 ; 5.25 ;414.9485197;14.5913242;;;;;
09.02.2021 18:59;-6.4;26.4; 15.89 ; 5.25 ;419.7180429;14.5913242;;;;;
09.02.2021 19:59;-6.7;26.7; 16.07 ; 5.25 ;424.4875661;14.5913242;;;;;
09.02.2021 20:59;-7;27; 16.26 ; 5.25 ;429.2570893;14.5913242;;;;;
09.02.2021 21:59;-7.4;27.4; 16.50 ; 5.25 ;435.6164536;14.5913242;;;;;
09.02.2021 22:59;-7.7;27.7; 16.68 ; 5.25 ;440.3859768;14.5913242;;;;;
09.02.2021 23:59;-7.7;27.7; 16.68 ; 5.25 ;440.3859768;14.5913242;;;;;
10.02.2021 00:59;-7.8;27.8; 16.74 ; 5.25 ;441.9758179;14.5913242;;;;;
10.02.2021 01:59;-7;27; 16.26 ; 5.25 ;429.2570893;14.5913242;;;;;
10.02.2021 02:59;-6.8;26.8; 16.13 ; 5.25 ;426.0774072;14.5913242;;;;;
10.02.2021 03:59;-6.6;26.6; 16.01 ; 5.25 ;422.8977251;14.5913242;;;;;
10.02.2021 04:59;-6.5;26.5; 15.95 ; 5.25 ;421.307884;14.5913242;;;;;
10.02.2021 05:59;-6.4;26.4; 15.89 ; 5.25 ;419.7180429;14.5913242;;;;;
10.02.2021 06:59;-6.3;26.3; 15.83 ; 5.25 ;418.1282018;14.5913242;;;;;
10.02.2021 07:59;-5.7;25.7; 15.47 ; 5.25 ;408.5891554;14.5913242;;;;;
10.02.2021 08:59;-4.8;24.8; 14.93 ; 5.25 ;394.2805858;14.5913242;;;;;
10.02.2021 09:59;-4;24; 14.45 ; 5.25 ;381.5618572;14.5913242;;;;;
10.02.2021 10:59;-3.2;23.2; 13.97 ; 5.25 ;368.8431286;14.5913242;;;;;
10.02.2021 11:59;-2.5;22.5; 13.55 ; 5.25 ;357.7142411;14.5913242;;;;;
10.02.2021 12:59;-2.1;22.1; 13.31 ; 5.25 ;351.3548768;14.5913242;;;;;
10.02.2021 13:59;-1.8;21.8; 13.12 ; 5.25 ;346.5853536;14.5913242;;;;;
10.02.2021 14:59;-1.9;21.9; 13.18 ; 5.25 ;348.1751947;14.5913242;;;;;
10.02.2021 15:59;-2.2;22.2; 13.37 ; 5.25 ;352.9447179;14.5913242;;;;;
10.02.2021 16:59;-2.9;22.9; 13.79 ; 5.25 ;364.0736054;14.5913242;;;;;
10.02.2021 17:59;-2.8;22.8; 13.73 ; 5.25 ;362.4837643;14.5913242;;;;;
10.02.2021 18:59;-2.8;22.8; 13.73 ; 5.25 ;362.4837643;14.5913242;;;;;
10.02.2021 19:59;-2.8;22.8; 13.73 ; 5.25 ;362.4837643;14.5913242;;;;;
10.02.2021 20:59;-2.8;22.8; 13.73 ; 5.25 ;362.4837643;14.5913242;;;;;
10.02.2021 21:59;-2.8;22.8; 13.73 ; 5.25 ;362.4837643;14.5913242;;;;;
10.02.2021 22:59;-2.8;22.8; 13.73 ; 5.25 ;362.4837643;14.5913242;;;;;
10.02.2021 23:59;-3;23; 13.85 ; 5.25 ;365.6634465;14.5913242;;;;;
11.02.2021 00:59;-3.1;23.1; 13.91 ; 5.25 ;367.2532875;14.5913242;;;;;
11.02.2021 01:59;-3.2;23.2; 13.97 ; 5.25 ;368.8431286;14.5913242;;;;;
11.02.2021 02:59;-3.3;23.3; 14.03 ; 5.25 ;370.4329697;14.5913242;;;;;
11.02.2021 03:59;-3.3;23.3; 14.03 ; 5.25 ;370.4329697;14.5913242;;;;;
11.02.2021 04:59;-3.4;23.4; 14.09 ; 5.25 ;372.0228108;14.5913242;;;;;
11.02.2021 05:59;-3.4;23.4; 14.09 ; 5.25 ;372.0228108;14.5913242;;;;;
11.02.2021 06:59;-3.3;23.3; 14.03 ; 5.25 ;370.4329697;14.5913242;;;;;
11.02.2021 07:59;-2.2;22.2; 13.37 ; 5.25 ;352.9447179;14.5913242;;;;;
11.02.2021 08:59;-0.9;20.9; 12.58 ; 5.25 ;332.276784;14.5913242;;;;;
11.02.2021 09:59;0.6;19.4; 11.68 ; 5.25 ;308.4291679;14.5913242;;;;;
11.02.2021 10:59;1.9;18.1; 10.90 ; 5.25 ;287.761234;14.5913242;;;;;
11.02.2021 11:59;3;17; 10.23 ; 5.25 ;270.2729822;14.5913242;;;;;
11.02.2021 12:59;3.8;16.2; 9.75 ; 5.25 ;257.5542536;14.5913242;;;;;
11.02.2021 13:59;4.1;15.9; 9.57 ; 5.25 ;252.7847304;14.5913242;;;;;
11.02.2021 14:59;4;16; 9.63 ; 5.25 ;254.3745715;14.5913242;;;;;
11.02.2021 15:59;3.3;16.7; 10.05 ; 5.25 ;265.503459;14.5913242;;;;;
11.02.2021 16:59;2.3;17.7; 10.66 ; 5.25 ;281.4018697;14.5913242;;;;;
11.02.2021 17:59;1.8;18.2; 10.96 ; 5.25 ;289.351075;14.5913242;;;;;
11.02.2021 18:59;1.2;18.8; 11.32 ; 5.25 ;298.8901215;14.5913242;;;;;
11.02.2021 19:59;0.7;19.3; 11.62 ; 5.25 ;306.8393268;14.5913242;;;;;
11.02.2021 20:59;0.2;19.8; 11.92 ; 5.25 ;314.7885322;14.5913242;;;;;
11.02.2021 21:59;-0.3;20.3; 12.22 ; 5.25 ;322.7377375;14.5913242;;;;;
11.02.2021 22:59;-0.8;20.8; 12.52 ; 5.25 ;330.6869429;14.5913242;;;;;
11.02.2021 23:59;-1.4;21.4; 12.88 ; 5.25 ;340.2259893;14.5913242;;;;;
12.02.2021 00:59;-2.1;22.1; 13.31 ; 5.25 ;351.3548768;14.5913242;;;;;
12.02.2021 01:59;-2.8;22.8; 13.73 ; 5.25 ;362.4837643;14.5913242;;;;;
12.02.2021 02:59;-3.2;23.2; 13.97 ; 5.25 ;368.8431286;14.5913242;;;;;
12.02.2021 03:59;-3.6;23.6; 14.21 ; 5.25 ;375.2024929;14.5913242;;;;;
12.02.2021 04:59;-3.8;23.8; 14.33 ; 5.25 ;378.382175;14.5913242;;;;;
12.02.2021 05:59;-4.1;24.1; 14.51 ; 5.25 ;383.1516983;14.5913242;;;;;
12.02.2021 06:59;-4.2;24.2; 14.57 ; 5.25 ;384.7415393;14.5913242;;;;;
12.02.2021 07:59;-3.4;23.4; 14.09 ; 5.25 ;372.0228108;14.5913242;;;;;
12.02.2021 08:59;-2.2;22.2; 13.37 ; 5.25 ;352.9447179;14.5913242;;;;;
12.02.2021 09:59;-0.8;20.8; 12.52 ; 5.25 ;330.6869429;14.5913242;;;;;
12.02.2021 10:59;0.3;19.7; 11.86 ; 5.25 ;313.1986911;14.5913242;;;;;
12.02.2021 11:59;1.2;18.8; 11.32 ; 5.25 ;298.8901215;14.5913242;;;;;
12.02.2021 12:59;1.8;18.2; 10.96 ; 5.25 ;289.351075;14.5913242;;;;;
12.02.2021 13:59;2.1;17.9; 10.78 ; 5.25 ;284.5815518;14.5913242;;;;;
12.02.2021 14:59;1.9;18.1; 10.90 ; 5.25 ;287.761234;14.5913242;;;;;
12.02.2021 15:59;1.3;18.7; 11.26 ; 5.25 ;297.3002804;14.5913242;;;;;
12.02.2021 16:59;0.3;19.7; 11.86 ; 5.25 ;313.1986911;14.5913242;;;;;
12.02.2021 17:59;-0.1;20.1; 12.10 ; 5.25 ;319.5580554;14.5913242;;;;;
12.02.2021 18:59;-0.4;20.4; 12.28 ; 5.25 ;324.3275786;14.5913242;;;;;
12.02.2021 19:59;-0.8;20.8; 12.52 ; 5.25 ;330.6869429;14.5913242;;;;;
12.02.2021 20:59;-1.1;21.1; 12.70 ; 5.25 ;335.4564661;14.5913242;;;;;
12.02.2021 21:59;-1.5;21.5; 12.94 ; 5.25 ;341.8158304;14.5913242;;;;;
12.02.2021 22:59;-1.8;21.8; 13.12 ; 5.25 ;346.5853536;14.5913242;;;;;
12.02.2021 23:59;-1.9;21.9; 13.18 ; 5.25 ;348.1751947;14.5913242;;;;;
13.02.2021 00:59;-2.1;22.1; 13.31 ; 5.25 ;351.3548768;14.5913242;;;;;
13.02.2021 01:59;-2.2;22.2; 13.37 ; 5.25 ;352.9447179;14.5913242;;;;;
13.02.2021 02:59;-2.2;22.2; 13.37 ; 5.25 ;352.9447179;14.5913242;;;;;
13.02.2021 03:59;-2.3;22.3; 13.43 ; 5.25 ;354.534559;14.5913242;;;;;
13.02.2021 04:59;-2.3;22.3; 13.43 ; 5.25 ;354.534559;14.5913242;;;;;
13.02.2021 05:59;-2.3;22.3; 13.43 ; 5.25 ;354.534559;14.5913242;;;;;
13.02.2021 06:59;-2.3;22.3; 13.43 ; 5.25 ;354.534559;14.5913242;;;;;
13.02.2021 07:59;-1.8;21.8; 13.12 ; 5.25 ;346.5853536;14.5913242;;;;;
13.02.2021 08:59;-1.1;21.1; 12.70 ; 5.25 ;335.4564661;14.5913242;;;;;
13.02.2021 09:59;-0.4;20.4; 12.28 ; 5.25 ;324.3275786;14.5913242;;;;;
13.02.2021 10:59;0.2;19.8; 11.92 ; 5.25 ;314.7885322;14.5913242;;;;;
13.02.2021 11:59;0.9;19.1; 11.50 ; 5.25 ;303.6596447;14.5913242;;;;;
13.02.2021 12:59;1.4;18.6; 11.20 ; 5.25 ;295.7104393;14.5913242;;;;;
13.02.2021 13:59;1.6;18.4; 11.08 ; 5.25 ;292.5307572;14.5913242;;;;;
13.02.2021 14:59;1.5;18.5; 11.14 ; 5.25 ;294.1205983;14.5913242;;;;;
13.02.2021 15:59;1.1;18.9; 11.38 ; 5.25 ;300.4799625;14.5913242;;;;;
13.02.2021 16:59;0.6;19.4; 11.68 ; 5.25 ;308.4291679;14.5913242;;;;;
13.02.2021 17:59;0.4;19.6; 11.80 ; 5.25 ;311.60885;14.5913242;;;;;
13.02.2021 18:59;0.2;19.8; 11.92 ; 5.25 ;314.7885322;14.5913242;;;;;
13.02.2021 19:59;0.1;19.9; 11.98 ; 5.25 ;316.3783733;14.5913242;;;;;
13.02.2021 20:59;-0.1;20.1; 12.10 ; 5.25 ;319.5580554;14.5913242;;;;;
13.02.2021 21:59;-0.5;20.5; 12.34 ; 5.25 ;325.9174197;14.5913242;;;;;
13.02.2021 22:59;-0.5;20.5; 12.34 ; 5.25 ;325.9174197;14.5913242;;;;;
13.02.2021 23:59;-0.7;20.7; 12.46 ; 5.25 ;329.0971018;14.5913242;;;;;
14.02.2021 00:59;-0.9;20.9; 12.58 ; 5.25 ;332.276784;14.5913242;;;;;
14.02.2021 01:59;-1;21; 12.64 ; 5.25 ;333.866625;14.5913242;;;;;
14.02.2021 02:59;-1.1;21.1; 12.70 ; 5.25 ;335.4564661;14.5913242;;;;;
14.02.2021 03:59;-1.2;21.2; 12.76 ; 5.25 ;337.0463072;14.5913242;;;;;
14.02.2021 04:59;-1.3;21.3; 12.82 ; 5.25 ;338.6361483;14.5913242;;;;;
14.02.2021 05:59;-1.3;21.3; 12.82 ; 5.25 ;338.6361483;14.5913242;;;;;
14.02.2021 06:59;-1.3;21.3; 12.82 ; 5.25 ;338.6361483;14.5913242;;;;;
14.02.2021 07:59;-0.5;20.5; 12.34 ; 5.25 ;325.9174197;14.5913242;;;;;
14.02.2021 08:59;0.6;19.4; 11.68 ; 5.25 ;308.4291679;14.5913242;;;;;
14.02.2021 09:59;1.7;18.3; 11.02 ; 5.25 ;290.9409161;14.5913242;;;;;
14.02.2021 10:59;2.4;17.6; 10.60 ; 5.25 ;279.8120286;14.5913242;;;;;
14.02.2021 11:59;3.1;16.9; 10.17 ; 5.25 ;268.6831411;14.5913242;;;;;
14.02.2021 12:59;3.7;16.3; 9.81 ; 5.25 ;259.1440947;14.5913242;;;;;
14.02.2021 13:59;3.8;16.2; 9.75 ; 5.25 ;257.5542536;14.5913242;;;;;
14.02.2021 14:59;3.3;16.7; 10.05 ; 5.25 ;265.503459;14.5913242;;;;;
14.02.2021 15:59;2.6;17.4; 10.48 ; 5.25 ;276.6323465;14.5913242;;;;;
14.02.2021 16:59;2;18; 10.84 ; 5.25 ;286.1713929;14.5913242;;;;;
14.02.2021 17:59;1.6;18.4; 11.08 ; 5.25 ;292.5307572;14.5913242;;;;;
14.02.2021 18:59;1.3;18.7; 11.26 ; 5.25 ;297.3002804;14.5913242;;;;;
14.02.2021 19:59;0.9;19.1; 11.50 ; 5.25 ;303.6596447;14.5913242;;;;;
14.02.2021 20:59;0.6;19.4; 11.68 ; 5.25 ;308.4291679;14.5913242;;;;;
14.02.2021 21:59;0.3;19.7; 11.86 ; 5.25 ;313.1986911;14.5913242;;;;;
14.02.2021 22:59;-0.1;20.1; 12.10 ; 5.25 ;319.5580554;14.5913242;;;;;
14.02.2021 23:59;-0.5;20.5; 12.34 ; 5.25 ;325.9174197;14.5913242;;;;;
15.02.2021 00:59;-0.9;20.9; 12.58 ; 5.25 ;332.276784;14.5913242;;;;;
15.02.2021 01:59;-1.4;21.4; 12.88 ; 5.25 ;340.2259893;14.5913242;;;;;
15.02.2021 02:59;-1.6;21.6; 13.00 ; 5.25 ;343.4056715;14.5913242;;;;;
15.02.2021 03:59;-1.8;21.8; 13.12 ; 5.25 ;346.5853536;14.5913242;;;;;
15.02.2021 04:59;-1.9;21.9; 13.18 ; 5.25 ;348.1751947;14.5913242;;;;;
15.02.2021 05:59;-2.1;22.1; 13.31 ; 5.25 ;351.3548768;14.5913242;;;;;
15.02.2021 06:59;-2;22; 13.24 ; 5.25 ;349.7650358;14.5913242;;;;;
15.02.2021 07:59;-0.6;20.6; 12.40 ; 5.25 ;327.5072608;14.5913242;;;;;
15.02.2021 08:59;0.6;19.4; 11.68 ; 5.25 ;308.4291679;14.5913242;;;;;
15.02.2021 09:59;2.6;17.4; 10.48 ; 5.25 ;276.6323465;14.5913242;;;;;
15.02.2021 10:59;4.7;15.3; 9.21 ; 5.25 ;243.245684;14.5913242;;;;;
15.02.2021 11:59;6.1;13.9; 8.37 ; 5.25 ;220.987909;14.5913242;;;;;
15.02.2021 12:59;6.2;13.8; 8.31 ; 5.25 ;219.3980679;14.5913242;;;;;
15.02.2021 13:59;6.5;13.5; 8.13 ; 5.25 ;214.6285447;14.5913242;;;;;
15.02.2021 14:59;6;14; 8.43 ; 5.25 ;222.57775;14.5913242;;;;;
15.02.2021 15:59;5.2;14.8; 8.91 ; 5.25 ;235.2964786;14.5913242;;;;;
15.02.2021 16:59;4.1;15.9; 9.57 ; 5.25 ;252.7847304;14.5913242;;;;;
15.02.2021 17:59;3.4;16.6; 9.99 ; 5.25 ;263.9136179;14.5913242;;;;;
15.02.2021 18:59;2.8;17.2; 10.36 ; 5.25 ;273.4526643;14.5913242;;;;;
15.02.2021 19:59;2.2;17.8; 10.72 ; 5.25 ;282.9917108;14.5913242;;;;;
15.02.2021 20:59;1.6;18.4; 11.08 ; 5.25 ;292.5307572;14.5913242;;;;;
15.02.2021 21:59;1;19; 11.44 ; 5.25 ;302.0698036;14.5913242;;;;;
15.02.2021 22:59;0.4;19.6; 11.80 ; 5.25 ;311.60885;14.5913242;;;;;
15.02.2021 23:59;-0.2;20.2; 12.16 ; 5.25 ;321.1478965;14.5913242;;;;;
16.02.2021 00:59;-0.8;20.8; 12.52 ; 5.25 ;330.6869429;14.5913242;;;;;
16.02.2021 01:59;-1.4;21.4; 12.88 ; 5.25 ;340.2259893;14.5913242;;;;;
16.02.2021 02:59;-1.8;21.8; 13.12 ; 5.25 ;346.5853536;14.5913242;;;;;
16.02.2021 03:59;-2.1;22.1; 13.31 ; 5.25 ;351.3548768;14.5913242;;;;;
16.02.2021 04:59;-2.3;22.3; 13.43 ; 5.25 ;354.534559;14.5913242;;;;;
16.02.2021 05:59;-2.5;22.5; 13.55 ; 5.25 ;357.7142411;14.5913242;;;;;
16.02.2021 06:59;-2.4;22.4; 13.49 ; 5.25 ;356.1244;14.5913242;;;;;
16.02.2021 07:59;-0.8;20.8; 12.52 ; 5.25 ;330.6869429;14.5913242;;;;;
16.02.2021 08:59;1.4;18.6; 11.20 ; 5.25 ;295.7104393;14.5913242;;;;;
16.02.2021 09:59;2.8;17.2; 10.36 ; 5.25 ;273.4526643;14.5913242;;;;;
16.02.2021 10:59;3.5;16.5; 9.93 ; 5.25 ;262.3237768;14.5913242;;;;;
16.02.2021 11:59;3.8;16.2; 9.75 ; 5.25 ;257.5542536;14.5913242;;;;;
16.02.2021 12:59;4.4;15.6; 9.39 ; 5.25 ;248.0152072;14.5913242;;;;;
16.02.2021 13:59;3.9;16.1; 9.69 ; 5.25 ;255.9644125;14.5913242;;;;;
16.02.2021 14:59;2.8;17.2; 10.36 ; 5.25 ;273.4526643;14.5913242;;;;;
16.02.2021 15:59;1.8;18.2; 10.96 ; 5.25 ;289.351075;14.5913242;;;;;
16.02.2021 16:59;1;19; 11.44 ; 5.25 ;302.0698036;14.5913242;;;;;
16.02.2021 17:59;0.5;19.5; 11.74 ; 5.25 ;310.019009;14.5913242;;;;;
16.02.2021 18:59;0.1;19.9; 11.98 ; 5.25 ;316.3783733;14.5913242;;;;;
16.02.2021 19:59;-0.3;20.3; 12.22 ; 5.25 ;322.7377375;14.5913242;;;;;
16.02.2021 20:59;-0.7;20.7; 12.46 ; 5.25 ;329.0971018;14.5913242;;;;;
16.02.2021 21:59;-1.1;21.1; 12.70 ; 5.25 ;335.4564661;14.5913242;;;;;
16.02.2021 22:59;-1.5;21.5; 12.94 ; 5.25 ;341.8158304;14.5913242;;;;;
16.02.2021 23:59;-1.9;21.9; 13.18 ; 5.25 ;348.1751947;14.5913242;;;;;
17.02.2021 00:59;-2.3;22.3; 13.43 ; 5.25 ;354.534559;14.5913242;;;;;
17.02.2021 01:59;-2.7;22.7; 13.67 ; 5.25 ;360.8939233;14.5913242;;;;;
17.02.2021 02:59;-2.9;22.9; 13.79 ; 5.25 ;364.0736054;14.5913242;;;;;
17.02.2021 03:59;-3.2;23.2; 13.97 ; 5.25 ;368.8431286;14.5913242;;;;;
17.02.2021 04:59;-3.3;23.3; 14.03 ; 5.25 ;370.4329697;14.5913242;;;;;
17.02.2021 05:59;-3.4;23.4; 14.09 ; 5.25 ;372.0228108;14.5913242;;;;;
17.02.2021 06:59;-3.4;23.4; 14.09 ; 5.25 ;372.0228108;14.5913242;;;;;
17.02.2021 07:59;-1.2;21.2; 12.76 ; 5.25 ;337.0463072;14.5913242;;;;;
17.02.2021 08:59;1.4;18.6; 11.20 ; 5.25 ;295.7104393;14.5913242;;;;;
17.02.2021 09:59;3.9;16.1; 9.69 ; 5.25 ;255.9644125;14.5913242;;;;;
17.02.2021 10:59;6.1;13.9; 8.37 ; 5.25 ;220.987909;14.5913242;;;;;
17.02.2021 11:59;7.8;12.2; 7.34 ; 5.25 ;193.9606107;14.5913242;;;;;
17.02.2021 12:59;9;11; 6.62 ; 5.25 ;174.8825179;14.5913242;;;;;
17.02.2021 13:59;9.5;10.5; 6.32 ; 5.25 ;166.9333125;14.5913242;;;;;
17.02.2021 14:59;9.3;10.7; 6.44 ; 5.25 ;170.1129947;14.5913242;;;;;
17.02.2021 15:59;8.1;11.9; 7.16 ; 5.25 ;189.1910875;14.5913242;;;;;
17.02.2021 16:59;6.2;13.8; 8.31 ; 5.25 ;219.3980679;14.5913242;;;;;
17.02.2021 17:59;5.6;14.4; 8.67 ; 5.25 ;228.9371143;14.5913242;;;;;
17.02.2021 18:59;5.1;14.9; 8.97 ; 5.25 ;236.8863197;14.5913242;;;;;
17.02.2021 19:59;4.6;15.4; 9.27 ; 5.25 ;244.835525;14.5913242;;;;;
17.02.2021 20:59;4.1;15.9; 9.57 ; 5.25 ;252.7847304;14.5913242;;;;;
17.02.2021 21:59;3.5;16.5; 9.93 ; 5.25 ;262.3237768;14.5913242;;;;;
17.02.2021 22:59;3;17; 10.23 ; 5.25 ;270.2729822;14.5913242;;;;;
17.02.2021 23:59;2.5;17.5; 10.54 ; 5.25 ;278.2221875;14.5913242;;;;;
18.02.2021 00:59;2;18; 10.84 ; 5.25 ;286.1713929;14.5913242;;;;;
18.02.2021 01:59;1.5;18.5; 11.14 ; 5.25 ;294.1205983;14.5913242;;;;;
18.02.2021 02:59;1.2;18.8; 11.32 ; 5.25 ;298.8901215;14.5913242;;;;;
18.02.2021 03:59;0.9;19.1; 11.50 ; 5.25 ;303.6596447;14.5913242;;;;;
18.02.2021 04:59;0.7;19.3; 11.62 ; 5.25 ;306.8393268;14.5913242;;;;;
18.02.2021 05:59;0.5;19.5; 11.74 ; 5.25 ;310.019009;14.5913242;;;;;
18.02.2021 06:59;0.6;19.4; 11.68 ; 5.25 ;308.4291679;14.5913242;;;;;
18.02.2021 07:59;2.7;17.3; 10.42 ; 5.25 ;275.0425054;14.5913242;;;;;
18.02.2021 08:59;3.9;16.1; 9.69 ; 5.25 ;255.9644125;14.5913242;;;;;
18.02.2021 09:59;5.5;14.5; 8.73 ; 5.25 ;230.5269554;14.5913242;;;;;
18.02.2021 10:59;5.8;14.2; 8.55 ; 5.25 ;225.7574322;14.5913242;;;;;
18.02.2021 11:59;5.1;14.9; 8.97 ; 5.25 ;236.8863197;14.5913242;;;;;
18.02.2021 12:59;5.1;14.9; 8.97 ; 5.25 ;236.8863197;14.5913242;;;;;
18.02.2021 13:59;5.7;14.3; 8.61 ; 5.25 ;227.3472732;14.5913242;;;;;
18.02.2021 14:59;5.8;14.2; 8.55 ; 5.25 ;225.7574322;14.5913242;;;;;
18.02.2021 15:59;5.4;14.6; 8.79 ; 5.25 ;232.1167965;14.5913242;;;;;
18.02.2021 16:59;4.6;15.4; 9.27 ; 5.25 ;244.835525;14.5913242;;;;;
18.02.2021 17:59;3.9;16.1; 9.69 ; 5.25 ;255.9644125;14.5913242;;;;;
18.02.2021 18:59;3.2;16.8; 10.11 ; 5.25 ;267.0933;14.5913242;;;;;
18.02.2021 19:59;2.5;17.5; 10.54 ; 5.25 ;278.2221875;14.5913242;;;;;
18.02.2021 20:59;1.9;18.1; 10.90 ; 5.25 ;287.761234;14.5913242;;;;;
18.02.2021 21:59;1.2;18.8; 11.32 ; 5.25 ;298.8901215;14.5913242;;;;;
18.02.2021 22:59;0.5;19.5; 11.74 ; 5.25 ;310.019009;14.5913242;;;;;
18.02.2021 23:59;-0.1;20.1; 12.10 ; 5.25 ;319.5580554;14.5913242;;;;;
19.02.2021 00:59;-0.6;20.6; 12.40 ; 5.25 ;327.5072608;14.5913242;;;;;
19.02.2021 01:59;-1.2;21.2; 12.76 ; 5.25 ;337.0463072;14.5913242;;;;;
19.02.2021 02:59;-1.5;21.5; 12.94 ; 5.25 ;341.8158304;14.5913242;;;;;
19.02.2021 03:59;-1.8;21.8; 13.12 ; 5.25 ;346.5853536;14.5913242;;;;;
19.02.2021 04:59;-2.1;22.1; 13.31 ; 5.25 ;351.3548768;14.5913242;;;;;
19.02.2021 05:59;-2.3;22.3; 13.43 ; 5.25 ;354.534559;14.5913242;;;;;
19.02.2021 06:59;-2.2;22.2; 13.37 ; 5.25 ;352.9447179;14.5913242;;;;;
19.02.2021 07:59;-0.1;20.1; 12.10 ; 5.25 ;319.5580554;14.5913242;;;;;
19.02.2021 08:59;2.4;17.6; 10.60 ; 5.25 ;279.8120286;14.5913242;;;;;
19.02.2021 09:59;4.7;15.3; 9.21 ; 5.25 ;243.245684;14.5913242;;;;;
19.02.2021 10:59;6.7;13.3; 8.01 ; 5.25 ;211.4488625;14.5913242;;;;;
19.02.2021 11:59;8.3;11.7; 7.04 ; 5.25 ;186.0114054;14.5913242;;;;;
19.02.2021 12:59;9.3;10.7; 6.44 ; 5.25 ;170.1129947;14.5913242;;;;;
19.02.2021 13:59;9.8;10.2; 6.14 ; 5.25 ;162.1637893;14.5913242;;;;;
19.02.2021 14:59;9.6;10.4; 6.26 ; 5.25 ;165.3434715;14.5913242;;;;;
19.02.2021 15:59;8.6;11.4; 6.86 ; 5.25 ;181.2418822;14.5913242;;;;;
19.02.2021 16:59;6.7;13.3; 8.01 ; 5.25 ;211.4488625;14.5913242;;;;;
19.02.2021 17:59;6.3;13.7; 8.25 ; 5.25 ;217.8082268;14.5913242;;;;;
19.02.2021 18:59;5.8;14.2; 8.55 ; 5.25 ;225.7574322;14.5913242;;;;;
19.02.2021 19:59;5.4;14.6; 8.79 ; 5.25 ;232.1167965;14.5913242;;;;;
19.02.2021 20:59;5;15; 9.03 ; 5.25 ;238.4761607;14.5913242;;;;;
19.02.2021 21:59;4.6;15.4; 9.27 ; 5.25 ;244.835525;14.5913242;;;;;
19.02.2021 22:59;4.1;15.9; 9.57 ; 5.25 ;252.7847304;14.5913242;;;;;
19.02.2021 23:59;3.9;16.1; 9.69 ; 5.25 ;255.9644125;14.5913242;;;;;
20.02.2021 00:59;3.7;16.3; 9.81 ; 5.25 ;259.1440947;14.5913242;;;;;
20.02.2021 01:59;3.5;16.5; 9.93 ; 5.25 ;262.3237768;14.5913242;;;;;
20.02.2021 02:59;3.4;16.6; 9.99 ; 5.25 ;263.9136179;14.5913242;;;;;
20.02.2021 03:59;3.3;16.7; 10.05 ; 5.25 ;265.503459;14.5913242;;;;;
20.02.2021 04:59;3.3;16.7; 10.05 ; 5.25 ;265.503459;14.5913242;;;;;
20.02.2021 05:59;3.2;16.8; 10.11 ; 5.25 ;267.0933;14.5913242;;;;;
20.02.2021 06:59;3.3;16.7; 10.05 ; 5.25 ;265.503459;14.5913242;;;;;
20.02.2021 07:59;4.2;15.8; 9.51 ; 5.25 ;251.1948893;14.5913242;;;;;
20.02.2021 08:59;5.3;14.7; 8.85 ; 5.25 ;233.7066375;14.5913242;;;;;
20.02.2021 09:59;6.3;13.7; 8.25 ; 5.25 ;217.8082268;14.5913242;;;;;
20.02.2021 10:59;7.2;12.8; 7.71 ; 5.25 ;203.4996572;14.5913242;;;;;
20.02.2021 11:59;7.9;12.1; 7.28 ; 5.25 ;192.3707697;14.5913242;;;;;
20.02.2021 12:59;8.4;11.6; 6.98 ; 5.25 ;184.4215643;14.5913242;;;;;
20.02.2021 13:59;8.7;11.3; 6.80 ; 5.25 ;179.6520411;14.5913242;;;;;
20.02.2021 14:59;8.7;11.3; 6.80 ; 5.25 ;179.6520411;14.5913242;;;;;
20.02.2021 15:59;8.3;11.7; 7.04 ; 5.25 ;186.0114054;14.5913242;;;;;
20.02.2021 16:59;7.6;12.4; 7.47 ; 5.25 ;197.1402929;14.5913242;;;;;
20.02.2021 17:59;6.9;13.1; 7.89 ; 5.25 ;208.2691804;14.5913242;;;;;
20.02.2021 18:59;6.2;13.8; 8.31 ; 5.25 ;219.3980679;14.5913242;;;;;
20.02.2021 19:59;5.5;14.5; 8.73 ; 5.25 ;230.5269554;14.5913242;;;;;
20.02.2021 20:59;4.9;15.1; 9.09 ; 5.25 ;240.0660018;14.5913242;;;;;
20.02.2021 21:59;4.2;15.8; 9.51 ; 5.25 ;251.1948893;14.5913242;;;;;
20.02.2021 22:59;3.6;16.4; 9.87 ; 5.25 ;260.7339357;14.5913242;;;;;
20.02.2021 23:59;2.8;17.2; 10.36 ; 5.25 ;273.4526643;14.5913242;;;;;
21.02.2021 00:59;2.1;17.9; 10.78 ; 5.25 ;284.5815518;14.5913242;;;;;
21.02.2021 01:59;1.3;18.7; 11.26 ; 5.25 ;297.3002804;14.5913242;;;;;
21.02.2021 02:59;0.9;19.1; 11.50 ; 5.25 ;303.6596447;14.5913242;;;;;
21.02.2021 03:59;0.5;19.5; 11.74 ; 5.25 ;310.019009;14.5913242;;;;;
21.02.2021 04:59;0.2;19.8; 11.92 ; 5.25 ;314.7885322;14.5913242;;;;;
21.02.2021 05:59;-0.1;20.1; 12.10 ; 5.25 ;319.5580554;14.5913242;;;;;
21.02.2021 06:59;-0.1;20.1; 12.10 ; 5.25 ;319.5580554;14.5913242;;;;;
21.02.2021 07:59;1.5;18.5; 11.14 ; 5.25 ;294.1205983;14.5913242;;;;;
21.02.2021 08:59;3.3;16.7; 10.05 ; 5.25 ;265.503459;14.5913242;;;;;
21.02.2021 09:59;5.3;14.7; 8.85 ; 5.25 ;233.7066375;14.5913242;;;;;
21.02.2021 10:59;7.2;12.8; 7.71 ; 5.25 ;203.4996572;14.5913242;;;;;
21.02.2021 11:59;8.6;11.4; 6.86 ; 5.25 ;181.2418822;14.5913242;;;;;
21.02.2021 12:59;9.6;10.4; 6.26 ; 5.25 ;165.3434715;14.5913242;;;;;
21.02.2021 13:59;10;10; 6.02 ; 5.25 ;158.9841072;14.5913242;;;;;
21.02.2021 14:59;9.8;10.2; 6.14 ; 5.25 ;162.1637893;14.5913242;;;;;
21.02.2021 15:59;8.8;11.2; 6.74 ; 5.25 ;178.0622;14.5913242;;;;;
21.02.2021 16:59;7.2;12.8; 7.71 ; 5.25 ;203.4996572;14.5913242;;;;;
21.02.2021 17:59;6.6;13.4; 8.07 ; 5.25 ;213.0387036;14.5913242;;;;;
21.02.2021 18:59;5.9;14.1; 8.49 ; 5.25 ;224.1675911;14.5913242;;;;;
21.02.2021 19:59;5.3;14.7; 8.85 ; 5.25 ;233.7066375;14.5913242;;;;;
21.02.2021 20:59;4.7;15.3; 9.21 ; 5.25 ;243.245684;14.5913242;;;;;
21.02.2021 21:59;4.1;15.9; 9.57 ; 5.25 ;252.7847304;14.5913242;;;;;
21.02.2021 22:59;3.5;16.5; 9.93 ; 5.25 ;262.3237768;14.5913242;;;;;
21.02.2021 23:59;3;17; 10.23 ; 5.25 ;270.2729822;14.5913242;;;;;
22.02.2021 00:59;2.6;17.4; 10.48 ; 5.25 ;276.6323465;14.5913242;;;;;
22.02.2021 01:59;2.2;17.8; 10.72 ; 5.25 ;282.9917108;14.5913242;;;;;
22.02.2021 02:59;2;18; 10.84 ; 5.25 ;286.1713929;14.5913242;;;;;
22.02.2021 03:59;1.7;18.3; 11.02 ; 5.25 ;290.9409161;14.5913242;;;;;
22.02.2021 04:59;1.6;18.4; 11.08 ; 5.25 ;292.5307572;14.5913242;;;;;
22.02.2021 05:59;1.4;18.6; 11.20 ; 5.25 ;295.7104393;14.5913242;;;;;
22.02.2021 06:59;1.6;18.4; 11.08 ; 5.25 ;292.5307572;14.5913242;;;;;
22.02.2021 07:59;3.9;16.1; 9.69 ; 5.25 ;255.9644125;14.5913242;;;;;
22.02.2021 08:59;5.9;14.1; 8.49 ; 5.25 ;224.1675911;14.5913242;;;;;
22.02.2021 09:59;7.6;12.4; 7.47 ; 5.25 ;197.1402929;14.5913242;;;;;
22.02.2021 10:59;9.3;10.7; 6.44 ; 5.25 ;170.1129947;14.5913242;;;;;
22.02.2021 11:59;10.2;9.8; 5.90 ; 5.25 ;155.804425;14.5913242;;;;;
22.02.2021 12:59;11.3;8.7; 5.24 ; 5.25 ;138.3161732;14.5913242;;;;;
22.02.2021 13:59;11.7;8.3; 5.00 ; 5.25 ;131.9568089;14.5913242;;;;;
22.02.2021 14:59;11.5;8.5; 5.12 ; 5.25 ;135.1364911;14.5913242;;;;;
22.02.2021 15:59;10.6;9.4; 5.66 ; 5.25 ;149.4450607;14.5913242;;;;;
22.02.2021 16:59;9.1;10.9; 6.56 ; 5.25 ;173.2926768;14.5913242;;;;;
22.02.2021 17:59;8.5;11.5; 6.92 ; 5.25 ;182.8317232;14.5913242;;;;;
22.02.2021 18:59;7.8;12.2; 7.34 ; 5.25 ;193.9606107;14.5913242;;;;;
22.02.2021 19:59;7.2;12.8; 7.71 ; 5.25 ;203.4996572;14.5913242;;;;;
22.02.2021 20:59;6.6;13.4; 8.07 ; 5.25 ;213.0387036;14.5913242;;;;;
22.02.2021 21:59;5.9;14.1; 8.49 ; 5.25 ;224.1675911;14.5913242;;;;;
22.02.2021 22:59;5.3;14.7; 8.85 ; 5.25 ;233.7066375;14.5913242;;;;;
22.02.2021 23:59;4.8;15.2; 9.15 ; 5.25 ;241.6558429;14.5913242;;;;;
23.02.2021 00:59;4.2;15.8; 9.51 ; 5.25 ;251.1948893;14.5913242;;;;;
23.02.2021 01:59;3.6;16.4; 9.87 ; 5.25 ;260.7339357;14.5913242;;;;;
23.02.2021 02:59;3.3;16.7; 10.05 ; 5.25 ;265.503459;14.5913242;;;;;
23.02.2021 03:59;3;17; 10.23 ; 5.25 ;270.2729822;14.5913242;;;;;
23.02.2021 04:59;2.8;17.2; 10.36 ; 5.25 ;273.4526643;14.5913242;;;;;
23.02.2021 05:59;2.6;17.4; 10.48 ; 5.25 ;276.6323465;14.5913242;;;;;
23.02.2021 06:59;2.8;17.2; 10.36 ; 5.25 ;273.4526643;14.5913242;;;;;
23.02.2021 07:59;4.9;15.1; 9.09 ; 5.25 ;240.0660018;14.5913242;;;;;
23.02.2021 08:59;7.3;12.7; 7.65 ; 5.25 ;201.9098161;14.5913242;;;;;
23.02.2021 09:59;9.6;10.4; 6.26 ; 5.25 ;165.3434715;14.5913242;;;;;
23.02.2021 10:59;11.4;8.6; 5.18 ; 5.25 ;136.7263322;14.5913242;;;;;
23.02.2021 11:59;12.9;7.1; 4.27 ; 5.25 ;112.8787161;14.5913242;;;;;
23.02.2021 12:59;13.7;6.3; 3.79 ; 5.25 ;100.1599875;14.5913242;;;;;
23.02.2021 13:59;14.1;5.9; 3.55 ; 5.25 ;93.80062323;14.5913242;;;;;
23.02.2021 14:59;14;6; 3.61 ; 5.25 ;95.3904643;14.5913242;;;;;
23.02.2021 15:59;13.2;6.8; 4.09 ; 5.25 ;108.1091929;14.5913242;;;;;
23.02.2021 16:59;11.5;8.5; 5.12 ; 5.25 ;135.1364911;14.5913242;;;;;
23.02.2021 17:59;10.7;9.3; 5.60 ; 5.25 ;147.8552197;14.5913242;;;;;
23.02.2021 18:59;9.9;10.1; 6.08 ; 5.25 ;160.5739482;14.5913242;;;;;
23.02.2021 19:59;9;11; 6.62 ; 5.25 ;174.8825179;14.5913242;;;;;
23.02.2021 20:59;8.2;11.8; 7.10 ; 5.25 ;187.6012465;14.5913242;;;;;
23.02.2021 21:59;7.4;12.6; 7.59 ; 5.25 ;200.319975;14.5913242;;;;;
23.02.2021 22:59;6.6;13.4; 8.07 ; 5.25 ;213.0387036;14.5913242;;;;;
23.02.2021 23:59;5.8;14.2; 8.55 ; 5.25 ;225.7574322;14.5913242;;;;;
24.02.2021 00:59;5.1;14.9; 8.97 ; 5.25 ;236.8863197;14.5913242;;;;;
24.02.2021 01:59;4.4;15.6; 9.39 ; 5.25 ;248.0152072;14.5913242;;;;;
24.02.2021 02:59;4.1;15.9; 9.57 ; 5.25 ;252.7847304;14.5913242;;;;;
24.02.2021 03:59;3.7;16.3; 9.81 ; 5.25 ;259.1440947;14.5913242;;;;;
24.02.2021 04:59;3.5;16.5; 9.93 ; 5.25 ;262.3237768;14.5913242;;;;;
24.02.2021 05:59;3.3;16.7; 10.05 ; 5.25 ;265.503459;14.5913242;;;;;
24.02.2021 06:59;3.5;16.5; 9.93 ; 5.25 ;262.3237768;14.5913242;;;;;
24.02.2021 07:59;5.5;14.5; 8.73 ; 5.25 ;230.5269554;14.5913242;;;;;
24.02.2021 08:59;7.8;12.2; 7.34 ; 5.25 ;193.9606107;14.5913242;;;;;
24.02.2021 09:59;10;10; 6.02 ; 5.25 ;158.9841072;14.5913242;;;;;
24.02.2021 10:59;11.8;8.2; 4.94 ; 5.25 ;130.3669679;14.5913242;;;;;
24.02.2021 11:59;13.3;6.7; 4.03 ; 5.25 ;106.5193518;14.5913242;;;;;
24.02.2021 12:59;14.2;5.8; 3.49 ; 5.25 ;92.21078215;14.5913242;;;;;
24.02.2021 13:59;14.7;5.3; 3.19 ; 5.25 ;84.2615768;14.5913242;;;;;
24.02.2021 14:59;14.6;5.4; 3.25 ; 5.25 ;85.85141787;14.5913242;;;;;
24.02.2021 15:59;13.8;6.2; 3.73 ; 5.25 ;98.57014644;14.5913242;;;;;
24.02.2021 16:59;12.2;7.8; 4.70 ; 5.25 ;124.0076036;14.5913242;;;;;
24.02.2021 17:59;11.6;8.4; 5.06 ; 5.25 ;133.54665;14.5913242;;;;;
24.02.2021 18:59;11;9; 5.42 ; 5.25 ;143.0856964;14.5913242;;;;;
24.02.2021 19:59;10.4;9.6; 5.78 ; 5.25 ;152.6247429;14.5913242;;;;;
24.02.2021 20:59;9.8;10.2; 6.14 ; 5.25 ;162.1637893;14.5913242;;;;;
24.02.2021 21:59;9.2;10.8; 6.50 ; 5.25 ;171.7028357;14.5913242;;;;;
24.02.2021 22:59;8.6;11.4; 6.86 ; 5.25 ;181.2418822;14.5913242;;;;;
24.02.2021 23:59;7.9;12.1; 7.28 ; 5.25 ;192.3707697;14.5913242;;;;;
25.02.2021 00:59;7.2;12.8; 7.71 ; 5.25 ;203.4996572;14.5913242;;;;;
25.02.2021 01:59;6.5;13.5; 8.13 ; 5.25 ;214.6285447;14.5913242;;;;;
25.02.2021 02:59;6.1;13.9; 8.37 ; 5.25 ;220.987909;14.5913242;;;;;
25.02.2021 03:59;5.6;14.4; 8.67 ; 5.25 ;228.9371143;14.5913242;;;;;
25.02.2021 04:59;5.4;14.6; 8.79 ; 5.25 ;232.1167965;14.5913242;;;;;
25.02.2021 05:59;5.1;14.9; 8.97 ; 5.25 ;236.8863197;14.5913242;;;;;
25.02.2021 06:59;5.1;14.9; 8.97 ; 5.25 ;236.8863197;14.5913242;;;;;
25.02.2021 07:59;5.1;14.9; 8.97 ; 5.25 ;236.8863197;14.5913242;;;;;
25.02.2021 08:59;5.4;14.6; 8.79 ; 5.25 ;232.1167965;14.5913242;;;;;
25.02.2021 09:59;5.5;14.5; 8.73 ; 5.25 ;230.5269554;14.5913242;;;;;
25.02.2021 10:59;5.7;14.3; 8.61 ; 5.25 ;227.3472732;14.5913242;;;;;
25.02.2021 11:59;5.4;14.6; 8.79 ; 5.25 ;232.1167965;14.5913242;;;;;
25.02.2021 12:59;7;13; 7.83 ; 5.25 ;206.6793393;14.5913242;;;;;
25.02.2021 13:59;7.8;12.2; 7.34 ; 5.25 ;193.9606107;14.5913242;;;;;
25.02.2021 14:59;8.2;11.8; 7.10 ; 5.25 ;187.6012465;14.5913242;;;;;
25.02.2021 15:59;8.2;11.8; 7.10 ; 5.25 ;187.6012465;14.5913242;;;;;
25.02.2021 16:59;7.6;12.4; 7.47 ; 5.25 ;197.1402929;14.5913242;;;;;
25.02.2021 17:59;7.4;12.6; 7.59 ; 5.25 ;200.319975;14.5913242;;;;;
25.02.2021 18:59;7.2;12.8; 7.71 ; 5.25 ;203.4996572;14.5913242;;;;;
25.02.2021 19:59;7;13; 7.83 ; 5.25 ;206.6793393;14.5913242;;;;;
25.02.2021 20:59;6.7;13.3; 8.01 ; 5.25 ;211.4488625;14.5913242;;;;;
25.02.2021 21:59;6.5;13.5; 8.13 ; 5.25 ;214.6285447;14.5913242;;;;;
25.02.2021 22:59;6.3;13.7; 8.25 ; 5.25 ;217.8082268;14.5913242;;;;;
25.02.2021 23:59;6.3;13.7; 8.25 ; 5.25 ;217.8082268;14.5913242;;;;;
26.02.2021 00:59;6.4;13.6; 8.19 ; 5.25 ;216.2183857;14.5913242;;;;;
26.02.2021 01:59;6.5;13.5; 8.13 ; 5.25 ;214.6285447;14.5913242;;;;;
26.02.2021 02:59;6.6;13.4; 8.07 ; 5.25 ;213.0387036;14.5913242;;;;;
26.02.2021 03:59;6.6;13.4; 8.07 ; 5.25 ;213.0387036;14.5913242;;;;;
26.02.2021 04:59;6.7;13.3; 8.01 ; 5.25 ;211.4488625;14.5913242;;;;;
26.02.2021 05:59;6.8;13.2; 7.95 ; 5.25 ;209.8590215;14.5913242;;;;;
26.02.2021 06:59;6.9;13.1; 7.89 ; 5.25 ;208.2691804;14.5913242;;;;;
26.02.2021 07:59;7.8;12.2; 7.34 ; 5.25 ;193.9606107;14.5913242;;;;;
26.02.2021 08:59;8.7;11.3; 6.80 ; 5.25 ;179.6520411;14.5913242;;;;;
26.02.2021 09:59;9;11; 6.62 ; 5.25 ;174.8825179;14.5913242;;;;;
26.02.2021 10:59;9.5;10.5; 6.32 ; 5.25 ;166.9333125;14.5913242;;;;;
26.02.2021 11:59;9.5;10.5; 6.32 ; 5.25 ;166.9333125;14.5913242;;;;;
26.02.2021 12:59;11.7;8.3; 5.00 ; 5.25 ;131.9568089;14.5913242;;;;;
26.02.2021 13:59;13.1;6.9; 4.15 ; 5.25 ;109.6990339;14.5913242;;;;;
26.02.2021 14:59;13.8;6.2; 3.73 ; 5.25 ;98.57014644;14.5913242;;;;;
26.02.2021 15:59;13.9;6.1; 3.67 ; 5.25 ;96.98030537;14.5913242;;;;;
26.02.2021 16:59;13.4;6.6; 3.97 ; 5.25 ;104.9295107;14.5913242;;;;;
26.02.2021 17:59;12.5;7.5; 4.52 ; 5.25 ;119.2380804;14.5913242;;;;;
26.02.2021 18:59;12.2;7.8; 4.70 ; 5.25 ;124.0076036;14.5913242;;;;;
26.02.2021 19:59;11.8;8.2; 4.94 ; 5.25 ;130.3669679;14.5913242;;;;;
26.02.2021 20:59;11.4;8.6; 5.18 ; 5.25 ;136.7263322;14.5913242;;;;;
26.02.2021 21:59;11;9; 5.42 ; 5.25 ;143.0856964;14.5913242;;;;;
26.02.2021 22:59;10.6;9.4; 5.66 ; 5.25 ;149.4450607;14.5913242;;;;;
26.02.2021 23:59;10;10; 6.02 ; 5.25 ;158.9841072;14.5913242;;;;;
27.02.2021 00:59;9.2;10.8; 6.50 ; 5.25 ;171.7028357;14.5913242;;;;;
27.02.2021 01:59;8.5;11.5; 6.92 ; 5.25 ;182.8317232;14.5913242;;;;;
27.02.2021 02:59;8.2;11.8; 7.10 ; 5.25 ;187.6012465;14.5913242;;;;;
27.02.2021 03:59;7.8;12.2; 7.34 ; 5.25 ;193.9606107;14.5913242;;;;;
27.02.2021 04:59;7.5;12.5; 7.53 ; 5.25 ;198.730134;14.5913242;;;;;
27.02.2021 05:59;7.2;12.8; 7.71 ; 5.25 ;203.4996572;14.5913242;;;;;
27.02.2021 06:59;7.1;12.9; 7.77 ; 5.25 ;205.0894982;14.5913242;;;;;
27.02.2021 07:59;7.2;12.8; 7.71 ; 5.25 ;203.4996572;14.5913242;;;;;
27.02.2021 08:59;7.3;12.7; 7.65 ; 5.25 ;201.9098161;14.5913242;;;;;
27.02.2021 09:59;7.4;12.6; 7.59 ; 5.25 ;200.319975;14.5913242;;;;;
27.02.2021 10:59;7.5;12.5; 7.53 ; 5.25 ;198.730134;14.5913242;;;;;
27.02.2021 11:59;7.4;12.6; 7.59 ; 5.25 ;200.319975;14.5913242;;;;;
27.02.2021 12:59;7.4;12.6; 7.59 ; 5.25 ;200.319975;14.5913242;;;;;
27.02.2021 13:59;7.2;12.8; 7.71 ; 5.25 ;203.4996572;14.5913242;;;;;
27.02.2021 14:59;7.3;12.7; 7.65 ; 5.25 ;201.9098161;14.5913242;;;;;
27.02.2021 15:59;6.9;13.1; 7.89 ; 5.25 ;208.2691804;14.5913242;;;;;
27.02.2021 16:59;5.9;14.1; 8.49 ; 5.25 ;224.1675911;14.5913242;;;;;
27.02.2021 17:59;6.9;13.1; 7.89 ; 5.25 ;208.2691804;14.5913242;;;;;
27.02.2021 18:59;6.4;13.6; 8.19 ; 5.25 ;216.2183857;14.5913242;;;;;
27.02.2021 19:59;5.9;14.1; 8.49 ; 5.25 ;224.1675911;14.5913242;;;;;
27.02.2021 20:59;5;15; 9.03 ; 5.25 ;238.4761607;14.5913242;;;;;
27.02.2021 21:59;4.9;15.1; 9.09 ; 5.25 ;240.0660018;14.5913242;;;;;
27.02.2021 22:59;4.6;15.4; 9.27 ; 5.25 ;244.835525;14.5913242;;;;;
27.02.2021 23:59;3.9;16.1; 9.69 ; 5.25 ;255.9644125;14.5913242;;;;;
28.02.2021 00:59;3.1;16.9; 10.17 ; 5.25 ;268.6831411;14.5913242;;;;;
28.02.2021 01:59;2.3;17.7; 10.66 ; 5.25 ;281.4018697;14.5913242;;;;;
28.02.2021 02:59;1.9;18.1; 10.90 ; 5.25 ;287.761234;14.5913242;;;;;
28.02.2021 03:59;1.5;18.5; 11.14 ; 5.25 ;294.1205983;14.5913242;;;;;
28.02.2021 04:59;1.2;18.8; 11.32 ; 5.25 ;298.8901215;14.5913242;;;;;
28.02.2021 05:59;0.9;19.1; 11.50 ; 5.25 ;303.6596447;14.5913242;;;;;
28.02.2021 06:59;1.2;18.8; 11.32 ; 5.25 ;298.8901215;14.5913242;;;;;
28.02.2021 07:59;2.8;17.2; 10.36 ; 5.25 ;273.4526643;14.5913242;;;;;
28.02.2021 08:59;4.2;15.8; 9.51 ; 5.25 ;251.1948893;14.5913242;;;;;
28.02.2021 09:59;5.6;14.4; 8.67 ; 5.25 ;228.9371143;14.5913242;;;;;
28.02.2021 10:59;6.7;13.3; 8.01 ; 5.25 ;211.4488625;14.5913242;;;;;
28.02.2021 11:59;8.3;11.7; 7.04 ; 5.25 ;186.0114054;14.5913242;;;;;
28.02.2021 12:59;8.4;11.6; 6.98 ; 5.25 ;184.4215643;14.5913242;;;;;
28.02.2021 13:59;7.3;12.7; 7.65 ; 5.25 ;201.9098161;14.5913242;;;;;
28.02.2021 14:59;6.2;13.8; 8.31 ; 5.25 ;219.3980679;14.5913242;;;;;
28.02.2021 15:59;5.5;14.5; 8.73 ; 5.25 ;230.5269554;14.5913242;;;;;
28.02.2021 16:59;4.6;15.4; 9.27 ; 5.25 ;244.835525;14.5913242;;;;;
28.02.2021 17:59;3.8;16.2; 9.75 ; 5.25 ;257.5542536;14.5913242;;;;;
28.02.2021 18:59;3.4;16.6; 9.99 ; 5.25 ;263.9136179;14.5913242;;;;;
28.02.2021 19:59;3;17; 10.23 ; 5.25 ;270.2729822;14.5913242;;;;;
28.02.2021 20:59;2.6;17.4; 10.48 ; 5.25 ;276.6323465;14.5913242;;;;;
28.02.2021 21:59;2.2;17.8; 10.72 ; 5.25 ;282.9917108;14.5913242;;;;;
28.02.2021 22:59;1.8;18.2; 10.96 ; 5.25 ;289.351075;14.5913242;;;;;
28.02.2021 23:59;1.4;18.6; 11.20 ; 5.25 ;295.7104393;14.5913242;;;;;
01.03.2021 00:59;1.1;18.9; 11.38 ; 5.25 ;300.4799625;14.5913242;;;;;
01.03.2021 01:59;0.8;19.2; 11.56 ; 5.25 ;305.2494858;14.5913242;;;;;
01.03.2021 02:59;0.6;19.4; 11.68 ; 5.25 ;308.4291679;14.5913242;;;;;
01.03.2021 03:59;0.4;19.6; 11.80 ; 5.25 ;311.60885;14.5913242;;;;;
01.03.2021 04:59;0.4;19.6; 11.80 ; 5.25 ;311.60885;14.5913242;;;;;
01.03.2021 05:59;0.3;19.7; 11.86 ; 5.25 ;313.1986911;14.5913242;;;;;
01.03.2021 06:59;0.3;19.7; 11.86 ; 5.25 ;313.1986911;14.5913242;;;;;
01.03.2021 07:59;0.8;19.2; 11.56 ; 5.25 ;305.2494858;14.5913242;;;;;
01.03.2021 08:59;1.2;18.8; 11.32 ; 5.25 ;298.8901215;14.5913242;;;;;
01.03.2021 09:59;1.4;18.6; 11.20 ; 5.25 ;295.7104393;14.5913242;;;;;
01.03.2021 10:59;1.4;18.6; 11.20 ; 5.25 ;295.7104393;14.5913242;;;;;
01.03.2021 11:59;1.6;18.4; 11.08 ; 5.25 ;292.5307572;14.5913242;;;;;
01.03.2021 12:59;3;17; 10.23 ; 5.25 ;270.2729822;14.5913242;;;;;
01.03.2021 13:59;4.1;15.9; 9.57 ; 5.25 ;252.7847304;14.5913242;;;;;
01.03.2021 14:59;4.6;15.4; 9.27 ; 5.25 ;244.835525;14.5913242;;;;;
01.03.2021 15:59;4.7;15.3; 9.21 ; 5.25 ;243.245684;14.5913242;;;;;
01.03.2021 16:59;4.3;15.7; 9.45 ; 5.25 ;249.6050482;14.5913242;;;;;
01.03.2021 17:59;3.7;16.3; 9.81 ; 5.25 ;259.1440947;14.5913242;;;;;
01.03.2021 18:59;2.9;17.1; 10.29 ; 5.25 ;271.8628233;14.5913242;;;;;
01.03.2021 19:59;2.4;17.6; 10.60 ; 5.25 ;279.8120286;14.5913242;;;;;
01.03.2021 20:59;1.8;18.2; 10.96 ; 5.25 ;289.351075;14.5913242;;;;;
01.03.2021 21:59;1.1;18.9; 11.38 ; 5.25 ;300.4799625;14.5913242;;;;;
01.03.2021 22:59;0.4;19.6; 11.80 ; 5.25 ;311.60885;14.5913242;;;;;
01.03.2021 23:59;-0.4;20.4; 12.28 ; 5.25 ;324.3275786;14.5913242;;;;;
02.03.2021 00:59;-1.1;21.1; 12.70 ; 5.25 ;335.4564661;14.5913242;;;;;
02.03.2021 01:59;-2;22; 13.24 ; 5.25 ;349.7650358;14.5913242;;;;;
02.03.2021 02:59;-2.4;22.4; 13.49 ; 5.25 ;356.1244;14.5913242;;;;;
02.03.2021 03:59;-2.9;22.9; 13.79 ; 5.25 ;364.0736054;14.5913242;;;;;
02.03.2021 04:59;-3.2;23.2; 13.97 ; 5.25 ;368.8431286;14.5913242;;;;;
02.03.2021 05:59;-3.5;23.5; 14.15 ; 5.25 ;373.6126518;14.5913242;;;;;
02.03.2021 06:59;-3.3;23.3; 14.03 ; 5.25 ;370.4329697;14.5913242;;;;;
02.03.2021 07:59;-3.2;23.2; 13.97 ; 5.25 ;368.8431286;14.5913242;;;;;
02.03.2021 08:59;-3;23; 13.85 ; 5.25 ;365.6634465;14.5913242;;;;;
02.03.2021 09:59;-3;23; 13.85 ; 5.25 ;365.6634465;14.5913242;;;;;
02.03.2021 10:59;-2.1;22.1; 13.31 ; 5.25 ;351.3548768;14.5913242;;;;;
02.03.2021 11:59;-1.7;21.7; 13.06 ; 5.25 ;344.9955125;14.5913242;;;;;
02.03.2021 12:59;-1.3;21.3; 12.82 ; 5.25 ;338.6361483;14.5913242;;;;;
02.03.2021 13:59;-0.7;20.7; 12.46 ; 5.25 ;329.0971018;14.5913242;;;;;
02.03.2021 14:59;-0.4;20.4; 12.28 ; 5.25 ;324.3275786;14.5913242;;;;;
02.03.2021 15:59;-0.7;20.7; 12.46 ; 5.25 ;329.0971018;14.5913242;;;;;
02.03.2021 16:59;-1.1;21.1; 12.70 ; 5.25 ;335.4564661;14.5913242;;;;;
02.03.2021 17:59;-1.7;21.7; 13.06 ; 5.25 ;344.9955125;14.5913242;;;;;
02.03.2021 18:59;-1.7;21.7; 13.06 ; 5.25 ;344.9955125;14.5913242;;;;;
02.03.2021 19:59;-1.7;21.7; 13.06 ; 5.25 ;344.9955125;14.5913242;;;;;
02.03.2021 20:59;-1.8;21.8; 13.12 ; 5.25 ;346.5853536;14.5913242;;;;;
02.03.2021 21:59;-1.8;21.8; 13.12 ; 5.25 ;346.5853536;14.5913242;;;;;
02.03.2021 22:59;-1.9;21.9; 13.18 ; 5.25 ;348.1751947;14.5913242;;;;;
02.03.2021 23:59;-1.6;21.6; 13.00 ; 5.25 ;343.4056715;14.5913242;;;;;
03.03.2021 00:59;-1.4;21.4; 12.88 ; 5.25 ;340.2259893;14.5913242;;;;;
03.03.2021 01:59;-1.1;21.1; 12.70 ; 5.25 ;335.4564661;14.5913242;;;;;
03.03.2021 02:59;-1;21; 12.64 ; 5.25 ;333.866625;14.5913242;;;;;
03.03.2021 03:59;-0.9;20.9; 12.58 ; 5.25 ;332.276784;14.5913242;;;;;
03.03.2021 04:59;-0.6;20.6; 12.40 ; 5.25 ;327.5072608;14.5913242;;;;;
03.03.2021 05:59;-0.7;20.7; 12.46 ; 5.25 ;329.0971018;14.5913242;;;;;
03.03.2021 06:59;-1.8;21.8; 13.12 ; 5.25 ;346.5853536;14.5913242;;;;;
03.03.2021 07:59;-0.5;20.5; 12.34 ; 5.25 ;325.9174197;14.5913242;;;;;
03.03.2021 08:59;0.6;19.4; 11.68 ; 5.25 ;308.4291679;14.5913242;;;;;
03.03.2021 09:59;1.1;18.9; 11.38 ; 5.25 ;300.4799625;14.5913242;;;;;
03.03.2021 10:59;1.1;18.9; 11.38 ; 5.25 ;300.4799625;14.5913242;;;;;
03.03.2021 11:59;1.6;18.4; 11.08 ; 5.25 ;292.5307572;14.5913242;;;;;
03.03.2021 12:59;2.1;17.9; 10.78 ; 5.25 ;284.5815518;14.5913242;;;;;
03.03.2021 13:59;2.2;17.8; 10.72 ; 5.25 ;282.9917108;14.5913242;;;;;
03.03.2021 14:59;2.3;17.7; 10.66 ; 5.25 ;281.4018697;14.5913242;;;;;
03.03.2021 15:59;2.2;17.8; 10.72 ; 5.25 ;282.9917108;14.5913242;;;;;
03.03.2021 16:59;1.9;18.1; 10.90 ; 5.25 ;287.761234;14.5913242;;;;;
03.03.2021 17:59;1.7;18.3; 11.02 ; 5.25 ;290.9409161;14.5913242;;;;;
03.03.2021 18:59;1.6;18.4; 11.08 ; 5.25 ;292.5307572;14.5913242;;;;;
03.03.2021 19:59;1.5;18.5; 11.14 ; 5.25 ;294.1205983;14.5913242;;;;;
03.03.2021 20:59;1.4;18.6; 11.20 ; 5.25 ;295.7104393;14.5913242;;;;;
03.03.2021 21:59;1.2;18.8; 11.32 ; 5.25 ;298.8901215;14.5913242;;;;;
03.03.2021 22:59;1.1;18.9; 11.38 ; 5.25 ;300.4799625;14.5913242;;;;;
03.03.2021 23:59;0.2;19.8; 11.92 ; 5.25 ;314.7885322;14.5913242;;;;;
04.03.2021 00:59;-0.8;20.8; 12.52 ; 5.25 ;330.6869429;14.5913242;;;;;
04.03.2021 01:59;-1.9;21.9; 13.18 ; 5.25 ;348.1751947;14.5913242;;;;;
04.03.2021 02:59;-2.5;22.5; 13.55 ; 5.25 ;357.7142411;14.5913242;;;;;
04.03.2021 03:59;-3.1;23.1; 13.91 ; 5.25 ;367.2532875;14.5913242;;;;;
04.03.2021 04:59;-3.5;23.5; 14.15 ; 5.25 ;373.6126518;14.5913242;;;;;
04.03.2021 05:59;-4;24; 14.45 ; 5.25 ;381.5618572;14.5913242;;;;;
04.03.2021 06:59;-3.8;23.8; 14.33 ; 5.25 ;378.382175;14.5913242;;;;;
04.03.2021 07:59;-2.2;22.2; 13.37 ; 5.25 ;352.9447179;14.5913242;;;;;
04.03.2021 08:59;-0.7;20.7; 12.46 ; 5.25 ;329.0971018;14.5913242;;;;;
04.03.2021 09:59;0.6;19.4; 11.68 ; 5.25 ;308.4291679;14.5913242;;;;;
04.03.2021 10:59;1.7;18.3; 11.02 ; 5.25 ;290.9409161;14.5913242;;;;;
04.03.2021 11:59;2.6;17.4; 10.48 ; 5.25 ;276.6323465;14.5913242;;;;;
04.03.2021 12:59;3;17; 10.23 ; 5.25 ;270.2729822;14.5913242;;;;;
04.03.2021 13:59;3.2;16.8; 10.11 ; 5.25 ;267.0933;14.5913242;;;;;
04.03.2021 14:59;2.9;17.1; 10.29 ; 5.25 ;271.8628233;14.5913242;;;;;
04.03.2021 15:59;2.2;17.8; 10.72 ; 5.25 ;282.9917108;14.5913242;;;;;
04.03.2021 16:59;1;19; 11.44 ; 5.25 ;302.0698036;14.5913242;;;;;
04.03.2021 17:59;-0.2;20.2; 12.16 ; 5.25 ;321.1478965;14.5913242;;;;;
04.03.2021 18:59;-1;21; 12.64 ; 5.25 ;333.866625;14.5913242;;;;;
04.03.2021 19:59;-1.8;21.8; 13.12 ; 5.25 ;346.5853536;14.5913242;;;;;
04.03.2021 20:59;-2.6;22.6; 13.61 ; 5.25 ;359.3040822;14.5913242;;;;;
04.03.2021 21:59;-3.4;23.4; 14.09 ; 5.25 ;372.0228108;14.5913242;;;;;
04.03.2021 22:59;-4.2;24.2; 14.57 ; 5.25 ;384.7415393;14.5913242;;;;;
04.03.2021 23:59;-4.3;24.3; 14.63 ; 5.25 ;386.3313804;14.5913242;;;;;
05.03.2021 00:59;-4.5;24.5; 14.75 ; 5.25 ;389.5110626;14.5913242;;;;;
05.03.2021 01:59;-4.6;24.6; 14.81 ; 5.25 ;391.1009036;14.5913242;;;;;
05.03.2021 02:59;-4.7;24.7; 14.87 ; 5.25 ;392.6907447;14.5913242;;;;;
05.03.2021 03:59;-4.7;24.7; 14.87 ; 5.25 ;392.6907447;14.5913242;;;;;
05.03.2021 04:59;-4.8;24.8; 14.93 ; 5.25 ;394.2805858;14.5913242;;;;;
05.03.2021 05:59;-4.8;24.8; 14.93 ; 5.25 ;394.2805858;14.5913242;;;;;
05.03.2021 06:59;-4.3;24.3; 14.63 ; 5.25 ;386.3313804;14.5913242;;;;;
05.03.2021 07:59;-2.1;22.1; 13.31 ; 5.25 ;351.3548768;14.5913242;;;;;
05.03.2021 08:59;0;20; 12.04 ; 5.25 ;317.9682143;14.5913242;;;;;
05.03.2021 09:59;1.9;18.1; 10.90 ; 5.25 ;287.761234;14.5913242;;;;;
05.03.2021 10:59;3.5;16.5; 9.93 ; 5.25 ;262.3237768;14.5913242;;;;;
05.03.2021 11:59;4.7;15.3; 9.21 ; 5.25 ;243.245684;14.5913242;;;;;
05.03.2021 12:59;5.5;14.5; 8.73 ; 5.25 ;230.5269554;14.5913242;;;;;
05.03.2021 13:59;5.9;14.1; 8.49 ; 5.25 ;224.1675911;14.5913242;;;;;
05.03.2021 14:59;5.9;14.1; 8.49 ; 5.25 ;224.1675911;14.5913242;;;;;
05.03.2021 15:59;5.3;14.7; 8.85 ; 5.25 ;233.7066375;14.5913242;;;;;
05.03.2021 16:59;4.1;15.9; 9.57 ; 5.25 ;252.7847304;14.5913242;;;;;
05.03.2021 17:59;2.7;17.3; 10.42 ; 5.25 ;275.0425054;14.5913242;;;;;
05.03.2021 18:59;2.2;17.8; 10.72 ; 5.25 ;282.9917108;14.5913242;;;;;
05.03.2021 19:59;1.7;18.3; 11.02 ; 5.25 ;290.9409161;14.5913242;;;;;
05.03.2021 20:59;1.3;18.7; 11.26 ; 5.25 ;297.3002804;14.5913242;;;;;
05.03.2021 21:59;0.8;19.2; 11.56 ; 5.25 ;305.2494858;14.5913242;;;;;
05.03.2021 22:59;0.3;19.7; 11.86 ; 5.25 ;313.1986911;14.5913242;;;;;
05.03.2021 23:59;-0.2;20.2; 12.16 ; 5.25 ;321.1478965;14.5913242;;;;;
06.03.2021 00:59;-0.7;20.7; 12.46 ; 5.25 ;329.0971018;14.5913242;;;;;
06.03.2021 01:59;-1.2;21.2; 12.76 ; 5.25 ;337.0463072;14.5913242;;;;;
06.03.2021 02:59;-1.4;21.4; 12.88 ; 5.25 ;340.2259893;14.5913242;;;;;
06.03.2021 03:59;-1.7;21.7; 13.06 ; 5.25 ;344.9955125;14.5913242;;;;;
06.03.2021 04:59;-1.9;21.9; 13.18 ; 5.25 ;348.1751947;14.5913242;;;;;
06.03.2021 05:59;-2.1;22.1; 13.31 ; 5.25 ;351.3548768;14.5913242;;;;;
06.03.2021 06:59;-1.5;21.5; 12.94 ; 5.25 ;341.8158304;14.5913242;;;;;
06.03.2021 07:59;0.4;19.6; 11.80 ; 5.25 ;311.60885;14.5913242;;;;;
06.03.2021 08:59;2.1;17.9; 10.78 ; 5.25 ;284.5815518;14.5913242;;;;;
06.03.2021 09:59;3.6;16.4; 9.87 ; 5.25 ;260.7339357;14.5913242;;;;;
06.03.2021 10:59;5;15; 9.03 ; 5.25 ;238.4761607;14.5913242;;;;;
06.03.2021 11:59;6.4;13.6; 8.19 ; 5.25 ;216.2183857;14.5913242;;;;;
06.03.2021 12:59;7.2;12.8; 7.71 ; 5.25 ;203.4996572;14.5913242;;;;;
06.03.2021 13:59;7.3;12.7; 7.65 ; 5.25 ;201.9098161;14.5913242;;;;;
06.03.2021 14:59;7.1;12.9; 7.77 ; 5.25 ;205.0894982;14.5913242;;;;;
06.03.2021 15:59;6.4;13.6; 8.19 ; 5.25 ;216.2183857;14.5913242;;;;;
06.03.2021 16:59;5.2;14.8; 8.91 ; 5.25 ;235.2964786;14.5913242;;;;;
06.03.2021 17:59;3.9;16.1; 9.69 ; 5.25 ;255.9644125;14.5913242;;;;;
06.03.2021 18:59;3.4;16.6; 9.99 ; 5.25 ;263.9136179;14.5913242;;;;;
06.03.2021 19:59;2.8;17.2; 10.36 ; 5.25 ;273.4526643;14.5913242;;;;;
06.03.2021 20:59;2.3;17.7; 10.66 ; 5.25 ;281.4018697;14.5913242;;;;;
06.03.2021 21:59;1.7;18.3; 11.02 ; 5.25 ;290.9409161;14.5913242;;;;;
06.03.2021 22:59;1.1;18.9; 11.38 ; 5.25 ;300.4799625;14.5913242;;;;;
06.03.2021 23:59;0.7;19.3; 11.62 ; 5.25 ;306.8393268;14.5913242;;;;;
07.03.2021 00:59;0.2;19.8; 11.92 ; 5.25 ;314.7885322;14.5913242;;;;;
07.03.2021 01:59;-0.3;20.3; 12.22 ; 5.25 ;322.7377375;14.5913242;;;;;
07.03.2021 02:59;-0.6;20.6; 12.40 ; 5.25 ;327.5072608;14.5913242;;;;;
07.03.2021 03:59;-0.9;20.9; 12.58 ; 5.25 ;332.276784;14.5913242;;;;;
07.03.2021 04:59;-1.1;21.1; 12.70 ; 5.25 ;335.4564661;14.5913242;;;;;
07.03.2021 05:59;-1.2;21.2; 12.76 ; 5.25 ;337.0463072;14.5913242;;;;;
07.03.2021 06:59;-0.8;20.8; 12.52 ; 5.25 ;330.6869429;14.5913242;;;;;
07.03.2021 07:59;-0.2;20.2; 12.16 ; 5.25 ;321.1478965;14.5913242;;;;;
07.03.2021 08:59;0.2;19.8; 11.92 ; 5.25 ;314.7885322;14.5913242;;;;;
07.03.2021 09:59;1.3;18.7; 11.26 ; 5.25 ;297.3002804;14.5913242;;;;;
07.03.2021 10:59;2;18; 10.84 ; 5.25 ;286.1713929;14.5913242;;;;;
07.03.2021 11:59;3;17; 10.23 ; 5.25 ;270.2729822;14.5913242;;;;;
07.03.2021 12:59;4;16; 9.63 ; 5.25 ;254.3745715;14.5913242;;;;;
07.03.2021 13:59;4.2;15.8; 9.51 ; 5.25 ;251.1948893;14.5913242;;;;;
07.03.2021 14:59;4.2;15.8; 9.51 ; 5.25 ;251.1948893;14.5913242;;;;;
07.03.2021 15:59;4;16; 9.63 ; 5.25 ;254.3745715;14.5913242;;;;;
07.03.2021 16:59;3.5;16.5; 9.93 ; 5.25 ;262.3237768;14.5913242;;;;;
07.03.2021 17:59;2.7;17.3; 10.42 ; 5.25 ;275.0425054;14.5913242;;;;;
07.03.2021 18:59;2.3;17.7; 10.66 ; 5.25 ;281.4018697;14.5913242;;;;;
07.03.2021 19:59;2;18; 10.84 ; 5.25 ;286.1713929;14.5913242;;;;;
07.03.2021 20:59;1.6;18.4; 11.08 ; 5.25 ;292.5307572;14.5913242;;;;;
07.03.2021 21:59;1.2;18.8; 11.32 ; 5.25 ;298.8901215;14.5913242;;;;;
07.03.2021 22:59;0.8;19.2; 11.56 ; 5.25 ;305.2494858;14.5913242;;;;;
07.03.2021 23:59;0.6;19.4; 11.68 ; 5.25 ;308.4291679;14.5913242;;;;;
08.03.2021 00:59;0.5;19.5; 11.74 ; 5.25 ;310.019009;14.5913242;;;;;
08.03.2021 01:59;0.3;19.7; 11.86 ; 5.25 ;313.1986911;14.5913242;;;;;
08.03.2021 02:59;0.2;19.8; 11.92 ; 5.25 ;314.7885322;14.5913242;;;;;
08.03.2021 03:59;0.1;19.9; 11.98 ; 5.25 ;316.3783733;14.5913242;;;;;
08.03.2021 04:59;0.1;19.9; 11.98 ; 5.25 ;316.3783733;14.5913242;;;;;
08.03.2021 05:59;0.1;19.9; 11.98 ; 5.25 ;316.3783733;14.5913242;;;;;
08.03.2021 06:59;0.5;19.5; 11.74 ; 5.25 ;310.019009;14.5913242;;;;;
08.03.2021 07:59;2.1;17.9; 10.78 ; 5.25 ;284.5815518;14.5913242;;;;;
08.03.2021 08:59;2.5;17.5; 10.54 ; 5.25 ;278.2221875;14.5913242;;;;;
08.03.2021 09:59;2.8;17.2; 10.36 ; 5.25 ;273.4526643;14.5913242;;;;;
08.03.2021 10:59;3;17; 10.23 ; 5.25 ;270.2729822;14.5913242;;;;;
08.03.2021 11:59;4.4;15.6; 9.39 ; 5.25 ;248.0152072;14.5913242;;;;;
08.03.2021 12:59;6.3;13.7; 8.25 ; 5.25 ;217.8082268;14.5913242;;;;;
08.03.2021 13:59;7.2;12.8; 7.71 ; 5.25 ;203.4996572;14.5913242;;;;;
08.03.2021 14:59;6.9;13.1; 7.89 ; 5.25 ;208.2691804;14.5913242;;;;;
08.03.2021 15:59;5.8;14.2; 8.55 ; 5.25 ;225.7574322;14.5913242;;;;;
08.03.2021 16:59;5;15; 9.03 ; 5.25 ;238.4761607;14.5913242;;;;;
08.03.2021 17:59;4.2;15.8; 9.51 ; 5.25 ;251.1948893;14.5913242;;;;;
08.03.2021 18:59;4.2;15.8; 9.51 ; 5.25 ;251.1948893;14.5913242;;;;;
08.03.2021 19:59;4.1;15.9; 9.57 ; 5.25 ;252.7847304;14.5913242;;;;;
08.03.2021 20:59;4.1;15.9; 9.57 ; 5.25 ;252.7847304;14.5913242;;;;;
08.03.2021 21:59;4;16; 9.63 ; 5.25 ;254.3745715;14.5913242;;;;;
08.03.2021 22:59;3.9;16.1; 9.69 ; 5.25 ;255.9644125;14.5913242;;;;;
08.03.2021 23:59;3.7;16.3; 9.81 ; 5.25 ;259.1440947;14.5913242;;;;;
09.03.2021 00:59;3.5;16.5; 9.93 ; 5.25 ;262.3237768;14.5913242;;;;;
09.03.2021 01:59;3.3;16.7; 10.05 ; 5.25 ;265.503459;14.5913242;;;;;
09.03.2021 02:59;3.1;16.9; 10.17 ; 5.25 ;268.6831411;14.5913242;;;;;
09.03.2021 03:59;2.9;17.1; 10.29 ; 5.25 ;271.8628233;14.5913242;;;;;
09.03.2021 04:59;2.9;17.1; 10.29 ; 5.25 ;271.8628233;14.5913242;;;;;
09.03.2021 05:59;3;17; 10.23 ; 5.25 ;270.2729822;14.5913242;;;;;
09.03.2021 06:59;3.2;16.8; 10.11 ; 5.25 ;267.0933;14.5913242;;;;;
09.03.2021 07:59;3.5;16.5; 9.93 ; 5.25 ;262.3237768;14.5913242;;;;;
09.03.2021 08:59;3.8;16.2; 9.75 ; 5.25 ;257.5542536;14.5913242;;;;;
09.03.2021 09:59;4.1;15.9; 9.57 ; 5.25 ;252.7847304;14.5913242;;;;;
09.03.2021 10:59;4.4;15.6; 9.39 ; 5.25 ;248.0152072;14.5913242;;;;;
09.03.2021 11:59;4.7;15.3; 9.21 ; 5.25 ;243.245684;14.5913242;;;;;
09.03.2021 12:59;4.8;15.2; 9.15 ; 5.25 ;241.6558429;14.5913242;;;;;
09.03.2021 13:59;4.9;15.1; 9.09 ; 5.25 ;240.0660018;14.5913242;;;;;
09.03.2021 14:59;4.9;15.1; 9.09 ; 5.25 ;240.0660018;14.5913242;;;;;
09.03.2021 15:59;4.8;15.2; 9.15 ; 5.25 ;241.6558429;14.5913242;;;;;
09.03.2021 16:59;4;16; 9.63 ; 5.25 ;254.3745715;14.5913242;;;;;
09.03.2021 17:59;4.4;15.6; 9.39 ; 5.25 ;248.0152072;14.5913242;;;;;
09.03.2021 18:59;4;16; 9.63 ; 5.25 ;254.3745715;14.5913242;;;;;
09.03.2021 19:59;3.7;16.3; 9.81 ; 5.25 ;259.1440947;14.5913242;;;;;
09.03.2021 20:59;3.3;16.7; 10.05 ; 5.25 ;265.503459;14.5913242;;;;;
09.03.2021 21:59;3;17; 10.23 ; 5.25 ;270.2729822;14.5913242;;;;;
09.03.2021 22:59;2.6;17.4; 10.48 ; 5.25 ;276.6323465;14.5913242;;;;;
09.03.2021 23:59;2.1;17.9; 10.78 ; 5.25 ;284.5815518;14.5913242;;;;;
10.03.2021 00:59;1.6;18.4; 11.08 ; 5.25 ;292.5307572;14.5913242;;;;;
10.03.2021 01:59;1.1;18.9; 11.38 ; 5.25 ;300.4799625;14.5913242;;;;;
10.03.2021 02:59;0.9;19.1; 11.50 ; 5.25 ;303.6596447;14.5913242;;;;;
10.03.2021 03:59;0.6;19.4; 11.68 ; 5.25 ;308.4291679;14.5913242;;;;;
10.03.2021 04:59;0.4;19.6; 11.80 ; 5.25 ;311.60885;14.5913242;;;;;
10.03.2021 05:59;0.4;19.6; 11.80 ; 5.25 ;311.60885;14.5913242;;;;;
10.03.2021 06:59;1.4;18.6; 11.20 ; 5.25 ;295.7104393;14.5913242;;;;;
10.03.2021 07:59;3.1;16.9; 10.17 ; 5.25 ;268.6831411;14.5913242;;;;;
10.03.2021 08:59;5;15; 9.03 ; 5.25 ;238.4761607;14.5913242;;;;;
10.03.2021 09:59;6.9;13.1; 7.89 ; 5.25 ;208.2691804;14.5913242;;;;;
10.03.2021 10:59;8.6;11.4; 6.86 ; 5.25 ;181.2418822;14.5913242;;;;;
10.03.2021 11:59;9.9;10.1; 6.08 ; 5.25 ;160.5739482;14.5913242;;;;;
10.03.2021 12:59;10.8;9.2; 5.54 ; 5.25 ;146.2653786;14.5913242;;;;;
10.03.2021 13:59;11.2;8.8; 5.30 ; 5.25 ;139.9060143;14.5913242;;;;;
10.03.2021 14:59;11.2;8.8; 5.30 ; 5.25 ;139.9060143;14.5913242;;;;;
10.03.2021 15:59;10.5;9.5; 5.72 ; 5.25 ;151.0349018;14.5913242;;;;;
10.03.2021 16:59;9.4;10.6; 6.38 ; 5.25 ;168.5231536;14.5913242;;;;;
10.03.2021 17:59;8.1;11.9; 7.16 ; 5.25 ;189.1910875;14.5913242;;;;;
10.03.2021 18:59;7.3;12.7; 7.65 ; 5.25 ;201.9098161;14.5913242;;;;;
10.03.2021 19:59;6.4;13.6; 8.19 ; 5.25 ;216.2183857;14.5913242;;;;;
10.03.2021 20:59;5.6;14.4; 8.67 ; 5.25 ;228.9371143;14.5913242;;;;;
10.03.2021 21:59;4.8;15.2; 9.15 ; 5.25 ;241.6558429;14.5913242;;;;;
10.03.2021 22:59;4;16; 9.63 ; 5.25 ;254.3745715;14.5913242;;;;;
10.03.2021 23:59;3.2;16.8; 10.11 ; 5.25 ;267.0933;14.5913242;;;;;
11.03.2021 00:59;2.5;17.5; 10.54 ; 5.25 ;278.2221875;14.5913242;;;;;
11.03.2021 01:59;1.7;18.3; 11.02 ; 5.25 ;290.9409161;14.5913242;;;;;
11.03.2021 02:59;1.3;18.7; 11.26 ; 5.25 ;297.3002804;14.5913242;;;;;
11.03.2021 03:59;0.9;19.1; 11.50 ; 5.25 ;303.6596447;14.5913242;;;;;
11.03.2021 04:59;0.7;19.3; 11.62 ; 5.25 ;306.8393268;14.5913242;;;;;
11.03.2021 05:59;0.7;19.3; 11.62 ; 5.25 ;306.8393268;14.5913242;;;;;
11.03.2021 06:59;1.8;18.2; 10.96 ; 5.25 ;289.351075;14.5913242;;;;;
11.03.2021 07:59;3.7;16.3; 9.81 ; 5.25 ;259.1440947;14.5913242;;;;;
11.03.2021 08:59;5.9;14.1; 8.49 ; 5.25 ;224.1675911;14.5913242;;;;;
11.03.2021 09:59;8.2;11.8; 7.10 ; 5.25 ;187.6012465;14.5913242;;;;;
11.03.2021 10:59;10.1;9.9; 5.96 ; 5.25 ;157.3942661;14.5913242;;;;;
11.03.2021 11:59;11.6;8.4; 5.06 ; 5.25 ;133.54665;14.5913242;;;;;
11.03.2021 12:59;12.7;7.3; 4.39 ; 5.25 ;116.0583982;14.5913242;;;;;
11.03.2021 13:59;13.3;6.7; 4.03 ; 5.25 ;106.5193518;14.5913242;;;;;
11.03.2021 14:59;13.3;6.7; 4.03 ; 5.25 ;106.5193518;14.5913242;;;;;
11.03.2021 15:59;12.6;7.4; 4.46 ; 5.25 ;117.6482393;14.5913242;;;;;
11.03.2021 16:59;11.3;8.7; 5.24 ; 5.25 ;138.3161732;14.5913242;;;;;
11.03.2021 17:59;9.8;10.2; 6.14 ; 5.25 ;162.1637893;14.5913242;;;;;
11.03.2021 18:59;8.6;11.4; 6.86 ; 5.25 ;181.2418822;14.5913242;;;;;
11.03.2021 19:59;7.3;12.7; 7.65 ; 5.25 ;201.9098161;14.5913242;;;;;
11.03.2021 20:59;6.1;13.9; 8.37 ; 5.25 ;220.987909;14.5913242;;;;;
11.03.2021 21:59;4.9;15.1; 9.09 ; 5.25 ;240.0660018;14.5913242;;;;;
11.03.2021 22:59;3.7;16.3; 9.81 ; 5.25 ;259.1440947;14.5913242;;;;;
11.03.2021 23:59;2.7;17.3; 10.42 ; 5.25 ;275.0425054;14.5913242;;;;;
12.03.2021 00:59;1.5;18.5; 11.14 ; 5.25 ;294.1205983;14.5913242;;;;;
12.03.2021 01:59;0.4;19.6; 11.80 ; 5.25 ;311.60885;14.5913242;;;;;
12.03.2021 02:59;-0.2;20.2; 12.16 ; 5.25 ;321.1478965;14.5913242;;;;;
12.03.2021 03:59;-0.8;20.8; 12.52 ; 5.25 ;330.6869429;14.5913242;;;;;
12.03.2021 04:59;-1.3;21.3; 12.82 ; 5.25 ;338.6361483;14.5913242;;;;;
12.03.2021 05:59;-1.3;21.3; 12.82 ; 5.25 ;338.6361483;14.5913242;;;;;
12.03.2021 06:59;-0.1;20.1; 12.10 ; 5.25 ;319.5580554;14.5913242;;;;;
12.03.2021 07:59;1.9;18.1; 10.90 ; 5.25 ;287.761234;14.5913242;;;;;
12.03.2021 08:59;4.1;15.9; 9.57 ; 5.25 ;252.7847304;14.5913242;;;;;
12.03.2021 09:59;6.2;13.8; 8.31 ; 5.25 ;219.3980679;14.5913242;;;;;
12.03.2021 10:59;8.2;11.8; 7.10 ; 5.25 ;187.6012465;14.5913242;;;;;
12.03.2021 11:59;9.7;10.3; 6.20 ; 5.25 ;163.7536304;14.5913242;;;;;
12.03.2021 12:59;10.7;9.3; 5.60 ; 5.25 ;147.8552197;14.5913242;;;;;
12.03.2021 13:59;11.2;8.8; 5.30 ; 5.25 ;139.9060143;14.5913242;;;;;
12.03.2021 14:59;11.3;8.7; 5.24 ; 5.25 ;138.3161732;14.5913242;;;;;
12.03.2021 15:59;10.5;9.5; 5.72 ; 5.25 ;151.0349018;14.5913242;;;;;
12.03.2021 16:59;9.2;10.8; 6.50 ; 5.25 ;171.7028357;14.5913242;;;;;
12.03.2021 17:59;7.5;12.5; 7.53 ; 5.25 ;198.730134;14.5913242;;;;;
12.03.2021 18:59;6.4;13.6; 8.19 ; 5.25 ;216.2183857;14.5913242;;;;;
12.03.2021 19:59;5.3;14.7; 8.85 ; 5.25 ;233.7066375;14.5913242;;;;;
12.03.2021 20:59;4.3;15.7; 9.45 ; 5.25 ;249.6050482;14.5913242;;;;;
12.03.2021 21:59;3.3;16.7; 10.05 ; 5.25 ;265.503459;14.5913242;;;;;
12.03.2021 22:59;2.3;17.7; 10.66 ; 5.25 ;281.4018697;14.5913242;;;;;
12.03.2021 23:59;1.5;18.5; 11.14 ; 5.25 ;294.1205983;14.5913242;;;;;
13.03.2021 00:59;0.8;19.2; 11.56 ; 5.25 ;305.2494858;14.5913242;;;;;
13.03.2021 01:59;0;20; 12.04 ; 5.25 ;317.9682143;14.5913242;;;;;
13.03.2021 02:59;-0.4;20.4; 12.28 ; 5.25 ;324.3275786;14.5913242;;;;;
13.03.2021 03:59;-0.8;20.8; 12.52 ; 5.25 ;330.6869429;14.5913242;;;;;
13.03.2021 04:59;-1.1;21.1; 12.70 ; 5.25 ;335.4564661;14.5913242;;;;;
13.03.2021 05:59;-1.1;21.1; 12.70 ; 5.25 ;335.4564661;14.5913242;;;;;
13.03.2021 06:59;0;20; 12.04 ; 5.25 ;317.9682143;14.5913242;;;;;
13.03.2021 07:59;1.9;18.1; 10.90 ; 5.25 ;287.761234;14.5913242;;;;;
13.03.2021 08:59;3.8;16.2; 9.75 ; 5.25 ;257.5542536;14.5913242;;;;;
13.03.2021 09:59;5.7;14.3; 8.61 ; 5.25 ;227.3472732;14.5913242;;;;;
13.03.2021 10:59;7.3;12.7; 7.65 ; 5.25 ;201.9098161;14.5913242;;;;;
13.03.2021 11:59;8.7;11.3; 6.80 ; 5.25 ;179.6520411;14.5913242;;;;;
13.03.2021 12:59;9.6;10.4; 6.26 ; 5.25 ;165.3434715;14.5913242;;;;;
13.03.2021 13:59;10.1;9.9; 5.96 ; 5.25 ;157.3942661;14.5913242;;;;;
13.03.2021 14:59;10.2;9.8; 5.90 ; 5.25 ;155.804425;14.5913242;;;;;
13.03.2021 15:59;9.6;10.4; 6.26 ; 5.25 ;165.3434715;14.5913242;;;;;
13.03.2021 16:59;8.5;11.5; 6.92 ; 5.25 ;182.8317232;14.5913242;;;;;
13.03.2021 17:59;7;13; 7.83 ; 5.25 ;206.6793393;14.5913242;;;;;
13.03.2021 18:59;6.1;13.9; 8.37 ; 5.25 ;220.987909;14.5913242;;;;;
13.03.2021 19:59;5.2;14.8; 8.91 ; 5.25 ;235.2964786;14.5913242;;;;;
13.03.2021 20:59;4.3;15.7; 9.45 ; 5.25 ;249.6050482;14.5913242;;;;;
13.03.2021 21:59;3.4;16.6; 9.99 ; 5.25 ;263.9136179;14.5913242;;;;;
13.03.2021 22:59;2.5;17.5; 10.54 ; 5.25 ;278.2221875;14.5913242;;;;;
13.03.2021 23:59;1.8;18.2; 10.96 ; 5.25 ;289.351075;14.5913242;;;;;
14.03.2021 00:59;1.1;18.9; 11.38 ; 5.25 ;300.4799625;14.5913242;;;;;
14.03.2021 01:59;0.3;19.7; 11.86 ; 5.25 ;313.1986911;14.5913242;;;;;
14.03.2021 02:59;-0.1;20.1; 12.10 ; 5.25 ;319.5580554;14.5913242;;;;;
14.03.2021 03:59;-0.5;20.5; 12.34 ; 5.25 ;325.9174197;14.5913242;;;;;
14.03.2021 04:59;-0.8;20.8; 12.52 ; 5.25 ;330.6869429;14.5913242;;;;;
14.03.2021 05:59;-0.8;20.8; 12.52 ; 5.25 ;330.6869429;14.5913242;;;;;
14.03.2021 06:59;-0.1;20.1; 12.10 ; 5.25 ;319.5580554;14.5913242;;;;;
14.03.2021 07:59;0.8;19.2; 11.56 ; 5.25 ;305.2494858;14.5913242;;;;;
14.03.2021 08:59;1.8;18.2; 10.96 ; 5.25 ;289.351075;14.5913242;;;;;
14.03.2021 09:59;3.1;16.9; 10.17 ; 5.25 ;268.6831411;14.5913242;;;;;
14.03.2021 10:59;4.2;15.8; 9.51 ; 5.25 ;251.1948893;14.5913242;;;;;
14.03.2021 11:59;5.1;14.9; 8.97 ; 5.25 ;236.8863197;14.5913242;;;;;
14.03.2021 12:59;5.7;14.3; 8.61 ; 5.25 ;227.3472732;14.5913242;;;;;
14.03.2021 13:59;6.2;13.8; 8.31 ; 5.25 ;219.3980679;14.5913242;;;;;
14.03.2021 14:59;6.1;13.9; 8.37 ; 5.25 ;220.987909;14.5913242;;;;;
14.03.2021 15:59;5.6;14.4; 8.67 ; 5.25 ;228.9371143;14.5913242;;;;;
14.03.2021 16:59;4.7;15.3; 9.21 ; 5.25 ;243.245684;14.5913242;;;;;
14.03.2021 17:59;3.8;16.2; 9.75 ; 5.25 ;257.5542536;14.5913242;;;;;
14.03.2021 18:59;3.6;16.4; 9.87 ; 5.25 ;260.7339357;14.5913242;;;;;
14.03.2021 19:59;3.5;16.5; 9.93 ; 5.25 ;262.3237768;14.5913242;;;;;
14.03.2021 20:59;3.3;16.7; 10.05 ; 5.25 ;265.503459;14.5913242;;;;;
14.03.2021 21:59;3.1;16.9; 10.17 ; 5.25 ;268.6831411;14.5913242;;;;;
14.03.2021 22:59;3;17; 10.23 ; 5.25 ;270.2729822;14.5913242;;;;;
14.03.2021 23:59;3.1;16.9; 10.17 ; 5.25 ;268.6831411;14.5913242;;;;;
15.03.2021 00:59;3.3;16.7; 10.05 ; 5.25 ;265.503459;14.5913242;;;;;
15.03.2021 01:59;3.4;16.6; 9.99 ; 5.25 ;263.9136179;14.5913242;;;;;
15.03.2021 02:59;3.5;16.5; 9.93 ; 5.25 ;262.3237768;14.5913242;;;;;
15.03.2021 03:59;3.6;16.4; 9.87 ; 5.25 ;260.7339357;14.5913242;;;;;
15.03.2021 04:59;3.7;16.3; 9.81 ; 5.25 ;259.1440947;14.5913242;;;;;
15.03.2021 05:59;3.7;16.3; 9.81 ; 5.25 ;259.1440947;14.5913242;;;;;
15.03.2021 06:59;4.4;15.6; 9.39 ; 5.25 ;248.0152072;14.5913242;;;;;
15.03.2021 07:59;5.3;14.7; 8.85 ; 5.25 ;233.7066375;14.5913242;;;;;
15.03.2021 08:59;6.5;13.5; 8.13 ; 5.25 ;214.6285447;14.5913242;;;;;
15.03.2021 09:59;7.6;12.4; 7.47 ; 5.25 ;197.1402929;14.5913242;;;;;
15.03.2021 10:59;8.6;11.4; 6.86 ; 5.25 ;181.2418822;14.5913242;;;;;
15.03.2021 11:59;9.4;10.6; 6.38 ; 5.25 ;168.5231536;14.5913242;;;;;
15.03.2021 12:59;9.8;10.2; 6.14 ; 5.25 ;162.1637893;14.5913242;;;;;
15.03.2021 13:59;10.3;9.7; 5.84 ; 5.25 ;154.2145839;14.5913242;;;;;
15.03.2021 14:59;10.4;9.6; 5.78 ; 5.25 ;152.6247429;14.5913242;;;;;
15.03.2021 15:59;9.9;10.1; 6.08 ; 5.25 ;160.5739482;14.5913242;;;;;
15.03.2021 16:59;9.3;10.7; 6.44 ; 5.25 ;170.1129947;14.5913242;;;;;
15.03.2021 17:59;8.6;11.4; 6.86 ; 5.25 ;181.2418822;14.5913242;;;;;
15.03.2021 18:59;8.2;11.8; 7.10 ; 5.25 ;187.6012465;14.5913242;;;;;
15.03.2021 19:59;7.9;12.1; 7.28 ; 5.25 ;192.3707697;14.5913242;;;;;
15.03.2021 20:59;7.5;12.5; 7.53 ; 5.25 ;198.730134;14.5913242;;;;;
15.03.2021 21:59;7.2;12.8; 7.71 ; 5.25 ;203.4996572;14.5913242;;;;;
15.03.2021 22:59;6.8;13.2; 7.95 ; 5.25 ;209.8590215;14.5913242;;;;;
15.03.2021 23:59;6.3;13.7; 8.25 ; 5.25 ;217.8082268;14.5913242;;;;;
16.03.2021 00:59;5.7;14.3; 8.61 ; 5.25 ;227.3472732;14.5913242;;;;;
16.03.2021 01:59;5.1;14.9; 8.97 ; 5.25 ;236.8863197;14.5913242;;;;;
16.03.2021 02:59;4.8;15.2; 9.15 ; 5.25 ;241.6558429;14.5913242;;;;;
16.03.2021 03:59;4.6;15.4; 9.27 ; 5.25 ;244.835525;14.5913242;;;;;
16.03.2021 04:59;4.4;15.6; 9.39 ; 5.25 ;248.0152072;14.5913242;;;;;
16.03.2021 05:59;4.3;15.7; 9.45 ; 5.25 ;249.6050482;14.5913242;;;;;
16.03.2021 06:59;5.2;14.8; 8.91 ; 5.25 ;235.2964786;14.5913242;;;;;
16.03.2021 07:59;6.8;13.2; 7.95 ; 5.25 ;209.8590215;14.5913242;;;;;
16.03.2021 08:59;8.1;11.9; 7.16 ; 5.25 ;189.1910875;14.5913242;;;;;
16.03.2021 09:59;9.8;10.2; 6.14 ; 5.25 ;162.1637893;14.5913242;;;;;
16.03.2021 10:59;10.8;9.2; 5.54 ; 5.25 ;146.2653786;14.5913242;;;;;
16.03.2021 11:59;12;8; 4.82 ; 5.25 ;127.1872857;14.5913242;;;;;
16.03.2021 12:59;12.5;7.5; 4.52 ; 5.25 ;119.2380804;14.5913242;;;;;
16.03.2021 13:59;12.8;7.2; 4.33 ; 5.25 ;114.4685572;14.5913242;;;;;
16.03.2021 14:59;12.5;7.5; 4.52 ; 5.25 ;119.2380804;14.5913242;;;;;
16.03.2021 15:59;12;8; 4.82 ; 5.25 ;127.1872857;14.5913242;;;;;
16.03.2021 16:59;11.1;8.9; 5.36 ; 5.25 ;141.4958554;14.5913242;;;;;
16.03.2021 17:59;10.1;9.9; 5.96 ; 5.25 ;157.3942661;14.5913242;;;;;
16.03.2021 18:59;9.5;10.5; 6.32 ; 5.25 ;166.9333125;14.5913242;;;;;
16.03.2021 19:59;9;11; 6.62 ; 5.25 ;174.8825179;14.5913242;;;;;
16.03.2021 20:59;8.4;11.6; 6.98 ; 5.25 ;184.4215643;14.5913242;;;;;
16.03.2021 21:59;7.9;12.1; 7.28 ; 5.25 ;192.3707697;14.5913242;;;;;
16.03.2021 22:59;7.3;12.7; 7.65 ; 5.25 ;201.9098161;14.5913242;;;;;
16.03.2021 23:59;6.9;13.1; 7.89 ; 5.25 ;208.2691804;14.5913242;;;;;
17.03.2021 00:59;6.5;13.5; 8.13 ; 5.25 ;214.6285447;14.5913242;;;;;
17.03.2021 01:59;6;14; 8.43 ; 5.25 ;222.57775;14.5913242;;;;;
17.03.2021 02:59;5.8;14.2; 8.55 ; 5.25 ;225.7574322;14.5913242;;;;;
17.03.2021 03:59;5.5;14.5; 8.73 ; 5.25 ;230.5269554;14.5913242;;;;;
17.03.2021 04:59;5.4;14.6; 8.79 ; 5.25 ;232.1167965;14.5913242;;;;;
17.03.2021 05:59;5.4;14.6; 8.79 ; 5.25 ;232.1167965;14.5913242;;;;;
17.03.2021 06:59;5.6;14.4; 8.67 ; 5.25 ;228.9371143;14.5913242;;;;;
17.03.2021 07:59;6;14; 8.43 ; 5.25 ;222.57775;14.5913242;;;;;
17.03.2021 08:59;6.5;13.5; 8.13 ; 5.25 ;214.6285447;14.5913242;;;;;
17.03.2021 09:59;7;13; 7.83 ; 5.25 ;206.6793393;14.5913242;;;;;
17.03.2021 10:59;7.5;12.5; 7.53 ; 5.25 ;198.730134;14.5913242;;;;;
17.03.2021 11:59;8.1;11.9; 7.16 ; 5.25 ;189.1910875;14.5913242;;;;;
17.03.2021 12:59;8.5;11.5; 6.92 ; 5.25 ;182.8317232;14.5913242;;;;;
17.03.2021 13:59;8.8;11.2; 6.74 ; 5.25 ;178.0622;14.5913242;;;;;
17.03.2021 14:59;8.7;11.3; 6.80 ; 5.25 ;179.6520411;14.5913242;;;;;
17.03.2021 15:59;8.4;11.6; 6.98 ; 5.25 ;184.4215643;14.5913242;;;;;
17.03.2021 16:59;8.5;11.5; 6.92 ; 5.25 ;182.8317232;14.5913242;;;;;
17.03.2021 17:59;8;12; 7.22 ; 5.25 ;190.7809286;14.5913242;;;;;
17.03.2021 18:59;7.8;12.2; 7.34 ; 5.25 ;193.9606107;14.5913242;;;;;
17.03.2021 19:59;7.5;12.5; 7.53 ; 5.25 ;198.730134;14.5913242;;;;;
17.03.2021 20:59;7.3;12.7; 7.65 ; 5.25 ;201.9098161;14.5913242;;;;;
17.03.2021 21:59;7;13; 7.83 ; 5.25 ;206.6793393;14.5913242;;;;;
17.03.2021 22:59;6.8;13.2; 7.95 ; 5.25 ;209.8590215;14.5913242;;;;;
17.03.2021 23:59;6.7;13.3; 8.01 ; 5.25 ;211.4488625;14.5913242;;;;;
18.03.2021 00:59;6.7;13.3; 8.01 ; 5.25 ;211.4488625;14.5913242;;;;;
18.03.2021 01:59;6.7;13.3; 8.01 ; 5.25 ;211.4488625;14.5913242;;;;;
18.03.2021 02:59;6.8;13.2; 7.95 ; 5.25 ;209.8590215;14.5913242;;;;;
18.03.2021 03:59;6.8;13.2; 7.95 ; 5.25 ;209.8590215;14.5913242;;;;;
18.03.2021 04:59;6.9;13.1; 7.89 ; 5.25 ;208.2691804;14.5913242;;;;;
18.03.2021 05:59;7;13; 7.83 ; 5.25 ;206.6793393;14.5913242;;;;;
18.03.2021 06:59;7.9;12.1; 7.28 ; 5.25 ;192.3707697;14.5913242;;;;;
18.03.2021 07:59;8;12; 7.22 ; 5.25 ;190.7809286;14.5913242;;;;;
18.03.2021 08:59;8.1;11.9; 7.16 ; 5.25 ;189.1910875;14.5913242;;;;;
18.03.2021 09:59;8.3;11.7; 7.04 ; 5.25 ;186.0114054;14.5913242;;;;;
18.03.2021 10:59;11.3;8.7; 5.24 ; 5.25 ;138.3161732;14.5913242;;;;;
18.03.2021 11:59;13.9;6.1; 3.67 ; 5.25 ;96.98030537;14.5913242;;;;;
18.03.2021 12:59;15.9;4.1; 2.47 ; 5.25 ;65.18348394;14.5913242;;;;;
18.03.2021 13:59;15;5; 3.01 ; 5.25 ;79.49205358;14.5913242;;;;;
18.03.2021 14:59;14;6; 3.61 ; 5.25 ;95.3904643;14.5913242;;;;;
18.03.2021 15:59;13.1;6.9; 4.15 ; 5.25 ;109.6990339;14.5913242;;;;;
18.03.2021 16:59;12.7;7.3; 4.39 ; 5.25 ;116.0583982;14.5913242;;;;;
18.03.2021 17:59;12;8; 4.82 ; 5.25 ;127.1872857;14.5913242;;;;;
18.03.2021 18:59;12;8; 4.82 ; 5.25 ;127.1872857;14.5913242;;;;;
18.03.2021 19:59;12.1;7.9; 4.76 ; 5.25 ;125.5974447;14.5913242;;;;;
18.03.2021 20:59;12.1;7.9; 4.76 ; 5.25 ;125.5974447;14.5913242;;;;;
18.03.2021 21:59;12.1;7.9; 4.76 ; 5.25 ;125.5974447;14.5913242;;;;;
18.03.2021 22:59;12.1;7.9; 4.76 ; 5.25 ;125.5974447;14.5913242;;;;;
18.03.2021 23:59;11.3;8.7; 5.24 ; 5.25 ;138.3161732;14.5913242;;;;;
19.03.2021 00:59;11.1;8.9; 5.36 ; 5.25 ;141.4958554;14.5913242;;;;;
19.03.2021 01:59;10.7;9.3; 5.60 ; 5.25 ;147.8552197;14.5913242;;;;;
19.03.2021 02:59;10.4;9.6; 5.78 ; 5.25 ;152.6247429;14.5913242;;;;;
19.03.2021 03:59;10.2;9.8; 5.90 ; 5.25 ;155.804425;14.5913242;;;;;
19.03.2021 04:59;10;10; 6.02 ; 5.25 ;158.9841072;14.5913242;;;;;
19.03.2021 05:59;10;10; 6.02 ; 5.25 ;158.9841072;14.5913242;;;;;
19.03.2021 06:59;10.8;9.2; 5.54 ; 5.25 ;146.2653786;14.5913242;;;;;
19.03.2021 07:59;11.6;8.4; 5.06 ; 5.25 ;133.54665;14.5913242;;;;;
19.03.2021 08:59;12.3;7.7; 4.64 ; 5.25 ;122.4177625;14.5913242;;;;;
19.03.2021 09:59;12.9;7.1; 4.27 ; 5.25 ;112.8787161;14.5913242;;;;;
19.03.2021 10:59;13.3;6.7; 4.03 ; 5.25 ;106.5193518;14.5913242;;;;;
19.03.2021 11:59;13.6;6.4; 3.85 ; 5.25 ;101.7498286;14.5913242;;;;;
19.03.2021 12:59;13.4;6.6; 3.97 ; 5.25 ;104.9295107;14.5913242;;;;;
19.03.2021 13:59;13.5;6.5; 3.91 ; 5.25 ;103.3396697;14.5913242;;;;;
19.03.2021 14:59;13.4;6.6; 3.97 ; 5.25 ;104.9295107;14.5913242;;;;;
19.03.2021 15:59;13.2;6.8; 4.09 ; 5.25 ;108.1091929;14.5913242;;;;;
19.03.2021 16:59;12.8;7.2; 4.33 ; 5.25 ;114.4685572;14.5913242;;;;;
19.03.2021 17:59;12.3;7.7; 4.64 ; 5.25 ;122.4177625;14.5913242;;;;;
19.03.2021 18:59;11.9;8.1; 4.88 ; 5.25 ;128.7771268;14.5913242;;;;;
19.03.2021 19:59;11.5;8.5; 5.12 ; 5.25 ;135.1364911;14.5913242;;;;;
19.03.2021 20:59;11.2;8.8; 5.30 ; 5.25 ;139.9060143;14.5913242;;;;;
19.03.2021 21:59;10.8;9.2; 5.54 ; 5.25 ;146.2653786;14.5913242;;;;;
19.03.2021 22:59;10.3;9.7; 5.84 ; 5.25 ;154.2145839;14.5913242;;;;;
19.03.2021 23:59;10.2;9.8; 5.90 ; 5.25 ;155.804425;14.5913242;;;;;
20.03.2021 00:59;10.1;9.9; 5.96 ; 5.25 ;157.3942661;14.5913242;;;;;
20.03.2021 01:59;9.9;10.1; 6.08 ; 5.25 ;160.5739482;14.5913242;;;;;
20.03.2021 02:59;9.8;10.2; 6.14 ; 5.25 ;162.1637893;14.5913242;;;;;
20.03.2021 03:59;9.7;10.3; 6.20 ; 5.25 ;163.7536304;14.5913242;;;;;
20.03.2021 04:59;9.7;10.3; 6.20 ; 5.25 ;163.7536304;14.5913242;;;;;
20.03.2021 05:59;9.7;10.3; 6.20 ; 5.25 ;163.7536304;14.5913242;;;;;
20.03.2021 06:59;10;10; 6.02 ; 5.25 ;158.9841072;14.5913242;;;;;
20.03.2021 07:59;10.6;9.4; 5.66 ; 5.25 ;149.4450607;14.5913242;;;;;
20.03.2021 08:59;11.2;8.8; 5.30 ; 5.25 ;139.9060143;14.5913242;;;;;
20.03.2021 09:59;11.7;8.3; 5.00 ; 5.25 ;131.9568089;14.5913242;;;;;
20.03.2021 10:59;12.1;7.9; 4.76 ; 5.25 ;125.5974447;14.5913242;;;;;
20.03.2021 11:59;12.4;7.6; 4.58 ; 5.25 ;120.8279214;14.5913242;;;;;
20.03.2021 12:59;12.6;7.4; 4.46 ; 5.25 ;117.6482393;14.5913242;;;;;
20.03.2021 13:59;12.7;7.3; 4.39 ; 5.25 ;116.0583982;14.5913242;;;;;
20.03.2021 14:59;12.7;7.3; 4.39 ; 5.25 ;116.0583982;14.5913242;;;;;
20.03.2021 15:59;12.5;7.5; 4.52 ; 5.25 ;119.2380804;14.5913242;;;;;
20.03.2021 16:59;12.2;7.8; 4.70 ; 5.25 ;124.0076036;14.5913242;;;;;
20.03.2021 17:59;11.8;8.2; 4.94 ; 5.25 ;130.3669679;14.5913242;;;;;
20.03.2021 18:59;11.4;8.6; 5.18 ; 5.25 ;136.7263322;14.5913242;;;;;
20.03.2021 19:59;11;9; 5.42 ; 5.25 ;143.0856964;14.5913242;;;;;
20.03.2021 20:59;10.4;9.6; 5.78 ; 5.25 ;152.6247429;14.5913242;;;;;
20.03.2021 21:59;10.6;9.4; 5.66 ; 5.25 ;149.4450607;14.5913242;;;;;
20.03.2021 22:59;10.3;9.7; 5.84 ; 5.25 ;154.2145839;14.5913242;;;;;
20.03.2021 23:59;10;10; 6.02 ; 5.25 ;158.9841072;14.5913242;;;;;
21.03.2021 00:59;9.6;10.4; 6.26 ; 5.25 ;165.3434715;14.5913242;;;;;
21.03.2021 01:59;9.4;10.6; 6.38 ; 5.25 ;168.5231536;14.5913242;;;;;
21.03.2021 02:59;9.3;10.7; 6.44 ; 5.25 ;170.1129947;14.5913242;;;;;
21.03.2021 03:59;9.2;10.8; 6.50 ; 5.25 ;171.7028357;14.5913242;;;;;
21.03.2021 04:59;9.1;10.9; 6.56 ; 5.25 ;173.2926768;14.5913242;;;;;
21.03.2021 05:59;9.1;10.9; 6.56 ; 5.25 ;173.2926768;14.5913242;;;;;
21.03.2021 06:59;9.3;10.7; 6.44 ; 5.25 ;170.1129947;14.5913242;;;;;
21.03.2021 07:59;9.3;10.7; 6.44 ; 5.25 ;170.1129947;14.5913242;;;;;
21.03.2021 08:59;9.2;10.8; 6.50 ; 5.25 ;171.7028357;14.5913242;;;;;
21.03.2021 09:59;10.1;9.9; 5.96 ; 5.25 ;157.3942661;14.5913242;;;;;
21.03.2021 10:59;10.5;9.5; 5.72 ; 5.25 ;151.0349018;14.5913242;;;;;
21.03.2021 11:59;10.7;9.3; 5.60 ; 5.25 ;147.8552197;14.5913242;;;;;
21.03.2021 12:59;10.8;9.2; 5.54 ; 5.25 ;146.2653786;14.5913242;;;;;
21.03.2021 13:59;10.9;9.1; 5.48 ; 5.25 ;144.6755375;14.5913242;;;;;
21.03.2021 14:59;10.9;9.1; 5.48 ; 5.25 ;144.6755375;14.5913242;;;;;
21.03.2021 15:59;10.8;9.2; 5.54 ; 5.25 ;146.2653786;14.5913242;;;;;
21.03.2021 16:59;10.6;9.4; 5.66 ; 5.25 ;149.4450607;14.5913242;;;;;
21.03.2021 17:59;10.3;9.7; 5.84 ; 5.25 ;154.2145839;14.5913242;;;;;
21.03.2021 18:59;10.1;9.9; 5.96 ; 5.25 ;157.3942661;14.5913242;;;;;
21.03.2021 19:59;9.8;10.2; 6.14 ; 5.25 ;162.1637893;14.5913242;;;;;
21.03.2021 20:59;9.5;10.5; 6.32 ; 5.25 ;166.9333125;14.5913242;;;;;
21.03.2021 21:59;9.3;10.7; 6.44 ; 5.25 ;170.1129947;14.5913242;;;;;
21.03.2021 22:59;9;11; 6.62 ; 5.25 ;174.8825179;14.5913242;;;;;
21.03.2021 23:59;7.8;12.2; 7.34 ; 5.25 ;193.9606107;14.5913242;;;;;
22.03.2021 00:59;8.6;11.4; 6.86 ; 5.25 ;181.2418822;14.5913242;;;;;
22.03.2021 01:59;8.4;11.6; 6.98 ; 5.25 ;184.4215643;14.5913242;;;;;
22.03.2021 02:59;8;12; 7.22 ; 5.25 ;190.7809286;14.5913242;;;;;
22.03.2021 03:59;7.8;12.2; 7.34 ; 5.25 ;193.9606107;14.5913242;;;;;
22.03.2021 04:59;8.1;11.9; 7.16 ; 5.25 ;189.1910875;14.5913242;;;;;
22.03.2021 05:59;8.2;11.8; 7.10 ; 5.25 ;187.6012465;14.5913242;;;;;
22.03.2021 06:59;8.4;11.6; 6.98 ; 5.25 ;184.4215643;14.5913242;;;;;
22.03.2021 07:59;8.8;11.2; 6.74 ; 5.25 ;178.0622;14.5913242;;;;;
22.03.2021 08:59;9.1;10.9; 6.56 ; 5.25 ;173.2926768;14.5913242;;;;;
22.03.2021 09:59;9.4;10.6; 6.38 ; 5.25 ;168.5231536;14.5913242;;;;;
22.03.2021 10:59;9.7;10.3; 6.20 ; 5.25 ;163.7536304;14.5913242;;;;;
22.03.2021 11:59;9.9;10.1; 6.08 ; 5.25 ;160.5739482;14.5913242;;;;;
22.03.2021 12:59;10;10; 6.02 ; 5.25 ;158.9841072;14.5913242;;;;;
22.03.2021 13:59;10.1;9.9; 5.96 ; 5.25 ;157.3942661;14.5913242;;;;;
22.03.2021 14:59;10.1;9.9; 5.96 ; 5.25 ;157.3942661;14.5913242;;;;;
22.03.2021 15:59;9.9;10.1; 6.08 ; 5.25 ;160.5739482;14.5913242;;;;;
22.03.2021 16:59;9.8;10.2; 6.14 ; 5.25 ;162.1637893;14.5913242;;;;;
22.03.2021 17:59;9.6;10.4; 6.26 ; 5.25 ;165.3434715;14.5913242;;;;;
22.03.2021 18:59;9.2;10.8; 6.50 ; 5.25 ;171.7028357;14.5913242;;;;;
22.03.2021 19:59;8.8;11.2; 6.74 ; 5.25 ;178.0622;14.5913242;;;;;
22.03.2021 20:59;8.3;11.7; 7.04 ; 5.25 ;186.0114054;14.5913242;;;;;
22.03.2021 21:59;7.9;12.1; 7.28 ; 5.25 ;192.3707697;14.5913242;;;;;
22.03.2021 22:59;7.7;12.3; 7.41 ; 5.25 ;195.5504518;14.5913242;;;;;
22.03.2021 23:59;7.3;12.7; 7.65 ; 5.25 ;201.9098161;14.5913242;;;;;
23.03.2021 00:59;6.9;13.1; 7.89 ; 5.25 ;208.2691804;14.5913242;;;;;
23.03.2021 01:59;6.5;13.5; 8.13 ; 5.25 ;214.6285447;14.5913242;;;;;
23.03.2021 02:59;6.3;13.7; 8.25 ; 5.25 ;217.8082268;14.5913242;;;;;
23.03.2021 03:59;6.1;13.9; 8.37 ; 5.25 ;220.987909;14.5913242;;;;;
23.03.2021 04:59;5.7;14.3; 8.61 ; 5.25 ;227.3472732;14.5913242;;;;;
23.03.2021 05:59;6;14; 8.43 ; 5.25 ;222.57775;14.5913242;;;;;
23.03.2021 06:59;6.9;13.1; 7.89 ; 5.25 ;208.2691804;14.5913242;;;;;
23.03.2021 07:59;7.7;12.3; 7.41 ; 5.25 ;195.5504518;14.5913242;;;;;
23.03.2021 08:59;8.5;11.5; 6.92 ; 5.25 ;182.8317232;14.5913242;;;;;
23.03.2021 09:59;9.3;10.7; 6.44 ; 5.25 ;170.1129947;14.5913242;;;;;
23.03.2021 10:59;10.3;9.7; 5.84 ; 5.25 ;154.2145839;14.5913242;;;;;
23.03.2021 11:59;10.9;9.1; 5.48 ; 5.25 ;144.6755375;14.5913242;;;;;
23.03.2021 12:59;11.8;8.2; 4.94 ; 5.25 ;130.3669679;14.5913242;;;;;
23.03.2021 13:59;12.1;7.9; 4.76 ; 5.25 ;125.5974447;14.5913242;;;;;
23.03.2021 14:59;12.3;7.7; 4.64 ; 5.25 ;122.4177625;14.5913242;;;;;
23.03.2021 15:59;12.2;7.8; 4.70 ; 5.25 ;124.0076036;14.5913242;;;;;
23.03.2021 16:59;11.6;8.4; 5.06 ; 5.25 ;133.54665;14.5913242;;;;;
23.03.2021 17:59;10.9;9.1; 5.48 ; 5.25 ;144.6755375;14.5913242;;;;;
23.03.2021 18:59;9.8;10.2; 6.14 ; 5.25 ;162.1637893;14.5913242;;;;;
23.03.2021 19:59;8.7;11.3; 6.80 ; 5.25 ;179.6520411;14.5913242;;;;;
23.03.2021 20:59;7.7;12.3; 7.41 ; 5.25 ;195.5504518;14.5913242;;;;;
23.03.2021 21:59;6.6;13.4; 8.07 ; 5.25 ;213.0387036;14.5913242;;;;;
23.03.2021 22:59;5.6;14.4; 8.67 ; 5.25 ;228.9371143;14.5913242;;;;;
23.03.2021 23:59;4.5;15.5; 9.33 ; 5.25 ;246.4253661;14.5913242;;;;;
24.03.2021 00:59;3.4;16.6; 9.99 ; 5.25 ;263.9136179;14.5913242;;;;;
24.03.2021 01:59;2.3;17.7; 10.66 ; 5.25 ;281.4018697;14.5913242;;;;;
24.03.2021 02:59;1.7;18.3; 11.02 ; 5.25 ;290.9409161;14.5913242;;;;;
24.03.2021 03:59;1.1;18.9; 11.38 ; 5.25 ;300.4799625;14.5913242;;;;;
24.03.2021 04:59;0.6;19.4; 11.68 ; 5.25 ;308.4291679;14.5913242;;;;;
24.03.2021 05:59;0.7;19.3; 11.62 ; 5.25 ;306.8393268;14.5913242;;;;;
24.03.2021 06:59;2.1;17.9; 10.78 ; 5.25 ;284.5815518;14.5913242;;;;;
24.03.2021 07:59;3.8;16.2; 9.75 ; 5.25 ;257.5542536;14.5913242;;;;;
24.03.2021 08:59;5.5;14.5; 8.73 ; 5.25 ;230.5269554;14.5913242;;;;;
24.03.2021 09:59;7.3;12.7; 7.65 ; 5.25 ;201.9098161;14.5913242;;;;;
24.03.2021 10:59;8.7;11.3; 6.80 ; 5.25 ;179.6520411;14.5913242;;;;;
24.03.2021 11:59;10.1;9.9; 5.96 ; 5.25 ;157.3942661;14.5913242;;;;;
24.03.2021 12:59;10.9;9.1; 5.48 ; 5.25 ;144.6755375;14.5913242;;;;;
24.03.2021 13:59;11.5;8.5; 5.12 ; 5.25 ;135.1364911;14.5913242;;;;;
24.03.2021 14:59;11.5;8.5; 5.12 ; 5.25 ;135.1364911;14.5913242;;;;;
24.03.2021 15:59;10.8;9.2; 5.54 ; 5.25 ;146.2653786;14.5913242;;;;;
24.03.2021 16:59;9.7;10.3; 6.20 ; 5.25 ;163.7536304;14.5913242;;;;;
24.03.2021 17:59;8.2;11.8; 7.10 ; 5.25 ;187.6012465;14.5913242;;;;;
24.03.2021 18:59;7.3;12.7; 7.65 ; 5.25 ;201.9098161;14.5913242;;;;;
24.03.2021 19:59;6.3;13.7; 8.25 ; 5.25 ;217.8082268;14.5913242;;;;;
24.03.2021 20:59;5.4;14.6; 8.79 ; 5.25 ;232.1167965;14.5913242;;;;;
24.03.2021 21:59;4.5;15.5; 9.33 ; 5.25 ;246.4253661;14.5913242;;;;;
24.03.2021 22:59;3.6;16.4; 9.87 ; 5.25 ;260.7339357;14.5913242;;;;;
24.03.2021 23:59;3;17; 10.23 ; 5.25 ;270.2729822;14.5913242;;;;;
25.03.2021 00:59;2.4;17.6; 10.60 ; 5.25 ;279.8120286;14.5913242;;;;;
25.03.2021 01:59;1.9;18.1; 10.90 ; 5.25 ;287.761234;14.5913242;;;;;
25.03.2021 02:59;1.6;18.4; 11.08 ; 5.25 ;292.5307572;14.5913242;;;;;
25.03.2021 03:59;1.2;18.8; 11.32 ; 5.25 ;298.8901215;14.5913242;;;;;
25.03.2021 04:59;1;19; 11.44 ; 5.25 ;302.0698036;14.5913242;;;;;
25.03.2021 05:59;1.1;18.9; 11.38 ; 5.25 ;300.4799625;14.5913242;;;;;
25.03.2021 06:59;3.1;16.9; 10.17 ; 5.25 ;268.6831411;14.5913242;;;;;
25.03.2021 07:59;5.3;14.7; 8.85 ; 5.25 ;233.7066375;14.5913242;;;;;
25.03.2021 08:59;7.7;12.3; 7.41 ; 5.25 ;195.5504518;14.5913242;;;;;
25.03.2021 09:59;10;10; 6.02 ; 5.25 ;158.9841072;14.5913242;;;;;
25.03.2021 10:59;11.9;8.1; 4.88 ; 5.25 ;128.7771268;14.5913242;;;;;
25.03.2021 11:59;13.4;6.6; 3.97 ; 5.25 ;104.9295107;14.5913242;;;;;
25.03.2021 12:59;14.3;5.7; 3.43 ; 5.25 ;90.62094108;14.5913242;;;;;
25.03.2021 13:59;14.9;5.1; 3.07 ; 5.25 ;81.08189465;14.5913242;;;;;
25.03.2021 14:59;14.9;5.1; 3.07 ; 5.25 ;81.08189465;14.5913242;;;;;
25.03.2021 15:59;14.1;5.9; 3.55 ; 5.25 ;93.80062323;14.5913242;;;;;
25.03.2021 16:59;12.9;7.1; 4.27 ; 5.25 ;112.8787161;14.5913242;;;;;
25.03.2021 17:59;11.2;8.8; 5.30 ; 5.25 ;139.9060143;14.5913242;;;;;
25.03.2021 18:59;10.1;9.9; 5.96 ; 5.25 ;157.3942661;14.5913242;;;;;
25.03.2021 19:59;9.1;10.9; 6.56 ; 5.25 ;173.2926768;14.5913242;;;;;
25.03.2021 20:59;8.1;11.9; 7.16 ; 5.25 ;189.1910875;14.5913242;;;;;
25.03.2021 21:59;7.1;12.9; 7.77 ; 5.25 ;205.0894982;14.5913242;;;;;
25.03.2021 22:59;6.1;13.9; 8.37 ; 5.25 ;220.987909;14.5913242;;;;;
25.03.2021 23:59;5.2;14.8; 8.91 ; 5.25 ;235.2964786;14.5913242;;;;;
26.03.2021 00:59;4.3;15.7; 9.45 ; 5.25 ;249.6050482;14.5913242;;;;;
26.03.2021 01:59;3.4;16.6; 9.99 ; 5.25 ;263.9136179;14.5913242;;;;;
26.03.2021 02:59;2.9;17.1; 10.29 ; 5.25 ;271.8628233;14.5913242;;;;;
26.03.2021 03:59;2.4;17.6; 10.60 ; 5.25 ;279.8120286;14.5913242;;;;;
26.03.2021 04:59;2.1;17.9; 10.78 ; 5.25 ;284.5815518;14.5913242;;;;;
26.03.2021 05:59;2.2;17.8; 10.72 ; 5.25 ;282.9917108;14.5913242;;;;;
26.03.2021 06:59;3.9;16.1; 9.69 ; 5.25 ;255.9644125;14.5913242;;;;;
26.03.2021 07:59;5.9;14.1; 8.49 ; 5.25 ;224.1675911;14.5913242;;;;;
26.03.2021 08:59;8.2;11.8; 7.10 ; 5.25 ;187.6012465;14.5913242;;;;;
26.03.2021 09:59;9.2;10.8; 6.50 ; 5.25 ;171.7028357;14.5913242;;;;;
26.03.2021 10:59;10.6;9.4; 5.66 ; 5.25 ;149.4450607;14.5913242;;;;;
26.03.2021 11:59;11.7;8.3; 5.00 ; 5.25 ;131.9568089;14.5913242;;;;;
26.03.2021 12:59;12.5;7.5; 4.52 ; 5.25 ;119.2380804;14.5913242;;;;;
26.03.2021 13:59;12.9;7.1; 4.27 ; 5.25 ;112.8787161;14.5913242;;;;;
26.03.2021 14:59;12.8;7.2; 4.33 ; 5.25 ;114.4685572;14.5913242;;;;;
26.03.2021 15:59;12;8; 4.82 ; 5.25 ;127.1872857;14.5913242;;;;;
26.03.2021 16:59;10.9;9.1; 5.48 ; 5.25 ;144.6755375;14.5913242;;;;;
26.03.2021 17:59;9.4;10.6; 6.38 ; 5.25 ;168.5231536;14.5913242;;;;;
26.03.2021 18:59;8.7;11.3; 6.80 ; 5.25 ;179.6520411;14.5913242;;;;;
26.03.2021 19:59;8;12; 7.22 ; 5.25 ;190.7809286;14.5913242;;;;;
26.03.2021 20:59;7.3;12.7; 7.65 ; 5.25 ;201.9098161;14.5913242;;;;;
26.03.2021 21:59;6.6;13.4; 8.07 ; 5.25 ;213.0387036;14.5913242;;;;;
26.03.2021 22:59;5.9;14.1; 8.49 ; 5.25 ;224.1675911;14.5913242;;;;;
26.03.2021 23:59;5.5;14.5; 8.73 ; 5.25 ;230.5269554;14.5913242;;;;;
27.03.2021 00:59;5.2;14.8; 8.91 ; 5.25 ;235.2964786;14.5913242;;;;;
27.03.2021 01:59;4.9;15.1; 9.09 ; 5.25 ;240.0660018;14.5913242;;;;;
27.03.2021 02:59;4.8;15.2; 9.15 ; 5.25 ;241.6558429;14.5913242;;;;;
27.03.2021 03:59;4.7;15.3; 9.21 ; 5.25 ;243.245684;14.5913242;;;;;
27.03.2021 04:59;4.6;15.4; 9.27 ; 5.25 ;244.835525;14.5913242;;;;;
27.03.2021 05:59;4.8;15.2; 9.15 ; 5.25 ;241.6558429;14.5913242;;;;;
27.03.2021 06:59;6;14; 8.43 ; 5.25 ;222.57775;14.5913242;;;;;
27.03.2021 07:59;7.4;12.6; 7.59 ; 5.25 ;200.319975;14.5913242;;;;;
27.03.2021 08:59;9.2;10.8; 6.50 ; 5.25 ;171.7028357;14.5913242;;;;;
27.03.2021 09:59;11.4;8.6; 5.18 ; 5.25 ;136.7263322;14.5913242;;;;;
27.03.2021 10:59;13.2;6.8; 4.09 ; 5.25 ;108.1091929;14.5913242;;;;;
27.03.2021 11:59;14.7;5.3; 3.19 ; 5.25 ;84.2615768;14.5913242;;;;;
27.03.2021 12:59;15.3;4.7; 2.83 ; 5.25 ;74.72253037;14.5913242;;;;;
27.03.2021 13:59;15.6;4.4; 2.65 ; 5.25 ;69.95300715;14.5913242;;;;;
27.03.2021 14:59;15.4;4.6; 2.77 ; 5.25 ;73.1326893;14.5913242;;;;;
27.03.2021 15:59;14.7;5.3; 3.19 ; 5.25 ;84.2615768;14.5913242;;;;;
27.03.2021 16:59;13.6;6.4; 3.85 ; 5.25 ;101.7498286;14.5913242;;;;;
27.03.2021 17:59;12.4;7.6; 4.58 ; 5.25 ;120.8279214;14.5913242;;;;;
27.03.2021 18:59;11.2;8.8; 5.30 ; 5.25 ;139.9060143;14.5913242;;;;;
27.03.2021 19:59;9.9;10.1; 6.08 ; 5.25 ;160.5739482;14.5913242;;;;;
27.03.2021 20:59;8.6;11.4; 6.86 ; 5.25 ;181.2418822;14.5913242;;;;;
27.03.2021 21:59;7.4;12.6; 7.59 ; 5.25 ;200.319975;14.5913242;;;;;
27.03.2021 22:59;6.1;13.9; 8.37 ; 5.25 ;220.987909;14.5913242;;;;;
27.03.2021 23:59;4.7;15.3; 9.21 ; 5.25 ;243.245684;14.5913242;;;;;
28.03.2021 00:59;3.2;16.8; 10.11 ; 5.25 ;267.0933;14.5913242;;;;;
28.03.2021 01:59;1.7;18.3; 11.02 ; 5.25 ;290.9409161;14.5913242;;;;;
28.03.2021 02:59;1;19; 11.44 ; 5.25 ;302.0698036;14.5913242;;;;;
28.03.2021 03:59;0.2;19.8; 11.92 ; 5.25 ;314.7885322;14.5913242;;;;;
28.03.2021 04:59;-0.4;20.4; 12.28 ; 5.25 ;324.3275786;14.5913242;;;;;
28.03.2021 05:59;-0.3;20.3; 12.22 ; 5.25 ;322.7377375;14.5913242;;;;;
28.03.2021 06:59;1.8;18.2; 10.96 ; 5.25 ;289.351075;14.5913242;;;;;
28.03.2021 07:59;4.1;15.9; 9.57 ; 5.25 ;252.7847304;14.5913242;;;;;
28.03.2021 08:59;6.5;13.5; 8.13 ; 5.25 ;214.6285447;14.5913242;;;;;
28.03.2021 09:59;8.7;11.3; 6.80 ; 5.25 ;179.6520411;14.5913242;;;;;
28.03.2021 10:59;10.5;9.5; 5.72 ; 5.25 ;151.0349018;14.5913242;;;;;
28.03.2021 11:59;11.9;8.1; 4.88 ; 5.25 ;128.7771268;14.5913242;;;;;
28.03.2021 12:59;12.8;7.2; 4.33 ; 5.25 ;114.4685572;14.5913242;;;;;
28.03.2021 13:59;13.3;6.7; 4.03 ; 5.25 ;106.5193518;14.5913242;;;;;
28.03.2021 14:59;13.2;6.8; 4.09 ; 5.25 ;108.1091929;14.5913242;;;;;
28.03.2021 15:59;12.4;7.6; 4.58 ; 5.25 ;120.8279214;14.5913242;;;;;
28.03.2021 16:59;11;9; 5.42 ; 5.25 ;143.0856964;14.5913242;;;;;
28.03.2021 17:59;9.2;10.8; 6.50 ; 5.25 ;171.7028357;14.5913242;;;;;
28.03.2021 18:59;7.7;12.3; 7.41 ; 5.25 ;195.5504518;14.5913242;;;;;
28.03.2021 19:59;6.2;13.8; 8.31 ; 5.25 ;219.3980679;14.5913242;;;;;
28.03.2021 20:59;4.8;15.2; 9.15 ; 5.25 ;241.6558429;14.5913242;;;;;
28.03.2021 21:59;3.4;16.6; 9.99 ; 5.25 ;263.9136179;14.5913242;;;;;
28.03.2021 22:59;1.9;18.1; 10.90 ; 5.25 ;287.761234;14.5913242;;;;;
28.03.2021 23:59;1;19; 11.44 ; 5.25 ;302.0698036;14.5913242;;;;;
29.03.2021 00:59;0;20; 12.04 ; 5.25 ;317.9682143;14.5913242;;;;;
29.03.2021 01:59;-1;21; 12.64 ; 5.25 ;333.866625;14.5913242;;;;;
29.03.2021 02:59;-1.5;21.5; 12.94 ; 5.25 ;341.8158304;14.5913242;;;;;
29.03.2021 03:59;-2;22; 13.24 ; 5.25 ;349.7650358;14.5913242;;;;;
29.03.2021 04:59;-2.4;22.4; 13.49 ; 5.25 ;356.1244;14.5913242;;;;;
29.03.2021 05:59;-2.2;22.2; 13.37 ; 5.25 ;352.9447179;14.5913242;;;;;
29.03.2021 06:59;-0.2;20.2; 12.16 ; 5.25 ;321.1478965;14.5913242;;;;;
29.03.2021 07:59;1.8;18.2; 10.96 ; 5.25 ;289.351075;14.5913242;;;;;
29.03.2021 08:59;3.5;16.5; 9.93 ; 5.25 ;262.3237768;14.5913242;;;;;
29.03.2021 09:59;5.2;14.8; 8.91 ; 5.25 ;235.2964786;14.5913242;;;;;
29.03.2021 10:59;6.9;13.1; 7.89 ; 5.25 ;208.2691804;14.5913242;;;;;
29.03.2021 11:59;8.2;11.8; 7.10 ; 5.25 ;187.6012465;14.5913242;;;;;
29.03.2021 12:59;9.3;10.7; 6.44 ; 5.25 ;170.1129947;14.5913242;;;;;
29.03.2021 13:59;9.8;10.2; 6.14 ; 5.25 ;162.1637893;14.5913242;;;;;
29.03.2021 14:59;9.9;10.1; 6.08 ; 5.25 ;160.5739482;14.5913242;;;;;
29.03.2021 15:59;9.1;10.9; 6.56 ; 5.25 ;173.2926768;14.5913242;;;;;
29.03.2021 16:59;7.8;12.2; 7.34 ; 5.25 ;193.9606107;14.5913242;;;;;
29.03.2021 17:59;6.2;13.8; 8.31 ; 5.25 ;219.3980679;14.5913242;;;;;
29.03.2021 18:59;5.1;14.9; 8.97 ; 5.25 ;236.8863197;14.5913242;;;;;
29.03.2021 19:59;4;16; 9.63 ; 5.25 ;254.3745715;14.5913242;;;;;
29.03.2021 20:59;3;17; 10.23 ; 5.25 ;270.2729822;14.5913242;;;;;
29.03.2021 21:59;1.9;18.1; 10.90 ; 5.25 ;287.761234;14.5913242;;;;;
29.03.2021 22:59;0.9;19.1; 11.50 ; 5.25 ;303.6596447;14.5913242;;;;;
29.03.2021 23:59;0.1;19.9; 11.98 ; 5.25 ;316.3783733;14.5913242;;;;;
30.03.2021 00:59;-0.7;20.7; 12.46 ; 5.25 ;329.0971018;14.5913242;;;;;
30.03.2021 01:59;-1.6;21.6; 13.00 ; 5.25 ;343.4056715;14.5913242;;;;;
30.03.2021 02:59;-2;22; 13.24 ; 5.25 ;349.7650358;14.5913242;;;;;
30.03.2021 03:59;-2.5;22.5; 13.55 ; 5.25 ;357.7142411;14.5913242;;;;;
30.03.2021 04:59;-2.8;22.8; 13.73 ; 5.25 ;362.4837643;14.5913242;;;;;
30.03.2021 05:59;-2.6;22.6; 13.61 ; 5.25 ;359.3040822;14.5913242;;;;;
30.03.2021 06:59;0;20; 12.04 ; 5.25 ;317.9682143;14.5913242;;;;;
30.03.2021 07:59;2.7;17.3; 10.42 ; 5.25 ;275.0425054;14.5913242;;;;;
30.03.2021 08:59;5.3;14.7; 8.85 ; 5.25 ;233.7066375;14.5913242;;;;;
30.03.2021 09:59;7.8;12.2; 7.34 ; 5.25 ;193.9606107;14.5913242;;;;;
30.03.2021 10:59;9.9;10.1; 6.08 ; 5.25 ;160.5739482;14.5913242;;;;;
30.03.2021 11:59;11.5;8.5; 5.12 ; 5.25 ;135.1364911;14.5913242;;;;;
30.03.2021 12:59;12.6;7.4; 4.46 ; 5.25 ;117.6482393;14.5913242;;;;;
30.03.2021 13:59;13.1;6.9; 4.15 ; 5.25 ;109.6990339;14.5913242;;;;;
30.03.2021 14:59;13.1;6.9; 4.15 ; 5.25 ;109.6990339;14.5913242;;;;;
30.03.2021 15:59;12.3;7.7; 4.64 ; 5.25 ;122.4177625;14.5913242;;;;;
30.03.2021 16:59;10.8;9.2; 5.54 ; 5.25 ;146.2653786;14.5913242;;;;;
30.03.2021 17:59;8.8;11.2; 6.74 ; 5.25 ;178.0622;14.5913242;;;;;
30.03.2021 18:59;7.7;12.3; 7.41 ; 5.25 ;195.5504518;14.5913242;;;;;
30.03.2021 19:59;6.5;13.5; 8.13 ; 5.25 ;214.6285447;14.5913242;;;;;
30.03.2021 20:59;5.4;14.6; 8.79 ; 5.25 ;232.1167965;14.5913242;;;;;
30.03.2021 21:59;4.3;15.7; 9.45 ; 5.25 ;249.6050482;14.5913242;;;;;
30.03.2021 22:59;3.3;16.7; 10.05 ; 5.25 ;265.503459;14.5913242;;;;;
30.03.2021 23:59;2.5;17.5; 10.54 ; 5.25 ;278.2221875;14.5913242;;;;;
31.03.2021 00:59;1.6;18.4; 11.08 ; 5.25 ;292.5307572;14.5913242;;;;;
31.03.2021 01:59;0.8;19.2; 11.56 ; 5.25 ;305.2494858;14.5913242;;;;;
31.03.2021 02:59;0.3;19.7; 11.86 ; 5.25 ;313.1986911;14.5913242;;;;;
31.03.2021 03:59;-0.2;20.2; 12.16 ; 5.25 ;321.1478965;14.5913242;;;;;
31.03.2021 04:59;-0.5;20.5; 12.34 ; 5.25 ;325.9174197;14.5913242;;;;;
31.03.2021 05:59;-0.3;20.3; 12.22 ; 5.25 ;322.7377375;14.5913242;;;;;
31.03.2021 06:59;2.5;17.5; 10.54 ; 5.25 ;278.2221875;14.5913242;;;;;
31.03.2021 07:59;5.5;14.5; 8.73 ; 5.25 ;230.5269554;14.5913242;;;;;
31.03.2021 08:59;8.5;11.5; 6.92 ; 5.25 ;182.8317232;14.5913242;;;;;
31.03.2021 09:59;11.2;8.8; 5.30 ; 5.25 ;139.9060143;14.5913242;;;;;
31.03.2021 10:59;13.4;6.6; 3.97 ; 5.25 ;104.9295107;14.5913242;;;;;
31.03.2021 11:59;15.1;4.9; 2.95 ; 5.25 ;77.90221251;14.5913242;;;;;
31.03.2021 12:59;16.4;3.6; 2.17 ; 5.25 ;57.23427858;14.5913242;;;;;
31.03.2021 13:59;17;3; 1.81 ; 5.25 ;47.69523215;14.5913242;;;;;
31.03.2021 14:59;16.9;3.1; 1.87 ; 5.25 ;49.28507322;14.5913242;;;;;
31.03.2021 15:59;15.8;4.2; 2.53 ; 5.25 ;66.77332501;14.5913242;;;;;
31.03.2021 16:59;13.9;6.1; 3.67 ; 5.25 ;96.98030537;14.5913242;;;;;
31.03.2021 17:59;11.7;8.3; 5.00 ; 5.25 ;131.9568089;14.5913242;;;;;
31.03.2021 18:59;10.7;9.3; 5.60 ; 5.25 ;147.8552197;14.5913242;;;;;
31.03.2021 19:59;9.8;10.2; 6.14 ; 5.25 ;162.1637893;14.5913242;;;;;
31.03.2021 20:59;8.8;11.2; 6.74 ; 5.25 ;178.0622;14.5913242;;;;;
31.03.2021 21:59;7.8;12.2; 7.34 ; 5.25 ;193.9606107;14.5913242;;;;;
31.03.2021 22:59;6.8;13.2; 7.95 ; 5.25 ;209.8590215;14.5913242;;;;;
31.03.2021 23:59;6.4;13.6; 8.19 ; 5.25 ;216.2183857;14.5913242;;;;;
01.04.2021 00:59;5.8;14.2; 8.55 ; 5.25 ;225.7574322;14.5913242;;;;;
01.04.2021 01:59;5.4;14.6; 8.79 ; 5.25 ;232.1167965;14.5913242;;;;;
01.04.2021 02:59;5.1;14.9; 8.97 ; 5.25 ;236.8863197;14.5913242;;;;;
01.04.2021 03:59;4.9;15.1; 9.09 ; 5.25 ;240.0660018;14.5913242;;;;;
01.04.2021 04:59;4.7;15.3; 9.21 ; 5.25 ;243.245684;14.5913242;;;;;
01.04.2021 05:59;5;15; 9.03 ; 5.25 ;238.4761607;14.5913242;;;;;
01.04.2021 06:59;7.2;12.8; 7.71 ; 5.25 ;203.4996572;14.5913242;;;;;
01.04.2021 07:59;9.4;10.6; 6.38 ; 5.25 ;168.5231536;14.5913242;;;;;
01.04.2021 08:59;11.6;8.4; 5.06 ; 5.25 ;133.54665;14.5913242;;;;;
01.04.2021 09:59;13.5;6.5; 3.91 ; 5.25 ;103.3396697;14.5913242;;;;;
01.04.2021 10:59;15.2;4.8; 2.89 ; 5.25 ;76.31237144;14.5913242;;;;;
01.04.2021 11:59;16.7;3.3; 1.99 ; 5.25 ;52.46475536;14.5913242;;;;;
01.04.2021 12:59;17.7;2.3; 1.38 ; 5.25 ;36.56634465;14.5913242;;;;;
01.04.2021 13:59;18.2;1.8; 1.08 ; 5.25 ;28.61713929;14.5913242;;;;;
01.04.2021 14:59;18.2;1.8; 1.08 ; 5.25 ;28.61713929;14.5913242;;;;;
01.04.2021 15:59;17.5;2.5; 1.51 ; 5.25 ;39.74602679;14.5913242;;;;;
01.04.2021 16:59;16.2;3.8; 2.29 ; 5.25 ;60.41396072;14.5913242;;;;;
01.04.2021 17:59;14.3;5.7; 3.43 ; 5.25 ;90.62094108;14.5913242;;;;;
01.04.2021 18:59;13.5;6.5; 3.91 ; 5.25 ;103.3396697;14.5913242;;;;;
01.04.2021 19:59;12.7;7.3; 4.39 ; 5.25 ;116.0583982;14.5913242;;;;;
01.04.2021 20:59;11.8;8.2; 4.94 ; 5.25 ;130.3669679;14.5913242;;;;;
01.04.2021 21:59;10.9;9.1; 5.48 ; 5.25 ;144.6755375;14.5913242;;;;;
01.04.2021 22:59;10;10; 6.02 ; 5.25 ;158.9841072;14.5913242;;;;;
01.04.2021 23:59;9.3;10.7; 6.44 ; 5.25 ;170.1129947;14.5913242;;;;;
02.04.2021 00:59;8.7;11.3; 6.80 ; 5.25 ;179.6520411;14.5913242;;;;;
02.04.2021 01:59;8;12; 7.22 ; 5.25 ;190.7809286;14.5913242;;;;;
02.04.2021 02:59;7.6;12.4; 7.47 ; 5.25 ;197.1402929;14.5913242;;;;;
02.04.2021 03:59;7.3;12.7; 7.65 ; 5.25 ;201.9098161;14.5913242;;;;;
02.04.2021 04:59;7.1;12.9; 7.77 ; 5.25 ;205.0894982;14.5913242;;;;;
02.04.2021 05:59;7.2;12.8; 7.71 ; 5.25 ;203.4996572;14.5913242;;;;;
02.04.2021 06:59;7.5;12.5; 7.53 ; 5.25 ;198.730134;14.5913242;;;;;
02.04.2021 07:59;7.7;12.3; 7.41 ; 5.25 ;195.5504518;14.5913242;;;;;
02.04.2021 08:59;8.6;11.4; 6.86 ; 5.25 ;181.2418822;14.5913242;;;;;
02.04.2021 09:59;8.6;11.4; 6.86 ; 5.25 ;181.2418822;14.5913242;;;;;
02.04.2021 10:59;8.7;11.3; 6.80 ; 5.25 ;179.6520411;14.5913242;;;;;
02.04.2021 11:59;9.2;10.8; 6.50 ; 5.25 ;171.7028357;14.5913242;;;;;
02.04.2021 12:59;10.3;9.7; 5.84 ; 5.25 ;154.2145839;14.5913242;;;;;
02.04.2021 13:59;12.3;7.7; 4.64 ; 5.25 ;122.4177625;14.5913242;;;;;
02.04.2021 14:59;13.5;6.5; 3.91 ; 5.25 ;103.3396697;14.5913242;;;;;
02.04.2021 15:59;13.9;6.1; 3.67 ; 5.25 ;96.98030537;14.5913242;;;;;
02.04.2021 16:59;13.9;6.1; 3.67 ; 5.25 ;96.98030537;14.5913242;;;;;
02.04.2021 17:59;13.3;6.7; 4.03 ; 5.25 ;106.5193518;14.5913242;;;;;
02.04.2021 18:59;12.4;7.6; 4.58 ; 5.25 ;120.8279214;14.5913242;;;;;
02.04.2021 19:59;11.5;8.5; 5.12 ; 5.25 ;135.1364911;14.5913242;;;;;
02.04.2021 20:59;10.7;9.3; 5.60 ; 5.25 ;147.8552197;14.5913242;;;;;
02.04.2021 21:59;9.8;10.2; 6.14 ; 5.25 ;162.1637893;14.5913242;;;;;
02.04.2021 22:59;8.9;11.1; 6.68 ; 5.25 ;176.472359;14.5913242;;;;;
02.04.2021 23:59;8;12; 7.22 ; 5.25 ;190.7809286;14.5913242;;;;;
03.04.2021 00:59;7;13; 7.83 ; 5.25 ;206.6793393;14.5913242;;;;;
03.04.2021 01:59;6;14; 8.43 ; 5.25 ;222.57775;14.5913242;;;;;
03.04.2021 02:59;5.4;14.6; 8.79 ; 5.25 ;232.1167965;14.5913242;;;;;
03.04.2021 03:59;4.9;15.1; 9.09 ; 5.25 ;240.0660018;14.5913242;;;;;
03.04.2021 04:59;4.5;15.5; 9.33 ; 5.25 ;246.4253661;14.5913242;;;;;
03.04.2021 05:59;4.6;15.4; 9.27 ; 5.25 ;244.835525;14.5913242;;;;;
03.04.2021 06:59;5.9;14.1; 8.49 ; 5.25 ;224.1675911;14.5913242;;;;;
03.04.2021 07:59;7.4;12.6; 7.59 ; 5.25 ;200.319975;14.5913242;;;;;
03.04.2021 08:59;7.3;12.7; 7.65 ; 5.25 ;201.9098161;14.5913242;;;;;
03.04.2021 09:59;7.9;12.1; 7.28 ; 5.25 ;192.3707697;14.5913242;;;;;
03.04.2021 10:59;9.5;10.5; 6.32 ; 5.25 ;166.9333125;14.5913242;;;;;
03.04.2021 11:59;10.3;9.7; 5.84 ; 5.25 ;154.2145839;14.5913242;;;;;
03.04.2021 12:59;10.1;9.9; 5.96 ; 5.25 ;157.3942661;14.5913242;;;;;
03.04.2021 13:59;10.2;9.8; 5.90 ; 5.25 ;155.804425;14.5913242;;;;;
03.04.2021 14:59;9.6;10.4; 6.26 ; 5.25 ;165.3434715;14.5913242;;;;;
03.04.2021 15:59;9.5;10.5; 6.32 ; 5.25 ;166.9333125;14.5913242;;;;;
03.04.2021 16:59;9.3;10.7; 6.44 ; 5.25 ;170.1129947;14.5913242;;;;;
03.04.2021 17:59;8.5;11.5; 6.92 ; 5.25 ;182.8317232;14.5913242;;;;;
03.04.2021 18:59;7.9;12.1; 7.28 ; 5.25 ;192.3707697;14.5913242;;;;;
03.04.2021 19:59;7.4;12.6; 7.59 ; 5.25 ;200.319975;14.5913242;;;;;
03.04.2021 20:59;6.8;13.2; 7.95 ; 5.25 ;209.8590215;14.5913242;;;;;
03.04.2021 21:59;6.3;13.7; 8.25 ; 5.25 ;217.8082268;14.5913242;;;;;
03.04.2021 22:59;5.7;14.3; 8.61 ; 5.25 ;227.3472732;14.5913242;;;;;
03.04.2021 23:59;5.6;14.4; 8.67 ; 5.25 ;228.9371143;14.5913242;;;;;
04.04.2021 00:59;5.5;14.5; 8.73 ; 5.25 ;230.5269554;14.5913242;;;;;
04.04.2021 01:59;5.4;14.6; 8.79 ; 5.25 ;232.1167965;14.5913242;;;;;
04.04.2021 02:59;5.4;14.6; 8.79 ; 5.25 ;232.1167965;14.5913242;;;;;
04.04.2021 03:59;5.3;14.7; 8.85 ; 5.25 ;233.7066375;14.5913242;;;;;
04.04.2021 04:59;5.3;14.7; 8.85 ; 5.25 ;233.7066375;14.5913242;;;;;
04.04.2021 05:59;5.6;14.4; 8.67 ; 5.25 ;228.9371143;14.5913242;;;;;
04.04.2021 06:59;6.7;13.3; 8.01 ; 5.25 ;211.4488625;14.5913242;;;;;
04.04.2021 07:59;7.6;12.4; 7.47 ; 5.25 ;197.1402929;14.5913242;;;;;
04.04.2021 08:59;8.8;11.2; 6.74 ; 5.25 ;178.0622;14.5913242;;;;;
04.04.2021 09:59;10.5;9.5; 5.72 ; 5.25 ;151.0349018;14.5913242;;;;;
04.04.2021 10:59;11.8;8.2; 4.94 ; 5.25 ;130.3669679;14.5913242;;;;;
04.04.2021 11:59;12.5;7.5; 4.52 ; 5.25 ;119.2380804;14.5913242;;;;;
04.04.2021 12:59;12.9;7.1; 4.27 ; 5.25 ;112.8787161;14.5913242;;;;;
04.04.2021 13:59;13.1;6.9; 4.15 ; 5.25 ;109.6990339;14.5913242;;;;;
04.04.2021 14:59;13;7; 4.21 ; 5.25 ;111.288875;14.5913242;;;;;
04.04.2021 15:59;12.6;7.4; 4.46 ; 5.25 ;117.6482393;14.5913242;;;;;
04.04.2021 16:59;12;8; 4.82 ; 5.25 ;127.1872857;14.5913242;;;;;
04.04.2021 17:59;11.1;8.9; 5.36 ; 5.25 ;141.4958554;14.5913242;;;;;
04.04.2021 18:59;10.4;9.6; 5.78 ; 5.25 ;152.6247429;14.5913242;;;;;
04.04.2021 19:59;9.7;10.3; 6.20 ; 5.25 ;163.7536304;14.5913242;;;;;
04.04.2021 20:59;9.1;10.9; 6.56 ; 5.25 ;173.2926768;14.5913242;;;;;
04.04.2021 21:59;8.4;11.6; 6.98 ; 5.25 ;184.4215643;14.5913242;;;;;
04.04.2021 22:59;7.7;12.3; 7.41 ; 5.25 ;195.5504518;14.5913242;;;;;
04.04.2021 23:59;7;13; 7.83 ; 5.25 ;206.6793393;14.5913242;;;;;
05.04.2021 00:59;5.7;14.3; 8.61 ; 5.25 ;227.3472732;14.5913242;;;;;
05.04.2021 01:59;5.5;14.5; 8.73 ; 5.25 ;230.5269554;14.5913242;;;;;
05.04.2021 02:59;5.1;14.9; 8.97 ; 5.25 ;236.8863197;14.5913242;;;;;
05.04.2021 03:59;4.7;15.3; 9.21 ; 5.25 ;243.245684;14.5913242;;;;;
05.04.2021 04:59;4.4;15.6; 9.39 ; 5.25 ;248.0152072;14.5913242;;;;;
05.04.2021 05:59;4.6;15.4; 9.27 ; 5.25 ;244.835525;14.5913242;;;;;
05.04.2021 06:59;5.6;14.4; 8.67 ; 5.25 ;228.9371143;14.5913242;;;;;
05.04.2021 07:59;6.8;13.2; 7.95 ; 5.25 ;209.8590215;14.5913242;;;;;
05.04.2021 08:59;8;12; 7.22 ; 5.25 ;190.7809286;14.5913242;;;;;
05.04.2021 09:59;8.6;11.4; 6.86 ; 5.25 ;181.2418822;14.5913242;;;;;
05.04.2021 10:59;9.2;10.8; 6.50 ; 5.25 ;171.7028357;14.5913242;;;;;
05.04.2021 11:59;9.7;10.3; 6.20 ; 5.25 ;163.7536304;14.5913242;;;;;
05.04.2021 12:59;10.1;9.9; 5.96 ; 5.25 ;157.3942661;14.5913242;;;;;
05.04.2021 13:59;9.9;10.1; 6.08 ; 5.25 ;160.5739482;14.5913242;;;;;
05.04.2021 14:59;9.7;10.3; 6.20 ; 5.25 ;163.7536304;14.5913242;;;;;
05.04.2021 15:59;9.2;10.8; 6.50 ; 5.25 ;171.7028357;14.5913242;;;;;
05.04.2021 16:59;8.4;11.6; 6.98 ; 5.25 ;184.4215643;14.5913242;;;;;
05.04.2021 17:59;7.7;12.3; 7.41 ; 5.25 ;195.5504518;14.5913242;;;;;
05.04.2021 18:59;6.9;13.1; 7.89 ; 5.25 ;208.2691804;14.5913242;;;;;
05.04.2021 19:59;6.4;13.6; 8.19 ; 5.25 ;216.2183857;14.5913242;;;;;
05.04.2021 20:59;5.9;14.1; 8.49 ; 5.25 ;224.1675911;14.5913242;;;;;
05.04.2021 21:59;5.3;14.7; 8.85 ; 5.25 ;233.7066375;14.5913242;;;;;
05.04.2021 22:59;4.7;15.3; 9.21 ; 5.25 ;243.245684;14.5913242;;;;;
05.04.2021 23:59;4.4;15.6; 9.39 ; 5.25 ;248.0152072;14.5913242;;;;;
06.04.2021 00:59;4;16; 9.63 ; 5.25 ;254.3745715;14.5913242;;;;;
06.04.2021 01:59;3.7;16.3; 9.81 ; 5.25 ;259.1440947;14.5913242;;;;;
06.04.2021 02:59;3.5;16.5; 9.93 ; 5.25 ;262.3237768;14.5913242;;;;;
06.04.2021 03:59;3.3;16.7; 10.05 ; 5.25 ;265.503459;14.5913242;;;;;
06.04.2021 04:59;3.2;16.8; 10.11 ; 5.25 ;267.0933;14.5913242;;;;;
06.04.2021 05:59;3.6;16.4; 9.87 ; 5.25 ;260.7339357;14.5913242;;;;;
06.04.2021 06:59;4.6;15.4; 9.27 ; 5.25 ;244.835525;14.5913242;;;;;
06.04.2021 07:59;5.6;14.4; 8.67 ; 5.25 ;228.9371143;14.5913242;;;;;
06.04.2021 08:59;6.6;13.4; 8.07 ; 5.25 ;213.0387036;14.5913242;;;;;
06.04.2021 09:59;7.6;12.4; 7.47 ; 5.25 ;197.1402929;14.5913242;;;;;
06.04.2021 10:59;9.1;10.9; 6.56 ; 5.25 ;173.2926768;14.5913242;;;;;
06.04.2021 11:59;10.4;9.6; 5.78 ; 5.25 ;152.6247429;14.5913242;;;;;
06.04.2021 12:59;11.5;8.5; 5.12 ; 5.25 ;135.1364911;14.5913242;;;;;
06.04.2021 13:59;12.6;7.4; 4.46 ; 5.25 ;117.6482393;14.5913242;;;;;
06.04.2021 14:59;12.9;7.1; 4.27 ; 5.25 ;112.8787161;14.5913242;;;;;
06.04.2021 15:59;13.1;6.9; 4.15 ; 5.25 ;109.6990339;14.5913242;;;;;
06.04.2021 16:59;12.4;7.6; 4.58 ; 5.25 ;120.8279214;14.5913242;;;;;
06.04.2021 17:59;11.2;8.8; 5.30 ; 5.25 ;139.9060143;14.5913242;;;;;
06.04.2021 18:59;10.5;9.5; 5.72 ; 5.25 ;151.0349018;14.5913242;;;;;
06.04.2021 19:59;9.8;10.2; 6.14 ; 5.25 ;162.1637893;14.5913242;;;;;
06.04.2021 20:59;9.1;10.9; 6.56 ; 5.25 ;173.2926768;14.5913242;;;;;
06.04.2021 21:59;8.3;11.7; 7.04 ; 5.25 ;186.0114054;14.5913242;;;;;
06.04.2021 22:59;7.6;12.4; 7.47 ; 5.25 ;197.1402929;14.5913242;;;;;
06.04.2021 23:59;6.8;13.2; 7.95 ; 5.25 ;209.8590215;14.5913242;;;;;
07.04.2021 00:59;5.8;14.2; 8.55 ; 5.25 ;225.7574322;14.5913242;;;;;
07.04.2021 01:59;5.3;14.7; 8.85 ; 5.25 ;233.7066375;14.5913242;;;;;
07.04.2021 02:59;4.9;15.1; 9.09 ; 5.25 ;240.0660018;14.5913242;;;;;
07.04.2021 03:59;4.5;15.5; 9.33 ; 5.25 ;246.4253661;14.5913242;;;;;
07.04.2021 04:59;4.5;15.5; 9.33 ; 5.25 ;246.4253661;14.5913242;;;;;
07.04.2021 05:59;5.2;14.8; 8.91 ; 5.25 ;235.2964786;14.5913242;;;;;
07.04.2021 06:59;6.3;13.7; 8.25 ; 5.25 ;217.8082268;14.5913242;;;;;
07.04.2021 07:59;6.7;13.3; 8.01 ; 5.25 ;211.4488625;14.5913242;;;;;
07.04.2021 08:59;8.6;11.4; 6.86 ; 5.25 ;181.2418822;14.5913242;;;;;
07.04.2021 09:59;10.1;9.9; 5.96 ; 5.25 ;157.3942661;14.5913242;;;;;
07.04.2021 10:59;10.5;9.5; 5.72 ; 5.25 ;151.0349018;14.5913242;;;;;
07.04.2021 11:59;10.5;9.5; 5.72 ; 5.25 ;151.0349018;14.5913242;;;;;
07.04.2021 12:59;11.3;8.7; 5.24 ; 5.25 ;138.3161732;14.5913242;;;;;
07.04.2021 13:59;11.6;8.4; 5.06 ; 5.25 ;133.54665;14.5913242;;;;;
07.04.2021 14:59;11.8;8.2; 4.94 ; 5.25 ;130.3669679;14.5913242;;;;;
07.04.2021 15:59;12.1;7.9; 4.76 ; 5.25 ;125.5974447;14.5913242;;;;;
07.04.2021 16:59;11.7;8.3; 5.00 ; 5.25 ;131.9568089;14.5913242;;;;;
07.04.2021 17:59;10.7;9.3; 5.60 ; 5.25 ;147.8552197;14.5913242;;;;;
07.04.2021 18:59;9.7;10.3; 6.20 ; 5.25 ;163.7536304;14.5913242;;;;;
07.04.2021 19:59;8.8;11.2; 6.74 ; 5.25 ;178.0622;14.5913242;;;;;
07.04.2021 20:59;7.9;12.1; 7.28 ; 5.25 ;192.3707697;14.5913242;;;;;
07.04.2021 21:59;7;13; 7.83 ; 5.25 ;206.6793393;14.5913242;;;;;
07.04.2021 22:59;6.1;13.9; 8.37 ; 5.25 ;220.987909;14.5913242;;;;;
07.04.2021 23:59;5.5;14.5; 8.73 ; 5.25 ;230.5269554;14.5913242;;;;;
08.04.2021 00:59;5;15; 9.03 ; 5.25 ;238.4761607;14.5913242;;;;;
08.04.2021 01:59;4.8;15.2; 9.15 ; 5.25 ;241.6558429;14.5913242;;;;;
08.04.2021 02:59;4.5;15.5; 9.33 ; 5.25 ;246.4253661;14.5913242;;;;;
08.04.2021 03:59;4.4;15.6; 9.39 ; 5.25 ;248.0152072;14.5913242;;;;;
08.04.2021 04:59;4.4;15.6; 9.39 ; 5.25 ;248.0152072;14.5913242;;;;;
08.04.2021 05:59;4.7;15.3; 9.21 ; 5.25 ;243.245684;14.5913242;;;;;
08.04.2021 06:59;4.8;15.2; 9.15 ; 5.25 ;241.6558429;14.5913242;;;;;
08.04.2021 07:59;6.2;13.8; 8.31 ; 5.25 ;219.3980679;14.5913242;;;;;
08.04.2021 08:59;6.9;13.1; 7.89 ; 5.25 ;208.2691804;14.5913242;;;;;
08.04.2021 09:59;8;12; 7.22 ; 5.25 ;190.7809286;14.5913242;;;;;
08.04.2021 10:59;9.3;10.7; 6.44 ; 5.25 ;170.1129947;14.5913242;;;;;
08.04.2021 11:59;11.4;8.6; 5.18 ; 5.25 ;136.7263322;14.5913242;;;;;
08.04.2021 12:59;12.6;7.4; 4.46 ; 5.25 ;117.6482393;14.5913242;;;;;
08.04.2021 13:59;13.3;6.7; 4.03 ; 5.25 ;106.5193518;14.5913242;;;;;
08.04.2021 14:59;13.9;6.1; 3.67 ; 5.25 ;96.98030537;14.5913242;;;;;
08.04.2021 15:59;14.2;5.8; 3.49 ; 5.25 ;92.21078215;14.5913242;;;;;
08.04.2021 16:59;13.7;6.3; 3.79 ; 5.25 ;100.1599875;14.5913242;;;;;
08.04.2021 17:59;12.7;7.3; 4.39 ; 5.25 ;116.0583982;14.5913242;;;;;
08.04.2021 18:59;11.6;8.4; 5.06 ; 5.25 ;133.54665;14.5913242;;;;;
08.04.2021 19:59;10.4;9.6; 5.78 ; 5.25 ;152.6247429;14.5913242;;;;;
08.04.2021 20:59;9.2;10.8; 6.50 ; 5.25 ;171.7028357;14.5913242;;;;;
08.04.2021 21:59;8;12; 7.22 ; 5.25 ;190.7809286;14.5913242;;;;;
08.04.2021 22:59;6.8;13.2; 7.95 ; 5.25 ;209.8590215;14.5913242;;;;;
08.04.2021 23:59;5.5;14.5; 8.73 ; 5.25 ;230.5269554;14.5913242;;;;;
09.04.2021 00:59;4.1;15.9; 9.57 ; 5.25 ;252.7847304;14.5913242;;;;;
09.04.2021 01:59;3.4;16.6; 9.99 ; 5.25 ;263.9136179;14.5913242;;;;;
09.04.2021 02:59;2.7;17.3; 10.42 ; 5.25 ;275.0425054;14.5913242;;;;;
09.04.2021 03:59;2.2;17.8; 10.72 ; 5.25 ;282.9917108;14.5913242;;;;;
09.04.2021 04:59;2.1;17.9; 10.78 ; 5.25 ;284.5815518;14.5913242;;;;;
09.04.2021 05:59;2.6;17.4; 10.48 ; 5.25 ;276.6323465;14.5913242;;;;;
09.04.2021 06:59;3.7;16.3; 9.81 ; 5.25 ;259.1440947;14.5913242;;;;;
09.04.2021 07:59;5.2;14.8; 8.91 ; 5.25 ;235.2964786;14.5913242;;;;;
09.04.2021 08:59;6.6;13.4; 8.07 ; 5.25 ;213.0387036;14.5913242;;;;;
09.04.2021 09:59;7.8;12.2; 7.34 ; 5.25 ;193.9606107;14.5913242;;;;;
09.04.2021 10:59;9;11; 6.62 ; 5.25 ;174.8825179;14.5913242;;;;;
09.04.2021 11:59;10.1;9.9; 5.96 ; 5.25 ;157.3942661;14.5913242;;;;;
09.04.2021 12:59;10.9;9.1; 5.48 ; 5.25 ;144.6755375;14.5913242;;;;;
09.04.2021 13:59;11.3;8.7; 5.24 ; 5.25 ;138.3161732;14.5913242;;;;;
09.04.2021 14:59;11.4;8.6; 5.18 ; 5.25 ;136.7263322;14.5913242;;;;;
09.04.2021 15:59;11;9; 5.42 ; 5.25 ;143.0856964;14.5913242;;;;;
09.04.2021 16:59;10.2;9.8; 5.90 ; 5.25 ;155.804425;14.5913242;;;;;
09.04.2021 17:59;9;11; 6.62 ; 5.25 ;174.8825179;14.5913242;;;;;
09.04.2021 18:59;7.9;12.1; 7.28 ; 5.25 ;192.3707697;14.5913242;;;;;
09.04.2021 19:59;7.3;12.7; 7.65 ; 5.25 ;201.9098161;14.5913242;;;;;
09.04.2021 20:59;6.7;13.3; 8.01 ; 5.25 ;211.4488625;14.5913242;;;;;
09.04.2021 21:59;6.1;13.9; 8.37 ; 5.25 ;220.987909;14.5913242;;;;;
09.04.2021 22:59;5.5;14.5; 8.73 ; 5.25 ;230.5269554;14.5913242;;;;;
09.04.2021 23:59;5.5;14.5; 8.73 ; 5.25 ;230.5269554;14.5913242;;;;;
10.04.2021 00:59;5.6;14.4; 8.67 ; 5.25 ;228.9371143;14.5913242;;;;;
10.04.2021 01:59;5.7;14.3; 8.61 ; 5.25 ;227.3472732;14.5913242;;;;;
10.04.2021 02:59;5.7;14.3; 8.61 ; 5.25 ;227.3472732;14.5913242;;;;;
10.04.2021 03:59;5.8;14.2; 8.55 ; 5.25 ;225.7574322;14.5913242;;;;;
10.04.2021 04:59;5.9;14.1; 8.49 ; 5.25 ;224.1675911;14.5913242;;;;;
10.04.2021 05:59;6.7;13.3; 8.01 ; 5.25 ;211.4488625;14.5913242;;;;;
10.04.2021 06:59;8.9;11.1; 6.68 ; 5.25 ;176.472359;14.5913242;;;;;
10.04.2021 07:59;10.9;9.1; 5.48 ; 5.25 ;144.6755375;14.5913242;;;;;
10.04.2021 08:59;12.2;7.8; 4.70 ; 5.25 ;124.0076036;14.5913242;;;;;
10.04.2021 09:59;13.6;6.4; 3.85 ; 5.25 ;101.7498286;14.5913242;;;;;
10.04.2021 10:59;14.5;5.5; 3.31 ; 5.25 ;87.44125894;14.5913242;;;;;
10.04.2021 11:59;15.4;4.6; 2.77 ; 5.25 ;73.1326893;14.5913242;;;;;
10.04.2021 12:59;15.7;4.3; 2.59 ; 5.25 ;68.36316608;14.5913242;;;;;
10.04.2021 13:59;15.9;4.1; 2.47 ; 5.25 ;65.18348394;14.5913242;;;;;
10.04.2021 14:59;14.6;5.4; 3.25 ; 5.25 ;85.85141787;14.5913242;;;;;
10.04.2021 15:59;13.6;6.4; 3.85 ; 5.25 ;101.7498286;14.5913242;;;;;
10.04.2021 16:59;12.7;7.3; 4.39 ; 5.25 ;116.0583982;14.5913242;;;;;
10.04.2021 17:59;11.8;8.2; 4.94 ; 5.25 ;130.3669679;14.5913242;;;;;
10.04.2021 18:59;11.1;8.9; 5.36 ; 5.25 ;141.4958554;14.5913242;;;;;
10.04.2021 19:59;10.2;9.8; 5.90 ; 5.25 ;155.804425;14.5913242;;;;;
10.04.2021 20:59;9.2;10.8; 6.50 ; 5.25 ;171.7028357;14.5913242;;;;;
10.04.2021 21:59;8.3;11.7; 7.04 ; 5.25 ;186.0114054;14.5913242;;;;;
10.04.2021 22:59;7.3;12.7; 7.65 ; 5.25 ;201.9098161;14.5913242;;;;;
10.04.2021 23:59;6;14; 8.43 ; 5.25 ;222.57775;14.5913242;;;;;
11.04.2021 00:59;4.6;15.4; 9.27 ; 5.25 ;244.835525;14.5913242;;;;;
11.04.2021 01:59;3.9;16.1; 9.69 ; 5.25 ;255.9644125;14.5913242;;;;;
11.04.2021 02:59;3.2;16.8; 10.11 ; 5.25 ;267.0933;14.5913242;;;;;
11.04.2021 03:59;2.7;17.3; 10.42 ; 5.25 ;275.0425054;14.5913242;;;;;
11.04.2021 04:59;2.6;17.4; 10.48 ; 5.25 ;276.6323465;14.5913242;;;;;
11.04.2021 05:59;3.5;16.5; 9.93 ; 5.25 ;262.3237768;14.5913242;;;;;
11.04.2021 06:59;5.2;14.8; 8.91 ; 5.25 ;235.2964786;14.5913242;;;;;
11.04.2021 07:59;7.3;12.7; 7.65 ; 5.25 ;201.9098161;14.5913242;;;;;
11.04.2021 08:59;9.3;10.7; 6.44 ; 5.25 ;170.1129947;14.5913242;;;;;
11.04.2021 09:59;11.2;8.8; 5.30 ; 5.25 ;139.9060143;14.5913242;;;;;
11.04.2021 10:59;12.8;7.2; 4.33 ; 5.25 ;114.4685572;14.5913242;;;;;
11.04.2021 11:59;13.9;6.1; 3.67 ; 5.25 ;96.98030537;14.5913242;;;;;
11.04.2021 12:59;14.8;5.2; 3.13 ; 5.25 ;82.67173573;14.5913242;;;;;
11.04.2021 13:59;15.3;4.7; 2.83 ; 5.25 ;74.72253037;14.5913242;;;;;
11.04.2021 14:59;15.4;4.6; 2.77 ; 5.25 ;73.1326893;14.5913242;;;;;
11.04.2021 15:59;14.8;5.2; 3.13 ; 5.25 ;82.67173573;14.5913242;;;;;
11.04.2021 16:59;13.7;6.3; 3.79 ; 5.25 ;100.1599875;14.5913242;;;;;
11.04.2021 17:59;12.2;7.8; 4.70 ; 5.25 ;124.0076036;14.5913242;;;;;
11.04.2021 18:59;10.7;9.3; 5.60 ; 5.25 ;147.8552197;14.5913242;;;;;
11.04.2021 19:59;9.6;10.4; 6.26 ; 5.25 ;165.3434715;14.5913242;;;;;
11.04.2021 20:59;8.6;11.4; 6.86 ; 5.25 ;181.2418822;14.5913242;;;;;
11.04.2021 21:59;7.5;12.5; 7.53 ; 5.25 ;198.730134;14.5913242;;;;;
11.04.2021 22:59;6.5;13.5; 8.13 ; 5.25 ;214.6285447;14.5913242;;;;;
11.04.2021 23:59;6;14; 8.43 ; 5.25 ;222.57775;14.5913242;;;;;
12.04.2021 00:59;5.5;14.5; 8.73 ; 5.25 ;230.5269554;14.5913242;;;;;
12.04.2021 01:59;5.3;14.7; 8.85 ; 5.25 ;233.7066375;14.5913242;;;;;
12.04.2021 02:59;5;15; 9.03 ; 5.25 ;238.4761607;14.5913242;;;;;
12.04.2021 03:59;4.9;15.1; 9.09 ; 5.25 ;240.0660018;14.5913242;;;;;
12.04.2021 04:59;4.8;15.2; 9.15 ; 5.25 ;241.6558429;14.5913242;;;;;
12.04.2021 05:59;6.1;13.9; 8.37 ; 5.25 ;220.987909;14.5913242;;;;;
12.04.2021 06:59;8.3;11.7; 7.04 ; 5.25 ;186.0114054;14.5913242;;;;;
12.04.2021 07:59;10.7;9.3; 5.60 ; 5.25 ;147.8552197;14.5913242;;;;;
12.04.2021 08:59;13.2;6.8; 4.09 ; 5.25 ;108.1091929;14.5913242;;;;;
12.04.2021 09:59;15.5;4.5; 2.71 ; 5.25 ;71.54284822;14.5913242;;;;;
12.04.2021 10:59;17.6;2.4; 1.44 ; 5.25 ;38.15618572;14.5913242;;;;;
12.04.2021 11:59;19.4;0.6; 0.36 ; 5.25 ;9.53904643;14.5913242;;;;;
12.04.2021 12:59;20.6;0; -   ; 5.25 ;0;14.5913242;;;;;
12.04.2021 13:59;21.3;0; -   ; 5.25 ;0;14.5913242;;;;;
12.04.2021 14:59;21.5;0; -   ; 5.25 ;0;14.5913242;;;;;
12.04.2021 15:59;21;0; -   ; 5.25 ;0;14.5913242;;;;;
12.04.2021 16:59;19.7;0.3; 0.18 ; 5.25 ;4.769523215;14.5913242;;;;;
12.04.2021 17:59;17.9;2.1; 1.26 ; 5.25 ;33.3866625;14.5913242;;;;;
12.04.2021 18:59;16;4; 2.41 ; 5.25 ;63.59364287;14.5913242;;;;;
12.04.2021 19:59;14.3;5.7; 3.43 ; 5.25 ;90.62094108;14.5913242;;;;;
12.04.2021 20:59;12.8;7.2; 4.33 ; 5.25 ;114.4685572;14.5913242;;;;;
12.04.2021 21:59;11.3;8.7; 5.24 ; 5.25 ;138.3161732;14.5913242;;;;;
12.04.2021 22:59;9.7;10.3; 6.20 ; 5.25 ;163.7536304;14.5913242;;;;;
12.04.2021 23:59;8.3;11.7; 7.04 ; 5.25 ;186.0114054;14.5913242;;;;;
13.04.2021 00:59;6.7;13.3; 8.01 ; 5.25 ;211.4488625;14.5913242;;;;;
13.04.2021 01:59;5.9;14.1; 8.49 ; 5.25 ;224.1675911;14.5913242;;;;;
13.04.2021 02:59;5.1;14.9; 8.97 ; 5.25 ;236.8863197;14.5913242;;;;;
13.04.2021 03:59;4.5;15.5; 9.33 ; 5.25 ;246.4253661;14.5913242;;;;;
13.04.2021 04:59;4.4;15.6; 9.39 ; 5.25 ;248.0152072;14.5913242;;;;;
13.04.2021 05:59;5.4;14.6; 8.79 ; 5.25 ;232.1167965;14.5913242;;;;;
13.04.2021 06:59;7.2;12.8; 7.71 ; 5.25 ;203.4996572;14.5913242;;;;;
13.04.2021 07:59;9.1;10.9; 6.56 ; 5.25 ;173.2926768;14.5913242;;;;;
13.04.2021 08:59;11.5;8.5; 5.12 ; 5.25 ;135.1364911;14.5913242;;;;;
13.04.2021 09:59;13.4;6.6; 3.97 ; 5.25 ;104.9295107;14.5913242;;;;;
13.04.2021 10:59;13.6;6.4; 3.85 ; 5.25 ;101.7498286;14.5913242;;;;;
13.04.2021 11:59;13.7;6.3; 3.79 ; 5.25 ;100.1599875;14.5913242;;;;;
13.04.2021 12:59;14.1;5.9; 3.55 ; 5.25 ;93.80062323;14.5913242;;;;;
13.04.2021 13:59;14.4;5.6; 3.37 ; 5.25 ;89.03110001;14.5913242;;;;;
13.04.2021 14:59;14.3;5.7; 3.43 ; 5.25 ;90.62094108;14.5913242;;;;;
13.04.2021 15:59;14;6; 3.61 ; 5.25 ;95.3904643;14.5913242;;;;;
13.04.2021 16:59;13.3;6.7; 4.03 ; 5.25 ;106.5193518;14.5913242;;;;;
13.04.2021 17:59;12;8; 4.82 ; 5.25 ;127.1872857;14.5913242;;;;;
13.04.2021 18:59;10.8;9.2; 5.54 ; 5.25 ;146.2653786;14.5913242;;;;;
13.04.2021 19:59;9;11; 6.62 ; 5.25 ;174.8825179;14.5913242;;;;;
13.04.2021 20:59;7.2;12.8; 7.71 ; 5.25 ;203.4996572;14.5913242;;;;;
13.04.2021 21:59;5.3;14.7; 8.85 ; 5.25 ;233.7066375;14.5913242;;;;;
13.04.2021 22:59;3.6;16.4; 9.87 ; 5.25 ;260.7339357;14.5913242;;;;;
13.04.2021 23:59;2.5;17.5; 10.54 ; 5.25 ;278.2221875;14.5913242;;;;;
14.04.2021 00:59;1.4;18.6; 11.20 ; 5.25 ;295.7104393;14.5913242;;;;;
14.04.2021 01:59;0.8;19.2; 11.56 ; 5.25 ;305.2494858;14.5913242;;;;;
14.04.2021 02:59;0.1;19.9; 11.98 ; 5.25 ;316.3783733;14.5913242;;;;;
14.04.2021 03:59;-0.3;20.3; 12.22 ; 5.25 ;322.7377375;14.5913242;;;;;
14.04.2021 04:59;-0.4;20.4; 12.28 ; 5.25 ;324.3275786;14.5913242;;;;;
14.04.2021 05:59;0.8;19.2; 11.56 ; 5.25 ;305.2494858;14.5913242;;;;;
14.04.2021 06:59;2.6;17.4; 10.48 ; 5.25 ;276.6323465;14.5913242;;;;;
14.04.2021 07:59;4.6;15.4; 9.27 ; 5.25 ;244.835525;14.5913242;;;;;
14.04.2021 08:59;6.8;13.2; 7.95 ; 5.25 ;209.8590215;14.5913242;;;;;
14.04.2021 09:59;8.8;11.2; 6.74 ; 5.25 ;178.0622;14.5913242;;;;;
14.04.2021 10:59;10.6;9.4; 5.66 ; 5.25 ;149.4450607;14.5913242;;;;;
14.04.2021 11:59;11.9;8.1; 4.88 ; 5.25 ;128.7771268;14.5913242;;;;;
14.04.2021 12:59;12.9;7.1; 4.27 ; 5.25 ;112.8787161;14.5913242;;;;;
14.04.2021 13:59;13.4;6.6; 3.97 ; 5.25 ;104.9295107;14.5913242;;;;;
14.04.2021 14:59;13.4;6.6; 3.97 ; 5.25 ;104.9295107;14.5913242;;;;;
14.04.2021 15:59;12.9;7.1; 4.27 ; 5.25 ;112.8787161;14.5913242;;;;;
14.04.2021 16:59;11.8;8.2; 4.94 ; 5.25 ;130.3669679;14.5913242;;;;;
14.04.2021 17:59;10.2;9.8; 5.90 ; 5.25 ;155.804425;14.5913242;;;;;
14.04.2021 18:59;8.7;11.3; 6.80 ; 5.25 ;179.6520411;14.5913242;;;;;
14.04.2021 19:59;7.2;12.8; 7.71 ; 5.25 ;203.4996572;14.5913242;;;;;
14.04.2021 20:59;5.7;14.3; 8.61 ; 5.25 ;227.3472732;14.5913242;;;;;
14.04.2021 21:59;4.3;15.7; 9.45 ; 5.25 ;249.6050482;14.5913242;;;;;
14.04.2021 22:59;2.9;17.1; 10.29 ; 5.25 ;271.8628233;14.5913242;;;;;
14.04.2021 23:59;1.9;18.1; 10.90 ; 5.25 ;287.761234;14.5913242;;;;;
15.04.2021 00:59;0.9;19.1; 11.50 ; 5.25 ;303.6596447;14.5913242;;;;;
15.04.2021 01:59;0.3;19.7; 11.86 ; 5.25 ;313.1986911;14.5913242;;;;;
15.04.2021 02:59;-0.3;20.3; 12.22 ; 5.25 ;322.7377375;14.5913242;;;;;
15.04.2021 03:59;-0.8;20.8; 12.52 ; 5.25 ;330.6869429;14.5913242;;;;;
15.04.2021 04:59;-0.9;20.9; 12.58 ; 5.25 ;332.276784;14.5913242;;;;;
15.04.2021 05:59;-0.1;20.1; 12.10 ; 5.25 ;319.5580554;14.5913242;;;;;
15.04.2021 06:59;1.3;18.7; 11.26 ; 5.25 ;297.3002804;14.5913242;;;;;
15.04.2021 07:59;2.8;17.2; 10.36 ; 5.25 ;273.4526643;14.5913242;;;;;
15.04.2021 08:59;4.3;15.7; 9.45 ; 5.25 ;249.6050482;14.5913242;;;;;
15.04.2021 09:59;5.7;14.3; 8.61 ; 5.25 ;227.3472732;14.5913242;;;;;
15.04.2021 10:59;6.9;13.1; 7.89 ; 5.25 ;208.2691804;14.5913242;;;;;
15.04.2021 11:59;7.9;12.1; 7.28 ; 5.25 ;192.3707697;14.5913242;;;;;
15.04.2021 12:59;8.7;11.3; 6.80 ; 5.25 ;179.6520411;14.5913242;;;;;
15.04.2021 13:59;9;11; 6.62 ; 5.25 ;174.8825179;14.5913242;;;;;
15.04.2021 14:59;8.9;11.1; 6.68 ; 5.25 ;176.472359;14.5913242;;;;;
15.04.2021 15:59;8.4;11.6; 6.98 ; 5.25 ;184.4215643;14.5913242;;;;;
15.04.2021 16:59;7.5;12.5; 7.53 ; 5.25 ;198.730134;14.5913242;;;;;
15.04.2021 17:59;6.4;13.6; 8.19 ; 5.25 ;216.2183857;14.5913242;;;;;
15.04.2021 18:59;5.1;14.9; 8.97 ; 5.25 ;236.8863197;14.5913242;;;;;
15.04.2021 19:59;4;16; 9.63 ; 5.25 ;254.3745715;14.5913242;;;;;
15.04.2021 20:59;2.9;17.1; 10.29 ; 5.25 ;271.8628233;14.5913242;;;;;
15.04.2021 21:59;1.8;18.2; 10.96 ; 5.25 ;289.351075;14.5913242;;;;;
15.04.2021 22:59;0.8;19.2; 11.56 ; 5.25 ;305.2494858;14.5913242;;;;;
15.04.2021 23:59;0.3;19.7; 11.86 ; 5.25 ;313.1986911;14.5913242;;;;;
16.04.2021 00:59;-0.1;20.1; 12.10 ; 5.25 ;319.5580554;14.5913242;;;;;
16.04.2021 01:59;-0.3;20.3; 12.22 ; 5.25 ;322.7377375;14.5913242;;;;;
16.04.2021 02:59;-0.5;20.5; 12.34 ; 5.25 ;325.9174197;14.5913242;;;;;
16.04.2021 03:59;-0.7;20.7; 12.46 ; 5.25 ;329.0971018;14.5913242;;;;;
16.04.2021 04:59;-0.7;20.7; 12.46 ; 5.25 ;329.0971018;14.5913242;;;;;
16.04.2021 05:59;-0.2;20.2; 12.16 ; 5.25 ;321.1478965;14.5913242;;;;;
16.04.2021 06:59;0;20; 12.04 ; 5.25 ;317.9682143;14.5913242;;;;;
16.04.2021 07:59;0.1;19.9; 11.98 ; 5.25 ;316.3783733;14.5913242;;;;;
16.04.2021 08:59;0.3;19.7; 11.86 ; 5.25 ;313.1986911;14.5913242;;;;;
16.04.2021 09:59;-0.1;20.1; 12.10 ; 5.25 ;319.5580554;14.5913242;;;;;
16.04.2021 10:59;-0.7;20.7; 12.46 ; 5.25 ;329.0971018;14.5913242;;;;;
16.04.2021 11:59;2.3;17.7; 10.66 ; 5.25 ;281.4018697;14.5913242;;;;;
16.04.2021 12:59;3.9;16.1; 9.69 ; 5.25 ;255.9644125;14.5913242;;;;;
16.04.2021 13:59;4.8;15.2; 9.15 ; 5.25 ;241.6558429;14.5913242;;;;;
16.04.2021 14:59;5.2;14.8; 8.91 ; 5.25 ;235.2964786;14.5913242;;;;;
16.04.2021 15:59;5;15; 9.03 ; 5.25 ;238.4761607;14.5913242;;;;;
16.04.2021 16:59;5;15; 9.03 ; 5.25 ;238.4761607;14.5913242;;;;;
16.04.2021 17:59;4.5;15.5; 9.33 ; 5.25 ;246.4253661;14.5913242;;;;;
16.04.2021 18:59;3.9;16.1; 9.69 ; 5.25 ;255.9644125;14.5913242;;;;;
16.04.2021 19:59;3.5;16.5; 9.93 ; 5.25 ;262.3237768;14.5913242;;;;;
16.04.2021 20:59;3.1;16.9; 10.17 ; 5.25 ;268.6831411;14.5913242;;;;;
16.04.2021 21:59;2.8;17.2; 10.36 ; 5.25 ;273.4526643;14.5913242;;;;;
16.04.2021 22:59;2.2;17.8; 10.72 ; 5.25 ;282.9917108;14.5913242;;;;;
16.04.2021 23:59;2.2;17.8; 10.72 ; 5.25 ;282.9917108;14.5913242;;;;;
17.04.2021 00:59;1.9;18.1; 10.90 ; 5.25 ;287.761234;14.5913242;;;;;
17.04.2021 01:59;1.6;18.4; 11.08 ; 5.25 ;292.5307572;14.5913242;;;;;
17.04.2021 02:59;1.5;18.5; 11.14 ; 5.25 ;294.1205983;14.5913242;;;;;
17.04.2021 03:59;1.4;18.6; 11.20 ; 5.25 ;295.7104393;14.5913242;;;;;
17.04.2021 04:59;1.4;18.6; 11.20 ; 5.25 ;295.7104393;14.5913242;;;;;
17.04.2021 05:59;1.5;18.5; 11.14 ; 5.25 ;294.1205983;14.5913242;;;;;
17.04.2021 06:59;2.7;17.3; 10.42 ; 5.25 ;275.0425054;14.5913242;;;;;
17.04.2021 07:59;4.6;15.4; 9.27 ; 5.25 ;244.835525;14.5913242;;;;;
17.04.2021 08:59;5.9;14.1; 8.49 ; 5.25 ;224.1675911;14.5913242;;;;;
17.04.2021 09:59;6.4;13.6; 8.19 ; 5.25 ;216.2183857;14.5913242;;;;;
17.04.2021 10:59;6.7;13.3; 8.01 ; 5.25 ;211.4488625;14.5913242;;;;;
17.04.2021 11:59;6.3;13.7; 8.25 ; 5.25 ;217.8082268;14.5913242;;;;;
17.04.2021 12:59;6.4;13.6; 8.19 ; 5.25 ;216.2183857;14.5913242;;;;;
17.04.2021 13:59;7.7;12.3; 7.41 ; 5.25 ;195.5504518;14.5913242;;;;;
17.04.2021 14:59;8;12; 7.22 ; 5.25 ;190.7809286;14.5913242;;;;;
17.04.2021 15:59;8.5;11.5; 6.92 ; 5.25 ;182.8317232;14.5913242;;;;;
17.04.2021 16:59;8.6;11.4; 6.86 ; 5.25 ;181.2418822;14.5913242;;;;;
17.04.2021 17:59;7.9;12.1; 7.28 ; 5.25 ;192.3707697;14.5913242;;;;;
17.04.2021 18:59;7;13; 7.83 ; 5.25 ;206.6793393;14.5913242;;;;;
17.04.2021 19:59;6.3;13.7; 8.25 ; 5.25 ;217.8082268;14.5913242;;;;;
17.04.2021 20:59;5.6;14.4; 8.67 ; 5.25 ;228.9371143;14.5913242;;;;;
17.04.2021 21:59;4.9;15.1; 9.09 ; 5.25 ;240.0660018;14.5913242;;;;;
17.04.2021 22:59;4.2;15.8; 9.51 ; 5.25 ;251.1948893;14.5913242;;;;;
17.04.2021 23:59;3.7;16.3; 9.81 ; 5.25 ;259.1440947;14.5913242;;;;;
18.04.2021 00:59;3.1;16.9; 10.17 ; 5.25 ;268.6831411;14.5913242;;;;;
18.04.2021 01:59;2.9;17.1; 10.29 ; 5.25 ;271.8628233;14.5913242;;;;;
18.04.2021 02:59;2.6;17.4; 10.48 ; 5.25 ;276.6323465;14.5913242;;;;;
18.04.2021 03:59;2.4;17.6; 10.60 ; 5.25 ;279.8120286;14.5913242;;;;;
18.04.2021 04:59;2.4;17.6; 10.60 ; 5.25 ;279.8120286;14.5913242;;;;;
18.04.2021 05:59;3.5;16.5; 9.93 ; 5.25 ;262.3237768;14.5913242;;;;;
18.04.2021 06:59;3.8;16.2; 9.75 ; 5.25 ;257.5542536;14.5913242;;;;;
18.04.2021 07:59;4.6;15.4; 9.27 ; 5.25 ;244.835525;14.5913242;;;;;
18.04.2021 08:59;5.5;14.5; 8.73 ; 5.25 ;230.5269554;14.5913242;;;;;
18.04.2021 09:59;6.6;13.4; 8.07 ; 5.25 ;213.0387036;14.5913242;;;;;
18.04.2021 10:59;7.6;12.4; 7.47 ; 5.25 ;197.1402929;14.5913242;;;;;
18.04.2021 11:59;8.7;11.3; 6.80 ; 5.25 ;179.6520411;14.5913242;;;;;
18.04.2021 12:59;9.2;10.8; 6.50 ; 5.25 ;171.7028357;14.5913242;;;;;
18.04.2021 13:59;9.5;10.5; 6.32 ; 5.25 ;166.9333125;14.5913242;;;;;
18.04.2021 14:59;9.6;10.4; 6.26 ; 5.25 ;165.3434715;14.5913242;;;;;
18.04.2021 15:59;8.9;11.1; 6.68 ; 5.25 ;176.472359;14.5913242;;;;;
18.04.2021 16:59;8;12; 7.22 ; 5.25 ;190.7809286;14.5913242;;;;;
18.04.2021 17:59;7.2;12.8; 7.71 ; 5.25 ;203.4996572;14.5913242;;;;;
18.04.2021 18:59;6.6;13.4; 8.07 ; 5.25 ;213.0387036;14.5913242;;;;;
18.04.2021 19:59;5.6;14.4; 8.67 ; 5.25 ;228.9371143;14.5913242;;;;;
18.04.2021 20:59;4.7;15.3; 9.21 ; 5.25 ;243.245684;14.5913242;;;;;
18.04.2021 21:59;3.7;16.3; 9.81 ; 5.25 ;259.1440947;14.5913242;;;;;
18.04.2021 22:59;2.5;17.5; 10.54 ; 5.25 ;278.2221875;14.5913242;;;;;
18.04.2021 23:59;1.9;18.1; 10.90 ; 5.25 ;287.761234;14.5913242;;;;;
19.04.2021 00:59;0.9;19.1; 11.50 ; 5.25 ;303.6596447;14.5913242;;;;;
19.04.2021 01:59;0.4;19.6; 11.80 ; 5.25 ;311.60885;14.5913242;;;;;
19.04.2021 02:59;-0.1;20.1; 12.10 ; 5.25 ;319.5580554;14.5913242;;;;;
19.04.2021 03:59;-0.5;20.5; 12.34 ; 5.25 ;325.9174197;14.5913242;;;;;
19.04.2021 04:59;-0.5;20.5; 12.34 ; 5.25 ;325.9174197;14.5913242;;;;;
19.04.2021 05:59;-0.1;20.1; 12.10 ; 5.25 ;319.5580554;14.5913242;;;;;
19.04.2021 06:59;0.2;19.8; 11.92 ; 5.25 ;314.7885322;14.5913242;;;;;
19.04.2021 07:59;1.4;18.6; 11.20 ; 5.25 ;295.7104393;14.5913242;;;;;
19.04.2021 08:59;3;17; 10.23 ; 5.25 ;270.2729822;14.5913242;;;;;
19.04.2021 09:59;4.1;15.9; 9.57 ; 5.25 ;252.7847304;14.5913242;;;;;
19.04.2021 10:59;5;15; 9.03 ; 5.25 ;238.4761607;14.5913242;;;;;
19.04.2021 11:59;5.4;14.6; 8.79 ; 5.25 ;232.1167965;14.5913242;;;;;
19.04.2021 12:59;6.7;13.3; 8.01 ; 5.25 ;211.4488625;14.5913242;;;;;
19.04.2021 13:59;6.8;13.2; 7.95 ; 5.25 ;209.8590215;14.5913242;;;;;
19.04.2021 14:59;6.7;13.3; 8.01 ; 5.25 ;211.4488625;14.5913242;;;;;
19.04.2021 15:59;6.1;13.9; 8.37 ; 5.25 ;220.987909;14.5913242;;;;;
19.04.2021 16:59;5.1;14.9; 8.97 ; 5.25 ;236.8863197;14.5913242;;;;;
19.04.2021 17:59;4.3;15.7; 9.45 ; 5.25 ;249.6050482;14.5913242;;;;;
19.04.2021 18:59;3.6;16.4; 9.87 ; 5.25 ;260.7339357;14.5913242;;;;;
19.04.2021 19:59;3.1;16.9; 10.17 ; 5.25 ;268.6831411;14.5913242;;;;;
19.04.2021 20:59;2.6;17.4; 10.48 ; 5.25 ;276.6323465;14.5913242;;;;;
19.04.2021 21:59;2.1;17.9; 10.78 ; 5.25 ;284.5815518;14.5913242;;;;;
19.04.2021 22:59;1.6;18.4; 11.08 ; 5.25 ;292.5307572;14.5913242;;;;;
19.04.2021 23:59;1.1;18.9; 11.38 ; 5.25 ;300.4799625;14.5913242;;;;;
20.04.2021 00:59;1.1;18.9; 11.38 ; 5.25 ;300.4799625;14.5913242;;;;;
20.04.2021 01:59;0.9;19.1; 11.50 ; 5.25 ;303.6596447;14.5913242;;;;;
20.04.2021 02:59;0.9;19.1; 11.50 ; 5.25 ;303.6596447;14.5913242;;;;;
20.04.2021 03:59;0.9;19.1; 11.50 ; 5.25 ;303.6596447;14.5913242;;;;;
20.04.2021 04:59;0.9;19.1; 11.50 ; 5.25 ;303.6596447;14.5913242;;;;;
20.04.2021 05:59;1.6;18.4; 11.08 ; 5.25 ;292.5307572;14.5913242;;;;;
20.04.2021 06:59;1.6;18.4; 11.08 ; 5.25 ;292.5307572;14.5913242;;;;;
20.04.2021 07:59;3.4;16.6; 9.99 ; 5.25 ;263.9136179;14.5913242;;;;;
20.04.2021 08:59;4.3;15.7; 9.45 ; 5.25 ;249.6050482;14.5913242;;;;;
20.04.2021 09:59;5.2;14.8; 8.91 ; 5.25 ;235.2964786;14.5913242;;;;;
20.04.2021 10:59;6.1;13.9; 8.37 ; 5.25 ;220.987909;14.5913242;;;;;
20.04.2021 11:59;6.8;13.2; 7.95 ; 5.25 ;209.8590215;14.5913242;;;;;
20.04.2021 12:59;7.4;12.6; 7.59 ; 5.25 ;200.319975;14.5913242;;;;;
20.04.2021 13:59;7.8;12.2; 7.34 ; 5.25 ;193.9606107;14.5913242;;;;;
20.04.2021 14:59;7.9;12.1; 7.28 ; 5.25 ;192.3707697;14.5913242;;;;;
20.04.2021 15:59;7.7;12.3; 7.41 ; 5.25 ;195.5504518;14.5913242;;;;;
20.04.2021 16:59;7.3;12.7; 7.65 ; 5.25 ;201.9098161;14.5913242;;;;;
20.04.2021 17:59;6.6;13.4; 8.07 ; 5.25 ;213.0387036;14.5913242;;;;;
20.04.2021 18:59;5.8;14.2; 8.55 ; 5.25 ;225.7574322;14.5913242;;;;;
20.04.2021 19:59;5.3;14.7; 8.85 ; 5.25 ;233.7066375;14.5913242;;;;;
20.04.2021 20:59;4.9;15.1; 9.09 ; 5.25 ;240.0660018;14.5913242;;;;;
20.04.2021 21:59;4.4;15.6; 9.39 ; 5.25 ;248.0152072;14.5913242;;;;;
20.04.2021 22:59;3.9;16.1; 9.69 ; 5.25 ;255.9644125;14.5913242;;;;;
20.04.2021 23:59;3.6;16.4; 9.87 ; 5.25 ;260.7339357;14.5913242;;;;;
21.04.2021 00:59;3.2;16.8; 10.11 ; 5.25 ;267.0933;14.5913242;;;;;
21.04.2021 01:59;3;17; 10.23 ; 5.25 ;270.2729822;14.5913242;;;;;
21.04.2021 02:59;2.7;17.3; 10.42 ; 5.25 ;275.0425054;14.5913242;;;;;
21.04.2021 03:59;2.6;17.4; 10.48 ; 5.25 ;276.6323465;14.5913242;;;;;
21.04.2021 04:59;2.6;17.4; 10.48 ; 5.25 ;276.6323465;14.5913242;;;;;
21.04.2021 05:59;3.9;16.1; 9.69 ; 5.25 ;255.9644125;14.5913242;;;;;
21.04.2021 06:59;5.8;14.2; 8.55 ; 5.25 ;225.7574322;14.5913242;;;;;
21.04.2021 07:59;7;13; 7.83 ; 5.25 ;206.6793393;14.5913242;;;;;
21.04.2021 08:59;8.4;11.6; 6.98 ; 5.25 ;184.4215643;14.5913242;;;;;
21.04.2021 09:59;9.1;10.9; 6.56 ; 5.25 ;173.2926768;14.5913242;;;;;
21.04.2021 10:59;9.5;10.5; 6.32 ; 5.25 ;166.9333125;14.5913242;;;;;
21.04.2021 11:59;8.6;11.4; 6.86 ; 5.25 ;181.2418822;14.5913242;;;;;
21.04.2021 12:59;8.1;11.9; 7.16 ; 5.25 ;189.1910875;14.5913242;;;;;
21.04.2021 13:59;6.7;13.3; 8.01 ; 5.25 ;211.4488625;14.5913242;;;;;
21.04.2021 14:59;7.2;12.8; 7.71 ; 5.25 ;203.4996572;14.5913242;;;;;
21.04.2021 15:59;7.5;12.5; 7.53 ; 5.25 ;198.730134;14.5913242;;;;;
21.04.2021 16:59;7.2;12.8; 7.71 ; 5.25 ;203.4996572;14.5913242;;;;;
21.04.2021 17:59;6.5;13.5; 8.13 ; 5.25 ;214.6285447;14.5913242;;;;;
21.04.2021 18:59;5.8;14.2; 8.55 ; 5.25 ;225.7574322;14.5913242;;;;;
21.04.2021 19:59;5.8;14.2; 8.55 ; 5.25 ;225.7574322;14.5913242;;;;;
21.04.2021 20:59;5.7;14.3; 8.61 ; 5.25 ;227.3472732;14.5913242;;;;;
21.04.2021 21:59;5.6;14.4; 8.67 ; 5.25 ;228.9371143;14.5913242;;;;;
21.04.2021 22:59;5.4;14.6; 8.79 ; 5.25 ;232.1167965;14.5913242;;;;;
21.04.2021 23:59;5.5;14.5; 8.73 ; 5.25 ;230.5269554;14.5913242;;;;;
22.04.2021 00:59;5.6;14.4; 8.67 ; 5.25 ;228.9371143;14.5913242;;;;;
22.04.2021 01:59;5.6;14.4; 8.67 ; 5.25 ;228.9371143;14.5913242;;;;;
22.04.2021 02:59;5.7;14.3; 8.61 ; 5.25 ;227.3472732;14.5913242;;;;;
22.04.2021 03:59;5.7;14.3; 8.61 ; 5.25 ;227.3472732;14.5913242;;;;;
22.04.2021 04:59;5.8;14.2; 8.55 ; 5.25 ;225.7574322;14.5913242;;;;;
22.04.2021 05:59;7;13; 7.83 ; 5.25 ;206.6793393;14.5913242;;;;;
22.04.2021 06:59;8.5;11.5; 6.92 ; 5.25 ;182.8317232;14.5913242;;;;;
22.04.2021 07:59;10.1;9.9; 5.96 ; 5.25 ;157.3942661;14.5913242;;;;;
22.04.2021 08:59;11.8;8.2; 4.94 ; 5.25 ;130.3669679;14.5913242;;;;;
22.04.2021 09:59;13.6;6.4; 3.85 ; 5.25 ;101.7498286;14.5913242;;;;;
22.04.2021 10:59;15.2;4.8; 2.89 ; 5.25 ;76.31237144;14.5913242;;;;;
22.04.2021 11:59;16.6;3.4; 2.05 ; 5.25 ;54.05459644;14.5913242;;;;;
22.04.2021 12:59;17.5;2.5; 1.51 ; 5.25 ;39.74602679;14.5913242;;;;;
22.04.2021 13:59;18;2; 1.20 ; 5.25 ;31.79682143;14.5913242;;;;;
22.04.2021 14:59;18.2;1.8; 1.08 ; 5.25 ;28.61713929;14.5913242;;;;;
22.04.2021 15:59;17.8;2.2; 1.32 ; 5.25 ;34.97650358;14.5913242;;;;;
22.04.2021 16:59;16.9;3.1; 1.87 ; 5.25 ;49.28507322;14.5913242;;;;;
22.04.2021 17:59;15.7;4.3; 2.59 ; 5.25 ;68.36316608;14.5913242;;;;;
22.04.2021 18:59;14.4;5.6; 3.37 ; 5.25 ;89.03110001;14.5913242;;;;;
22.04.2021 19:59;13.4;6.6; 3.97 ; 5.25 ;104.9295107;14.5913242;;;;;
22.04.2021 20:59;12.4;7.6; 4.58 ; 5.25 ;120.8279214;14.5913242;;;;;
22.04.2021 21:59;11.3;8.7; 5.24 ; 5.25 ;138.3161732;14.5913242;;;;;
22.04.2021 22:59;10.3;9.7; 5.84 ; 5.25 ;154.2145839;14.5913242;;;;;
22.04.2021 23:59;9.2;10.8; 6.50 ; 5.25 ;171.7028357;14.5913242;;;;;
23.04.2021 00:59;8;12; 7.22 ; 5.25 ;190.7809286;14.5913242;;;;;
23.04.2021 01:59;7.4;12.6; 7.59 ; 5.25 ;200.319975;14.5913242;;;;;
23.04.2021 02:59;6.7;13.3; 8.01 ; 5.25 ;211.4488625;14.5913242;;;;;
23.04.2021 03:59;6.3;13.7; 8.25 ; 5.25 ;217.8082268;14.5913242;;;;;
23.04.2021 04:59;6.3;13.7; 8.25 ; 5.25 ;217.8082268;14.5913242;;;;;
23.04.2021 05:59;7.8;12.2; 7.34 ; 5.25 ;193.9606107;14.5913242;;;;;
23.04.2021 06:59;9.7;10.3; 6.20 ; 5.25 ;163.7536304;14.5913242;;;;;
23.04.2021 07:59;11.8;8.2; 4.94 ; 5.25 ;130.3669679;14.5913242;;;;;
23.04.2021 08:59;13.8;6.2; 3.73 ; 5.25 ;98.57014644;14.5913242;;;;;
23.04.2021 09:59;15.9;4.1; 2.47 ; 5.25 ;65.18348394;14.5913242;;;;;
23.04.2021 10:59;17.8;2.2; 1.32 ; 5.25 ;34.97650358;14.5913242;;;;;
23.04.2021 11:59;19.3;0.7; 0.42 ; 5.25 ;11.1288875;14.5913242;;;;;
23.04.2021 12:59;20.3;0; -   ; 5.25 ;0;14.5913242;;;;;
23.04.2021 13:59;20.8;0; -   ; 5.25 ;0;14.5913242;;;;;
23.04.2021 14:59;20.9;0; -   ; 5.25 ;0;14.5913242;;;;;
23.04.2021 15:59;20.4;0; -   ; 5.25 ;0;14.5913242;;;;;
23.04.2021 16:59;19.3;0.7; 0.42 ; 5.25 ;11.1288875;14.5913242;;;;;
23.04.2021 17:59;17.6;2.4; 1.44 ; 5.25 ;38.15618572;14.5913242;;;;;
23.04.2021 18:59;15.8;4.2; 2.53 ; 5.25 ;66.77332501;14.5913242;;;;;
23.04.2021 19:59;14;6; 3.61 ; 5.25 ;95.3904643;14.5913242;;;;;
23.04.2021 20:59;12.2;7.8; 4.70 ; 5.25 ;124.0076036;14.5913242;;;;;
23.04.2021 21:59;10.4;9.6; 5.78 ; 5.25 ;152.6247429;14.5913242;;;;;
23.04.2021 22:59;8.6;11.4; 6.86 ; 5.25 ;181.2418822;14.5913242;;;;;
23.04.2021 23:59;7.3;12.7; 7.65 ; 5.25 ;201.9098161;14.5913242;;;;;
24.04.2021 00:59;5.8;14.2; 8.55 ; 5.25 ;225.7574322;14.5913242;;;;;
24.04.2021 01:59;5;15; 9.03 ; 5.25 ;238.4761607;14.5913242;;;;;
24.04.2021 02:59;4.3;15.7; 9.45 ; 5.25 ;249.6050482;14.5913242;;;;;
24.04.2021 03:59;3.7;16.3; 9.81 ; 5.25 ;259.1440947;14.5913242;;;;;
24.04.2021 04:59;3.7;16.3; 9.81 ; 5.25 ;259.1440947;14.5913242;;;;;
24.04.2021 05:59;5;15; 9.03 ; 5.25 ;238.4761607;14.5913242;;;;;
24.04.2021 06:59;6.7;13.3; 8.01 ; 5.25 ;211.4488625;14.5913242;;;;;
24.04.2021 07:59;8.5;11.5; 6.92 ; 5.25 ;182.8317232;14.5913242;;;;;
24.04.2021 08:59;10.3;9.7; 5.84 ; 5.25 ;154.2145839;14.5913242;;;;;
24.04.2021 09:59;11.9;8.1; 4.88 ; 5.25 ;128.7771268;14.5913242;;;;;
24.04.2021 10:59;13.2;6.8; 4.09 ; 5.25 ;108.1091929;14.5913242;;;;;
24.04.2021 11:59;14;6; 3.61 ; 5.25 ;95.3904643;14.5913242;;;;;
24.04.2021 12:59;14.7;5.3; 3.19 ; 5.25 ;84.2615768;14.5913242;;;;;
24.04.2021 13:59;15;5; 3.01 ; 5.25 ;79.49205358;14.5913242;;;;;
24.04.2021 14:59;14.9;5.1; 3.07 ; 5.25 ;81.08189465;14.5913242;;;;;
24.04.2021 15:59;14.3;5.7; 3.43 ; 5.25 ;90.62094108;14.5913242;;;;;
24.04.2021 16:59;13.3;6.7; 4.03 ; 5.25 ;106.5193518;14.5913242;;;;;
24.04.2021 17:59;12;8; 4.82 ; 5.25 ;127.1872857;14.5913242;;;;;
24.04.2021 18:59;10.6;9.4; 5.66 ; 5.25 ;149.4450607;14.5913242;;;;;
24.04.2021 19:59;9.6;10.4; 6.26 ; 5.25 ;165.3434715;14.5913242;;;;;
24.04.2021 20:59;8.6;11.4; 6.86 ; 5.25 ;181.2418822;14.5913242;;;;;
24.04.2021 21:59;7.5;12.5; 7.53 ; 5.25 ;198.730134;14.5913242;;;;;
24.04.2021 22:59;6.5;13.5; 8.13 ; 5.25 ;214.6285447;14.5913242;;;;;
24.04.2021 23:59;6.2;13.8; 8.31 ; 5.25 ;219.3980679;14.5913242;;;;;
25.04.2021 00:59;5.8;14.2; 8.55 ; 5.25 ;225.7574322;14.5913242;;;;;
25.04.2021 01:59;5.6;14.4; 8.67 ; 5.25 ;228.9371143;14.5913242;;;;;
25.04.2021 02:59;5.4;14.6; 8.79 ; 5.25 ;232.1167965;14.5913242;;;;;
25.04.2021 03:59;5.2;14.8; 8.91 ; 5.25 ;235.2964786;14.5913242;;;;;
25.04.2021 04:59;5.3;14.7; 8.85 ; 5.25 ;233.7066375;14.5913242;;;;;
25.04.2021 05:59;7.4;12.6; 7.59 ; 5.25 ;200.319975;14.5913242;;;;;
25.04.2021 06:59;10;10; 6.02 ; 5.25 ;158.9841072;14.5913242;;;;;
25.04.2021 07:59;12.8;7.2; 4.33 ; 5.25 ;114.4685572;14.5913242;;;;;
25.04.2021 08:59;15.5;4.5; 2.71 ; 5.25 ;71.54284822;14.5913242;;;;;
25.04.2021 09:59;18.3;1.7; 1.02 ; 5.25 ;27.02729822;14.5913242;;;;;
25.04.2021 10:59;19;1; 0.60 ; 5.25 ;15.89841072;14.5913242;;;;;
25.04.2021 11:59;19.3;0.7; 0.42 ; 5.25 ;11.1288875;14.5913242;;;;;
25.04.2021 12:59;19.3;0.7; 0.42 ; 5.25 ;11.1288875;14.5913242;;;;;
25.04.2021 13:59;19;1; 0.60 ; 5.25 ;15.89841072;14.5913242;;;;;
25.04.2021 14:59;18.3;1.7; 1.02 ; 5.25 ;27.02729822;14.5913242;;;;;
25.04.2021 15:59;17.3;2.7; 1.63 ; 5.25 ;42.92570893;14.5913242;;;;;
25.04.2021 16:59;16;4; 2.41 ; 5.25 ;63.59364287;14.5913242;;;;;
25.04.2021 17:59;14.5;5.5; 3.31 ; 5.25 ;87.44125894;14.5913242;;;;;
25.04.2021 18:59;13.2;6.8; 4.09 ; 5.25 ;108.1091929;14.5913242;;;;;
25.04.2021 19:59;12.2;7.8; 4.70 ; 5.25 ;124.0076036;14.5913242;;;;;
25.04.2021 20:59;11.1;8.9; 5.36 ; 5.25 ;141.4958554;14.5913242;;;;;
25.04.2021 21:59;10.1;9.9; 5.96 ; 5.25 ;157.3942661;14.5913242;;;;;
25.04.2021 22:59;9.1;10.9; 6.56 ; 5.25 ;173.2926768;14.5913242;;;;;
25.04.2021 23:59;8.3;11.7; 7.04 ; 5.25 ;186.0114054;14.5913242;;;;;
26.04.2021 00:59;7.5;12.5; 7.53 ; 5.25 ;198.730134;14.5913242;;;;;
26.04.2021 01:59;7.1;12.9; 7.77 ; 5.25 ;205.0894982;14.5913242;;;;;
26.04.2021 02:59;6.7;13.3; 8.01 ; 5.25 ;211.4488625;14.5913242;;;;;
26.04.2021 03:59;6.4;13.6; 8.19 ; 5.25 ;216.2183857;14.5913242;;;;;
26.04.2021 04:59;6.4;13.6; 8.19 ; 5.25 ;216.2183857;14.5913242;;;;;
26.04.2021 05:59;7.2;12.8; 7.71 ; 5.25 ;203.4996572;14.5913242;;;;;
26.04.2021 06:59;8.3;11.7; 7.04 ; 5.25 ;186.0114054;14.5913242;;;;;
26.04.2021 07:59;9.7;10.3; 6.20 ; 5.25 ;163.7536304;14.5913242;;;;;
26.04.2021 08:59;11;9; 5.42 ; 5.25 ;143.0856964;14.5913242;;;;;
26.04.2021 09:59;12.4;7.6; 4.58 ; 5.25 ;120.8279214;14.5913242;;;;;
26.04.2021 10:59;13.4;6.6; 3.97 ; 5.25 ;104.9295107;14.5913242;;;;;
26.04.2021 11:59;14.2;5.8; 3.49 ; 5.25 ;92.21078215;14.5913242;;;;;
26.04.2021 12:59;14.9;5.1; 3.07 ; 5.25 ;81.08189465;14.5913242;;;;;
26.04.2021 13:59;15.2;4.8; 2.89 ; 5.25 ;76.31237144;14.5913242;;;;;
26.04.2021 14:59;15.2;4.8; 2.89 ; 5.25 ;76.31237144;14.5913242;;;;;
26.04.2021 15:59;14.7;5.3; 3.19 ; 5.25 ;84.2615768;14.5913242;;;;;
26.04.2021 16:59;14;6; 3.61 ; 5.25 ;95.3904643;14.5913242;;;;;
26.04.2021 17:59;13.1;6.9; 4.15 ; 5.25 ;109.6990339;14.5913242;;;;;
26.04.2021 18:59;12.1;7.9; 4.76 ; 5.25 ;125.5974447;14.5913242;;;;;
26.04.2021 19:59;11.4;8.6; 5.18 ; 5.25 ;136.7263322;14.5913242;;;;;
26.04.2021 20:59;10.7;9.3; 5.60 ; 5.25 ;147.8552197;14.5913242;;;;;
26.04.2021 21:59;10;10; 6.02 ; 5.25 ;158.9841072;14.5913242;;;;;
26.04.2021 22:59;9.2;10.8; 6.50 ; 5.25 ;171.7028357;14.5913242;;;;;
26.04.2021 23:59;8.9;11.1; 6.68 ; 5.25 ;176.472359;14.5913242;;;;;
27.04.2021 00:59;8.5;11.5; 6.92 ; 5.25 ;182.8317232;14.5913242;;;;;
27.04.2021 01:59;8.3;11.7; 7.04 ; 5.25 ;186.0114054;14.5913242;;;;;
27.04.2021 02:59;8;12; 7.22 ; 5.25 ;190.7809286;14.5913242;;;;;
27.04.2021 03:59;7.9;12.1; 7.28 ; 5.25 ;192.3707697;14.5913242;;;;;
27.04.2021 04:59;8;12; 7.22 ; 5.25 ;190.7809286;14.5913242;;;;;
27.04.2021 05:59;9.4;10.6; 6.38 ; 5.25 ;168.5231536;14.5913242;;;;;
27.04.2021 06:59;11;9; 5.42 ; 5.25 ;143.0856964;14.5913242;;;;;
27.04.2021 07:59;12.7;7.3; 4.39 ; 5.25 ;116.0583982;14.5913242;;;;;
27.04.2021 08:59;14.4;5.6; 3.37 ; 5.25 ;89.03110001;14.5913242;;;;;
27.04.2021 09:59;16.1;3.9; 2.35 ; 5.25 ;62.00380179;14.5913242;;;;;
27.04.2021 10:59;17.5;2.5; 1.51 ; 5.25 ;39.74602679;14.5913242;;;;;
27.04.2021 11:59;18.7;1.3; 0.78 ; 5.25 ;20.66793393;14.5913242;;;;;
27.04.2021 12:59;19.4;0.6; 0.36 ; 5.25 ;9.53904643;14.5913242;;;;;
27.04.2021 13:59;19.6;0.4; 0.24 ; 5.25 ;6.359364287;14.5913242;;;;;
27.04.2021 14:59;19.4;0.6; 0.36 ; 5.25 ;9.53904643;14.5913242;;;;;
27.04.2021 15:59;18.8;1.2; 0.72 ; 5.25 ;19.07809286;14.5913242;;;;;
27.04.2021 16:59;17.8;2.2; 1.32 ; 5.25 ;34.97650358;14.5913242;;;;;
27.04.2021 17:59;16.6;3.4; 2.05 ; 5.25 ;54.05459644;14.5913242;;;;;
27.04.2021 18:59;15.2;4.8; 2.89 ; 5.25 ;76.31237144;14.5913242;;;;;
27.04.2021 19:59;14.4;5.6; 3.37 ; 5.25 ;89.03110001;14.5913242;;;;;
27.04.2021 20:59;13.7;6.3; 3.79 ; 5.25 ;100.1599875;14.5913242;;;;;
27.04.2021 21:59;13;7; 4.21 ; 5.25 ;111.288875;14.5913242;;;;;
27.04.2021 22:59;12.2;7.8; 4.70 ; 5.25 ;124.0076036;14.5913242;;;;;
27.04.2021 23:59;11.7;8.3; 5.00 ; 5.25 ;131.9568089;14.5913242;;;;;
28.04.2021 00:59;11.1;8.9; 5.36 ; 5.25 ;141.4958554;14.5913242;;;;;
28.04.2021 01:59;10.8;9.2; 5.54 ; 5.25 ;146.2653786;14.5913242;;;;;
28.04.2021 02:59;10.5;9.5; 5.72 ; 5.25 ;151.0349018;14.5913242;;;;;
28.04.2021 03:59;10.3;9.7; 5.84 ; 5.25 ;154.2145839;14.5913242;;;;;
28.04.2021 04:59;10.3;9.7; 5.84 ; 5.25 ;154.2145839;14.5913242;;;;;
28.04.2021 05:59;10.9;9.1; 5.48 ; 5.25 ;144.6755375;14.5913242;;;;;
28.04.2021 06:59;11.6;8.4; 5.06 ; 5.25 ;133.54665;14.5913242;;;;;
28.04.2021 07:59;12.6;7.4; 4.46 ; 5.25 ;117.6482393;14.5913242;;;;;
28.04.2021 08:59;14.1;5.9; 3.55 ; 5.25 ;93.80062323;14.5913242;;;;;
28.04.2021 09:59;15.7;4.3; 2.59 ; 5.25 ;68.36316608;14.5913242;;;;;
28.04.2021 10:59;16.8;3.2; 1.93 ; 5.25 ;50.87491429;14.5913242;;;;;
28.04.2021 11:59;17.6;2.4; 1.44 ; 5.25 ;38.15618572;14.5913242;;;;;
28.04.2021 12:59;17.9;2.1; 1.26 ; 5.25 ;33.3866625;14.5913242;;;;;
28.04.2021 13:59;17.7;2.3; 1.38 ; 5.25 ;36.56634465;14.5913242;;;;;
28.04.2021 14:59;18;2; 1.20 ; 5.25 ;31.79682143;14.5913242;;;;;
28.04.2021 15:59;17.5;2.5; 1.51 ; 5.25 ;39.74602679;14.5913242;;;;;
28.04.2021 16:59;16.8;3.2; 1.93 ; 5.25 ;50.87491429;14.5913242;;;;;
28.04.2021 17:59;15.9;4.1; 2.47 ; 5.25 ;65.18348394;14.5913242;;;;;
28.04.2021 18:59;15;5; 3.01 ; 5.25 ;79.49205358;14.5913242;;;;;
28.04.2021 19:59;14.6;5.4; 3.25 ; 5.25 ;85.85141787;14.5913242;;;;;
28.04.2021 20:59;14.2;5.8; 3.49 ; 5.25 ;92.21078215;14.5913242;;;;;
28.04.2021 21:59;13.9;6.1; 3.67 ; 5.25 ;96.98030537;14.5913242;;;;;
28.04.2021 22:59;13.5;6.5; 3.91 ; 5.25 ;103.3396697;14.5913242;;;;;
28.04.2021 23:59;13.5;6.5; 3.91 ; 5.25 ;103.3396697;14.5913242;;;;;
29.04.2021 00:59;13.4;6.6; 3.97 ; 5.25 ;104.9295107;14.5913242;;;;;
29.04.2021 01:59;13.3;6.7; 4.03 ; 5.25 ;106.5193518;14.5913242;;;;;
29.04.2021 02:59;13.4;6.6; 3.97 ; 5.25 ;104.9295107;14.5913242;;;;;
29.04.2021 03:59;13.1;6.9; 4.15 ; 5.25 ;109.6990339;14.5913242;;;;;
29.04.2021 04:59;13;7; 4.21 ; 5.25 ;111.288875;14.5913242;;;;;
29.04.2021 05:59;13.9;6.1; 3.67 ; 5.25 ;96.98030537;14.5913242;;;;;
29.04.2021 06:59;14.2;5.8; 3.49 ; 5.25 ;92.21078215;14.5913242;;;;;
29.04.2021 07:59;14.7;5.3; 3.19 ; 5.25 ;84.2615768;14.5913242;;;;;
29.04.2021 08:59;15.2;4.8; 2.89 ; 5.25 ;76.31237144;14.5913242;;;;;
29.04.2021 09:59;15.4;4.6; 2.77 ; 5.25 ;73.1326893;14.5913242;;;;;
29.04.2021 10:59;15.9;4.1; 2.47 ; 5.25 ;65.18348394;14.5913242;;;;;
29.04.2021 11:59;16.3;3.7; 2.23 ; 5.25 ;58.82411965;14.5913242;;;;;
29.04.2021 12:59;14.5;5.5; 3.31 ; 5.25 ;87.44125894;14.5913242;;;;;
29.04.2021 13:59;15.7;4.3; 2.59 ; 5.25 ;68.36316608;14.5913242;;;;;
29.04.2021 14:59;16.5;3.5; 2.11 ; 5.25 ;55.64443751;14.5913242;;;;;
29.04.2021 15:59;16.3;3.7; 2.23 ; 5.25 ;58.82411965;14.5913242;;;;;
29.04.2021 16:59;16.4;3.6; 2.17 ; 5.25 ;57.23427858;14.5913242;;;;;
29.04.2021 17:59;16;4; 2.41 ; 5.25 ;63.59364287;14.5913242;;;;;
29.04.2021 18:59;15.8;4.2; 2.53 ; 5.25 ;66.77332501;14.5913242;;;;;
29.04.2021 19:59;15.2;4.8; 2.89 ; 5.25 ;76.31237144;14.5913242;;;;;
29.04.2021 20:59;13.9;6.1; 3.67 ; 5.25 ;96.98030537;14.5913242;;;;;
29.04.2021 21:59;14;6; 3.61 ; 5.25 ;95.3904643;14.5913242;;;;;
29.04.2021 22:59;13.5;6.5; 3.91 ; 5.25 ;103.3396697;14.5913242;;;;;
29.04.2021 23:59;12.8;7.2; 4.33 ; 5.25 ;114.4685572;14.5913242;;;;;
30.04.2021 00:59;12;8; 4.82 ; 5.25 ;127.1872857;14.5913242;;;;;
30.04.2021 01:59;11.5;8.5; 5.12 ; 5.25 ;135.1364911;14.5913242;;;;;
30.04.2021 02:59;11.1;8.9; 5.36 ; 5.25 ;141.4958554;14.5913242;;;;;
30.04.2021 03:59;10.8;9.2; 5.54 ; 5.25 ;146.2653786;14.5913242;;;;;
30.04.2021 04:59;11;9; 5.42 ; 5.25 ;143.0856964;14.5913242;;;;;
30.04.2021 05:59;12.2;7.8; 4.70 ; 5.25 ;124.0076036;14.5913242;;;;;
30.04.2021 06:59;13.8;6.2; 3.73 ; 5.25 ;98.57014644;14.5913242;;;;;
30.04.2021 07:59;15.7;4.3; 2.59 ; 5.25 ;68.36316608;14.5913242;;;;;
30.04.2021 08:59;18.1;1.9; 1.14 ; 5.25 ;30.20698036;14.5913242;;;;;
30.04.2021 09:59;19.8;0.2; 0.12 ; 5.25 ;3.179682143;14.5913242;;;;;
30.04.2021 10:59;20.8;0; -   ; 5.25 ;0;14.5913242;;;;;
30.04.2021 11:59;20.8;0; -   ; 5.25 ;0;14.5913242;;;;;
30.04.2021 12:59;21.1;0; -   ; 5.25 ;0;14.5913242;;;;;
30.04.2021 13:59;22.6;0; -   ; 5.25 ;0;14.5913242;;;;;
30.04.2021 14:59;22.7;0; -   ; 5.25 ;0;14.5913242;;;;;
30.04.2021 15:59;21.4;0; -   ; 5.25 ;0;14.5913242;;;;;
30.04.2021 16:59;19.9;0.1; 0.06 ; 5.25 ;1.589841072;14.5913242;;;;;
30.04.2021 17:59;18.5;1.5; 0.90 ; 5.25 ;23.84761607;14.5913242;;;;;
30.04.2021 18:59;17.3;2.7; 1.63 ; 5.25 ;42.92570893;14.5913242;;;;;
30.04.2021 19:59;15.5;4.5; 2.71 ; 5.25 ;71.54284822;14.5913242;;;;;
30.04.2021 20:59;13.9;6.1; 3.67 ; 5.25 ;96.98030537;14.5913242;;;;;
30.04.2021 21:59;12.5;7.5; 4.52 ; 5.25 ;119.2380804;14.5913242;;;;;
30.04.2021 22:59;11.2;8.8; 5.30 ; 5.25 ;139.9060143;14.5913242;;;;;
30.04.2021 23:59;9.8;10.2; 6.14 ; 5.25 ;162.1637893;14.5913242;;;;;
01.05.2021 00:59;8.5;11.5; 6.92 ; 5.25 ;182.8317232;14.5913242;;;;;
01.05.2021 01:59;7.1;12.9; 7.77 ; 5.25 ;205.0894982;14.5913242;;;;;
01.05.2021 02:59;6.4;13.6; 8.19 ; 5.25 ;216.2183857;14.5913242;;;;;
01.05.2021 03:59;5.8;14.2; 8.55 ; 5.25 ;225.7574322;14.5913242;;;;;
01.05.2021 04:59;5.8;14.2; 8.55 ; 5.25 ;225.7574322;14.5913242;;;;;
01.05.2021 05:59;5.9;14.1; 8.49 ; 5.25 ;224.1675911;14.5913242;;;;;
01.05.2021 06:59;5.9;14.1; 8.49 ; 5.25 ;224.1675911;14.5913242;;;;;
01.05.2021 07:59;6.7;13.3; 8.01 ; 5.25 ;211.4488625;14.5913242;;;;;
01.05.2021 08:59;7.4;12.6; 7.59 ; 5.25 ;200.319975;14.5913242;;;;;
01.05.2021 09:59;8.8;11.2; 6.74 ; 5.25 ;178.0622;14.5913242;;;;;
01.05.2021 10:59;9.1;10.9; 6.56 ; 5.25 ;173.2926768;14.5913242;;;;;
01.05.2021 11:59;9.9;10.1; 6.08 ; 5.25 ;160.5739482;14.5913242;;;;;
01.05.2021 12:59;11.1;8.9; 5.36 ; 5.25 ;141.4958554;14.5913242;;;;;
01.05.2021 13:59;12;8; 4.82 ; 5.25 ;127.1872857;14.5913242;;;;;
01.05.2021 14:59;12.5;7.5; 4.52 ; 5.25 ;119.2380804;14.5913242;;;;;
01.05.2021 15:59;12.1;7.9; 4.76 ; 5.25 ;125.5974447;14.5913242;;;;;
01.05.2021 16:59;11.2;8.8; 5.30 ; 5.25 ;139.9060143;14.5913242;;;;;
01.05.2021 17:59;10.4;9.6; 5.78 ; 5.25 ;152.6247429;14.5913242;;;;;
01.05.2021 18:59;9.6;10.4; 6.26 ; 5.25 ;165.3434715;14.5913242;;;;;
01.05.2021 19:59;9.3;10.7; 6.44 ; 5.25 ;170.1129947;14.5913242;;;;;
01.05.2021 20:59;8.9;11.1; 6.68 ; 5.25 ;176.472359;14.5913242;;;;;
01.05.2021 21:59;8.6;11.4; 6.86 ; 5.25 ;181.2418822;14.5913242;;;;;
01.05.2021 22:59;8.3;11.7; 7.04 ; 5.25 ;186.0114054;14.5913242;;;;;
01.05.2021 23:59;8.4;11.6; 6.98 ; 5.25 ;184.4215643;14.5913242;;;;;
02.05.2021 00:59;8.3;11.7; 7.04 ; 5.25 ;186.0114054;14.5913242;;;;;
02.05.2021 01:59;8.6;11.4; 6.86 ; 5.25 ;181.2418822;14.5913242;;;;;
02.05.2021 02:59;8.7;11.3; 6.80 ; 5.25 ;179.6520411;14.5913242;;;;;
02.05.2021 03:59;8.7;11.3; 6.80 ; 5.25 ;179.6520411;14.5913242;;;;;
02.05.2021 04:59;8.3;11.7; 7.04 ; 5.25 ;186.0114054;14.5913242;;;;;
02.05.2021 05:59;9.5;10.5; 6.32 ; 5.25 ;166.9333125;14.5913242;;;;;
02.05.2021 06:59;9.7;10.3; 6.20 ; 5.25 ;163.7536304;14.5913242;;;;;
02.05.2021 07:59;10.2;9.8; 5.90 ; 5.25 ;155.804425;14.5913242;;;;;
02.05.2021 08:59;10.8;9.2; 5.54 ; 5.25 ;146.2653786;14.5913242;;;;;
02.05.2021 09:59;11.8;8.2; 4.94 ; 5.25 ;130.3669679;14.5913242;;;;;
02.05.2021 10:59;12.7;7.3; 4.39 ; 5.25 ;116.0583982;14.5913242;;;;;
02.05.2021 11:59;13.4;6.6; 3.97 ; 5.25 ;104.9295107;14.5913242;;;;;
02.05.2021 12:59;13.9;6.1; 3.67 ; 5.25 ;96.98030537;14.5913242;;;;;
02.05.2021 13:59;14.9;5.1; 3.07 ; 5.25 ;81.08189465;14.5913242;;;;;
02.05.2021 14:59;15.8;4.2; 2.53 ; 5.25 ;66.77332501;14.5913242;;;;;
02.05.2021 15:59;16.4;3.6; 2.17 ; 5.25 ;57.23427858;14.5913242;;;;;
02.05.2021 16:59;16.6;3.4; 2.05 ; 5.25 ;54.05459644;14.5913242;;;;;
02.05.2021 17:59;16.2;3.8; 2.29 ; 5.25 ;60.41396072;14.5913242;;;;;
02.05.2021 18:59;15.4;4.6; 2.77 ; 5.25 ;73.1326893;14.5913242;;;;;
02.05.2021 19:59;14.4;5.6; 3.37 ; 5.25 ;89.03110001;14.5913242;;;;;
02.05.2021 20:59;13.5;6.5; 3.91 ; 5.25 ;103.3396697;14.5913242;;;;;
02.05.2021 21:59;12.6;7.4; 4.46 ; 5.25 ;117.6482393;14.5913242;;;;;
02.05.2021 22:59;11.7;8.3; 5.00 ; 5.25 ;131.9568089;14.5913242;;;;;
02.05.2021 23:59;10.5;9.5; 5.72 ; 5.25 ;151.0349018;14.5913242;;;;;
03.05.2021 00:59;9.1;10.9; 6.56 ; 5.25 ;173.2926768;14.5913242;;;;;
03.05.2021 01:59;8.4;11.6; 6.98 ; 5.25 ;184.4215643;14.5913242;;;;;
03.05.2021 02:59;7.6;12.4; 7.47 ; 5.25 ;197.1402929;14.5913242;;;;;
03.05.2021 03:59;7.1;12.9; 7.77 ; 5.25 ;205.0894982;14.5913242;;;;;
03.05.2021 04:59;7.2;12.8; 7.71 ; 5.25 ;203.4996572;14.5913242;;;;;
03.05.2021 05:59;8.7;11.3; 6.80 ; 5.25 ;179.6520411;14.5913242;;;;;
03.05.2021 06:59;10.4;9.6; 5.78 ; 5.25 ;152.6247429;14.5913242;;;;;
03.05.2021 07:59;12.1;7.9; 4.76 ; 5.25 ;125.5974447;14.5913242;;;;;
03.05.2021 08:59;13.7;6.3; 3.79 ; 5.25 ;100.1599875;14.5913242;;;;;
03.05.2021 09:59;15.1;4.9; 2.95 ; 5.25 ;77.90221251;14.5913242;;;;;
03.05.2021 10:59;16.4;3.6; 2.17 ; 5.25 ;57.23427858;14.5913242;;;;;
03.05.2021 11:59;17.4;2.6; 1.57 ; 5.25 ;41.33586786;14.5913242;;;;;
03.05.2021 12:59;18.1;1.9; 1.14 ; 5.25 ;30.20698036;14.5913242;;;;;
03.05.2021 13:59;18.5;1.5; 0.90 ; 5.25 ;23.84761607;14.5913242;;;;;
03.05.2021 14:59;18.5;1.5; 0.90 ; 5.25 ;23.84761607;14.5913242;;;;;
03.05.2021 15:59;17.9;2.1; 1.26 ; 5.25 ;33.3866625;14.5913242;;;;;
03.05.2021 16:59;16.9;3.1; 1.87 ; 5.25 ;49.28507322;14.5913242;;;;;
03.05.2021 17:59;15.6;4.4; 2.65 ; 5.25 ;69.95300715;14.5913242;;;;;
03.05.2021 18:59;14;6; 3.61 ; 5.25 ;95.3904643;14.5913242;;;;;
03.05.2021 19:59;13.3;6.7; 4.03 ; 5.25 ;106.5193518;14.5913242;;;;;
03.05.2021 20:59;12.5;7.5; 4.52 ; 5.25 ;119.2380804;14.5913242;;;;;
03.05.2021 21:59;11.7;8.3; 5.00 ; 5.25 ;131.9568089;14.5913242;;;;;
03.05.2021 22:59;10.9;9.1; 5.48 ; 5.25 ;144.6755375;14.5913242;;;;;
03.05.2021 23:59;10.9;9.1; 5.48 ; 5.25 ;144.6755375;14.5913242;;;;;
04.05.2021 00:59;10.8;9.2; 5.54 ; 5.25 ;146.2653786;14.5913242;;;;;
04.05.2021 01:59;10.8;9.2; 5.54 ; 5.25 ;146.2653786;14.5913242;;;;;
04.05.2021 02:59;10.7;9.3; 5.60 ; 5.25 ;147.8552197;14.5913242;;;;;
04.05.2021 03:59;10.7;9.3; 5.60 ; 5.25 ;147.8552197;14.5913242;;;;;
04.05.2021 04:59;10.8;9.2; 5.54 ; 5.25 ;146.2653786;14.5913242;;;;;
04.05.2021 05:59;12.2;7.8; 4.70 ; 5.25 ;124.0076036;14.5913242;;;;;
04.05.2021 06:59;13.6;6.4; 3.85 ; 5.25 ;101.7498286;14.5913242;;;;;
04.05.2021 07:59;14.1;5.9; 3.55 ; 5.25 ;93.80062323;14.5913242;;;;;
04.05.2021 08:59;14.9;5.1; 3.07 ; 5.25 ;81.08189465;14.5913242;;;;;
04.05.2021 09:59;17.1;2.9; 1.75 ; 5.25 ;46.10539108;14.5913242;;;;;
04.05.2021 10:59;18.1;1.9; 1.14 ; 5.25 ;30.20698036;14.5913242;;;;;
04.05.2021 11:59;18.7;1.3; 0.78 ; 5.25 ;20.66793393;14.5913242;;;;;
04.05.2021 12:59;17.8;2.2; 1.32 ; 5.25 ;34.97650358;14.5913242;;;;;
04.05.2021 13:59;18;2; 1.20 ; 5.25 ;31.79682143;14.5913242;;;;;
04.05.2021 14:59;18.9;1.1; 0.66 ; 5.25 ;17.48825179;14.5913242;;;;;
04.05.2021 15:59;18.9;1.1; 0.66 ; 5.25 ;17.48825179;14.5913242;;;;;
04.05.2021 16:59;17.8;2.2; 1.32 ; 5.25 ;34.97650358;14.5913242;;;;;
04.05.2021 17:59;17.3;2.7; 1.63 ; 5.25 ;42.92570893;14.5913242;;;;;
04.05.2021 18:59;16.4;3.6; 2.17 ; 5.25 ;57.23427858;14.5913242;;;;;
04.05.2021 19:59;15.5;4.5; 2.71 ; 5.25 ;71.54284822;14.5913242;;;;;
04.05.2021 20:59;14.7;5.3; 3.19 ; 5.25 ;84.2615768;14.5913242;;;;;
04.05.2021 21:59;13.9;6.1; 3.67 ; 5.25 ;96.98030537;14.5913242;;;;;
04.05.2021 22:59;13.1;6.9; 4.15 ; 5.25 ;109.6990339;14.5913242;;;;;
04.05.2021 23:59;12.4;7.6; 4.58 ; 5.25 ;120.8279214;14.5913242;;;;;
05.05.2021 00:59;11.7;8.3; 5.00 ; 5.25 ;131.9568089;14.5913242;;;;;
05.05.2021 01:59;11.3;8.7; 5.24 ; 5.25 ;138.3161732;14.5913242;;;;;
05.05.2021 02:59;10.9;9.1; 5.48 ; 5.25 ;144.6755375;14.5913242;;;;;
05.05.2021 03:59;10.6;9.4; 5.66 ; 5.25 ;149.4450607;14.5913242;;;;;
05.05.2021 04:59;10.9;9.1; 5.48 ; 5.25 ;144.6755375;14.5913242;;;;;
05.05.2021 05:59;12.5;7.5; 4.52 ; 5.25 ;119.2380804;14.5913242;;;;;
05.05.2021 06:59;14.2;5.8; 3.49 ; 5.25 ;92.21078215;14.5913242;;;;;
05.05.2021 07:59;15.5;4.5; 2.71 ; 5.25 ;71.54284822;14.5913242;;;;;
05.05.2021 08:59;16.2;3.8; 2.29 ; 5.25 ;60.41396072;14.5913242;;;;;
05.05.2021 09:59;16.9;3.1; 1.87 ; 5.25 ;49.28507322;14.5913242;;;;;
05.05.2021 10:59;17.9;2.1; 1.26 ; 5.25 ;33.3866625;14.5913242;;;;;
05.05.2021 11:59;17.8;2.2; 1.32 ; 5.25 ;34.97650358;14.5913242;;;;;
05.05.2021 12:59;17.9;2.1; 1.26 ; 5.25 ;33.3866625;14.5913242;;;;;
05.05.2021 13:59;17.2;2.8; 1.69 ; 5.25 ;44.51555001;14.5913242;;;;;
05.05.2021 14:59;16.2;3.8; 2.29 ; 5.25 ;60.41396072;14.5913242;;;;;
05.05.2021 15:59;15.4;4.6; 2.77 ; 5.25 ;73.1326893;14.5913242;;;;;
05.05.2021 16:59;14.5;5.5; 3.31 ; 5.25 ;87.44125894;14.5913242;;;;;
05.05.2021 17:59;13.8;6.2; 3.73 ; 5.25 ;98.57014644;14.5913242;;;;;
05.05.2021 18:59;13.2;6.8; 4.09 ; 5.25 ;108.1091929;14.5913242;;;;;
05.05.2021 19:59;12.7;7.3; 4.39 ; 5.25 ;116.0583982;14.5913242;;;;;
05.05.2021 20:59;12;8; 4.82 ; 5.25 ;127.1872857;14.5913242;;;;;
05.05.2021 21:59;11.7;8.3; 5.00 ; 5.25 ;131.9568089;14.5913242;;;;;
05.05.2021 22:59;11.2;8.8; 5.30 ; 5.25 ;139.9060143;14.5913242;;;;;
05.05.2021 23:59;10.9;9.1; 5.48 ; 5.25 ;144.6755375;14.5913242;;;;;
06.05.2021 00:59;10.6;9.4; 5.66 ; 5.25 ;149.4450607;14.5913242;;;;;
06.05.2021 01:59;10.5;9.5; 5.72 ; 5.25 ;151.0349018;14.5913242;;;;;
06.05.2021 02:59;10.3;9.7; 5.84 ; 5.25 ;154.2145839;14.5913242;;;;;
06.05.2021 03:59;10.2;9.8; 5.90 ; 5.25 ;155.804425;14.5913242;;;;;
06.05.2021 04:59;10.4;9.6; 5.78 ; 5.25 ;152.6247429;14.5913242;;;;;
06.05.2021 05:59;10.5;9.5; 5.72 ; 5.25 ;151.0349018;14.5913242;;;;;
06.05.2021 06:59;10.7;9.3; 5.60 ; 5.25 ;147.8552197;14.5913242;;;;;
06.05.2021 07:59;12.1;7.9; 4.76 ; 5.25 ;125.5974447;14.5913242;;;;;
06.05.2021 08:59;13.3;6.7; 4.03 ; 5.25 ;106.5193518;14.5913242;;;;;
06.05.2021 09:59;14.2;5.8; 3.49 ; 5.25 ;92.21078215;14.5913242;;;;;
06.05.2021 10:59;15.6;4.4; 2.65 ; 5.25 ;69.95300715;14.5913242;;;;;
06.05.2021 11:59;17.1;2.9; 1.75 ; 5.25 ;46.10539108;14.5913242;;;;;
06.05.2021 12:59;18.5;1.5; 0.90 ; 5.25 ;23.84761607;14.5913242;;;;;
06.05.2021 13:59;19.2;0.8; 0.48 ; 5.25 ;12.71872857;14.5913242;;;;;
06.05.2021 14:59;19.5;0.5; 0.30 ; 5.25 ;7.949205358;14.5913242;;;;;
06.05.2021 15:59;19.6;0.4; 0.24 ; 5.25 ;6.359364287;14.5913242;;;;;
06.05.2021 16:59;19.2;0.8; 0.48 ; 5.25 ;12.71872857;14.5913242;;;;;
06.05.2021 17:59;18.4;1.6; 0.96 ; 5.25 ;25.43745715;14.5913242;;;;;
06.05.2021 18:59;17.4;2.6; 1.57 ; 5.25 ;41.33586786;14.5913242;;;;;
06.05.2021 19:59;16.6;3.4; 2.05 ; 5.25 ;54.05459644;14.5913242;;;;;
06.05.2021 20:59;15.8;4.2; 2.53 ; 5.25 ;66.77332501;14.5913242;;;;;
06.05.2021 21:59;15;5; 3.01 ; 5.25 ;79.49205358;14.5913242;;;;;
06.05.2021 22:59;14.2;5.8; 3.49 ; 5.25 ;92.21078215;14.5913242;;;;;
06.05.2021 23:59;13.6;6.4; 3.85 ; 5.25 ;101.7498286;14.5913242;;;;;
07.05.2021 00:59;12.8;7.2; 4.33 ; 5.25 ;114.4685572;14.5913242;;;;;
07.05.2021 01:59;12.4;7.6; 4.58 ; 5.25 ;120.8279214;14.5913242;;;;;
07.05.2021 02:59;12;8; 4.82 ; 5.25 ;127.1872857;14.5913242;;;;;
07.05.2021 03:59;11.7;8.3; 5.00 ; 5.25 ;131.9568089;14.5913242;;;;;
07.05.2021 04:59;11.9;8.1; 4.88 ; 5.25 ;128.7771268;14.5913242;;;;;
07.05.2021 05:59;12.4;7.6; 4.58 ; 5.25 ;120.8279214;14.5913242;;;;;
07.05.2021 06:59;12.2;7.8; 4.70 ; 5.25 ;124.0076036;14.5913242;;;;;
07.05.2021 07:59;13.7;6.3; 3.79 ; 5.25 ;100.1599875;14.5913242;;;;;
07.05.2021 08:59;14.7;5.3; 3.19 ; 5.25 ;84.2615768;14.5913242;;;;;
07.05.2021 09:59;16.4;3.6; 2.17 ; 5.25 ;57.23427858;14.5913242;;;;;
07.05.2021 10:59;17.6;2.4; 1.44 ; 5.25 ;38.15618572;14.5913242;;;;;
07.05.2021 11:59;17;3; 1.81 ; 5.25 ;47.69523215;14.5913242;;;;;
07.05.2021 12:59;18.1;1.9; 1.14 ; 5.25 ;30.20698036;14.5913242;;;;;
07.05.2021 13:59;18.5;1.5; 0.90 ; 5.25 ;23.84761607;14.5913242;;;;;
07.05.2021 14:59;18.7;1.3; 0.78 ; 5.25 ;20.66793393;14.5913242;;;;;
07.05.2021 15:59;18.8;1.2; 0.72 ; 5.25 ;19.07809286;14.5913242;;;;;
07.05.2021 16:59;18.5;1.5; 0.90 ; 5.25 ;23.84761607;14.5913242;;;;;
07.05.2021 17:59;18;2; 1.20 ; 5.25 ;31.79682143;14.5913242;;;;;
07.05.2021 18:59;17.1;2.9; 1.75 ; 5.25 ;46.10539108;14.5913242;;;;;
07.05.2021 19:59;16;4; 2.41 ; 5.25 ;63.59364287;14.5913242;;;;;
07.05.2021 20:59;14.8;5.2; 3.13 ; 5.25 ;82.67173573;14.5913242;;;;;
07.05.2021 21:59;13.8;6.2; 3.73 ; 5.25 ;98.57014644;14.5913242;;;;;
07.05.2021 22:59;12.7;7.3; 4.39 ; 5.25 ;116.0583982;14.5913242;;;;;
07.05.2021 23:59;12;8; 4.82 ; 5.25 ;127.1872857;14.5913242;;;;;
08.05.2021 00:59;11.2;8.8; 5.30 ; 5.25 ;139.9060143;14.5913242;;;;;
08.05.2021 01:59;10.7;9.3; 5.60 ; 5.25 ;147.8552197;14.5913242;;;;;
08.05.2021 02:59;10.3;9.7; 5.84 ; 5.25 ;154.2145839;14.5913242;;;;;
08.05.2021 03:59;9.9;10.1; 6.08 ; 5.25 ;160.5739482;14.5913242;;;;;
08.05.2021 04:59;10.2;9.8; 5.90 ; 5.25 ;155.804425;14.5913242;;;;;
08.05.2021 05:59;11.8;8.2; 4.94 ; 5.25 ;130.3669679;14.5913242;;;;;
08.05.2021 06:59;13.6;6.4; 3.85 ; 5.25 ;101.7498286;14.5913242;;;;;
08.05.2021 07:59;15.6;4.4; 2.65 ; 5.25 ;69.95300715;14.5913242;;;;;
08.05.2021 08:59;17.5;2.5; 1.51 ; 5.25 ;39.74602679;14.5913242;;;;;
08.05.2021 09:59;19.3;0.7; 0.42 ; 5.25 ;11.1288875;14.5913242;;;;;
08.05.2021 10:59;20.7;0; -   ; 5.25 ;0;14.5913242;;;;;
08.05.2021 11:59;21.8;0; -   ; 5.25 ;0;14.5913242;;;;;
08.05.2021 12:59;22.4;0; -   ; 5.25 ;0;14.5913242;;;;;
08.05.2021 13:59;22.7;0; -   ; 5.25 ;0;14.5913242;;;;;
08.05.2021 14:59;22.6;0; -   ; 5.25 ;0;14.5913242;;;;;
08.05.2021 15:59;22.1;0; -   ; 5.25 ;0;14.5913242;;;;;
08.05.2021 16:59;21;0; -   ; 5.25 ;0;14.5913242;;;;;
08.05.2021 17:59;19.7;0.3; 0.18 ; 5.25 ;4.769523215;14.5913242;;;;;
08.05.2021 18:59;18.1;1.9; 1.14 ; 5.25 ;30.20698036;14.5913242;;;;;
08.05.2021 19:59;17.1;2.9; 1.75 ; 5.25 ;46.10539108;14.5913242;;;;;
08.05.2021 20:59;16.1;3.9; 2.35 ; 5.25 ;62.00380179;14.5913242;;;;;
08.05.2021 21:59;15;5; 3.01 ; 5.25 ;79.49205358;14.5913242;;;;;
08.05.2021 22:59;14;6; 3.61 ; 5.25 ;95.3904643;14.5913242;;;;;
08.05.2021 23:59;13.7;6.3; 3.79 ; 5.25 ;100.1599875;14.5913242;;;;;
09.05.2021 00:59;13.3;6.7; 4.03 ; 5.25 ;106.5193518;14.5913242;;;;;
09.05.2021 01:59;13.1;6.9; 4.15 ; 5.25 ;109.6990339;14.5913242;;;;;
09.05.2021 02:59;13;7; 4.21 ; 5.25 ;111.288875;14.5913242;;;;;
09.05.2021 03:59;12.8;7.2; 4.33 ; 5.25 ;114.4685572;14.5913242;;;;;
09.05.2021 04:59;13.2;6.8; 4.09 ; 5.25 ;108.1091929;14.5913242;;;;;
09.05.2021 05:59;13.9;6.1; 3.67 ; 5.25 ;96.98030537;14.5913242;;;;;
09.05.2021 06:59;14;6; 3.61 ; 5.25 ;95.3904643;14.5913242;;;;;
09.05.2021 07:59;15.5;4.5; 2.71 ; 5.25 ;71.54284822;14.5913242;;;;;
09.05.2021 08:59;15.8;4.2; 2.53 ; 5.25 ;66.77332501;14.5913242;;;;;
09.05.2021 09:59;16.1;3.9; 2.35 ; 5.25 ;62.00380179;14.5913242;;;;;
09.05.2021 10:59;18;2; 1.20 ; 5.25 ;31.79682143;14.5913242;;;;;
09.05.2021 11:59;19.9;0.1; 0.06 ; 5.25 ;1.589841072;14.5913242;;;;;
09.05.2021 12:59;21.2;0; -   ; 5.25 ;0;14.5913242;;;;;
09.05.2021 13:59;22.2;0; -   ; 5.25 ;0;14.5913242;;;;;
09.05.2021 14:59;23.2;0; -   ; 5.25 ;0;14.5913242;;;;;
09.05.2021 15:59;23.4;0; -   ; 5.25 ;0;14.5913242;;;;;
09.05.2021 16:59;22.7;0; -   ; 5.25 ;0;14.5913242;;;;;
09.05.2021 17:59;21.5;0; -   ; 5.25 ;0;14.5913242;;;;;
09.05.2021 18:59;20.4;0; -   ; 5.25 ;0;14.5913242;;;;;
09.05.2021 19:59;19.6;0.4; 0.24 ; 5.25 ;6.359364287;14.5913242;;;;;
09.05.2021 20:59;18.8;1.2; 0.72 ; 5.25 ;19.07809286;14.5913242;;;;;
09.05.2021 21:59;18;2; 1.20 ; 5.25 ;31.79682143;14.5913242;;;;;
09.05.2021 22:59;17.2;2.8; 1.69 ; 5.25 ;44.51555001;14.5913242;;;;;
09.05.2021 23:59;16.3;3.7; 2.23 ; 5.25 ;58.82411965;14.5913242;;;;;
10.05.2021 00:59;15;5; 3.01 ; 5.25 ;79.49205358;14.5913242;;;;;
10.05.2021 01:59;14.9;5.1; 3.07 ; 5.25 ;81.08189465;14.5913242;;;;;
10.05.2021 02:59;14.4;5.6; 3.37 ; 5.25 ;89.03110001;14.5913242;;;;;
10.05.2021 03:59;14;6; 3.61 ; 5.25 ;95.3904643;14.5913242;;;;;
10.05.2021 04:59;14.1;5.9; 3.55 ; 5.25 ;93.80062323;14.5913242;;;;;
10.05.2021 05:59;14.4;5.6; 3.37 ; 5.25 ;89.03110001;14.5913242;;;;;
10.05.2021 06:59;14.7;5.3; 3.19 ; 5.25 ;84.2615768;14.5913242;;;;;
10.05.2021 07:59;15.2;4.8; 2.89 ; 5.25 ;76.31237144;14.5913242;;;;;
10.05.2021 08:59;15.7;4.3; 2.59 ; 5.25 ;68.36316608;14.5913242;;;;;
10.05.2021 09:59;15.9;4.1; 2.47 ; 5.25 ;65.18348394;14.5913242;;;;;
10.05.2021 10:59;16.2;3.8; 2.29 ; 5.25 ;60.41396072;14.5913242;;;;;
10.05.2021 11:59;16.6;3.4; 2.05 ; 5.25 ;54.05459644;14.5913242;;;;;
10.05.2021 12:59;16.8;3.2; 1.93 ; 5.25 ;50.87491429;14.5913242;;;;;
10.05.2021 13:59;16.8;3.2; 1.93 ; 5.25 ;50.87491429;14.5913242;;;;;
10.05.2021 14:59;16.7;3.3; 1.99 ; 5.25 ;52.46475536;14.5913242;;;;;
10.05.2021 15:59;16.4;3.6; 2.17 ; 5.25 ;57.23427858;14.5913242;;;;;
10.05.2021 16:59;16.1;3.9; 2.35 ; 5.25 ;62.00380179;14.5913242;;;;;
10.05.2021 17:59;15.7;4.3; 2.59 ; 5.25 ;68.36316608;14.5913242;;;;;
10.05.2021 18:59;15.2;4.8; 2.89 ; 5.25 ;76.31237144;14.5913242;;;;;
10.05.2021 19:59;14.8;5.2; 3.13 ; 5.25 ;82.67173573;14.5913242;;;;;
10.05.2021 20:59;14.4;5.6; 3.37 ; 5.25 ;89.03110001;14.5913242;;;;;
10.05.2021 21:59;13.7;6.3; 3.79 ; 5.25 ;100.1599875;14.5913242;;;;;
10.05.2021 22:59;12.6;7.4; 4.46 ; 5.25 ;117.6482393;14.5913242;;;;;
10.05.2021 23:59;13.4;6.6; 3.97 ; 5.25 ;104.9295107;14.5913242;;;;;
11.05.2021 00:59;12.3;7.7; 4.64 ; 5.25 ;122.4177625;14.5913242;;;;;
11.05.2021 01:59;13;7; 4.21 ; 5.25 ;111.288875;14.5913242;;;;;
11.05.2021 02:59;13.4;6.6; 3.97 ; 5.25 ;104.9295107;14.5913242;;;;;
11.05.2021 03:59;13.4;6.6; 3.97 ; 5.25 ;104.9295107;14.5913242;;;;;
11.05.2021 04:59;13.6;6.4; 3.85 ; 5.25 ;101.7498286;14.5913242;;;;;
11.05.2021 05:59;14;6; 3.61 ; 5.25 ;95.3904643;14.5913242;;;;;
11.05.2021 06:59;14.6;5.4; 3.25 ; 5.25 ;85.85141787;14.5913242;;;;;
11.05.2021 07:59;15.2;4.8; 2.89 ; 5.25 ;76.31237144;14.5913242;;;;;
11.05.2021 08:59;15.9;4.1; 2.47 ; 5.25 ;65.18348394;14.5913242;;;;;
11.05.2021 09:59;16.5;3.5; 2.11 ; 5.25 ;55.64443751;14.5913242;;;;;
11.05.2021 10:59;17;3; 1.81 ; 5.25 ;47.69523215;14.5913242;;;;;
11.05.2021 11:59;17.4;2.6; 1.57 ; 5.25 ;41.33586786;14.5913242;;;;;
11.05.2021 12:59;17.7;2.3; 1.38 ; 5.25 ;36.56634465;14.5913242;;;;;
11.05.2021 13:59;17.9;2.1; 1.26 ; 5.25 ;33.3866625;14.5913242;;;;;
11.05.2021 14:59;17.9;2.1; 1.26 ; 5.25 ;33.3866625;14.5913242;;;;;
11.05.2021 15:59;17.8;2.2; 1.32 ; 5.25 ;34.97650358;14.5913242;;;;;
11.05.2021 16:59;17.5;2.5; 1.51 ; 5.25 ;39.74602679;14.5913242;;;;;
11.05.2021 17:59;17.1;2.9; 1.75 ; 5.25 ;46.10539108;14.5913242;;;;;
11.05.2021 18:59;16.3;3.7; 2.23 ; 5.25 ;58.82411965;14.5913242;;;;;
11.05.2021 19:59;16.1;3.9; 2.35 ; 5.25 ;62.00380179;14.5913242;;;;;
11.05.2021 20:59;15.7;4.3; 2.59 ; 5.25 ;68.36316608;14.5913242;;;;;
11.05.2021 21:59;15.2;4.8; 2.89 ; 5.25 ;76.31237144;14.5913242;;;;;
11.05.2021 22:59;14.6;5.4; 3.25 ; 5.25 ;85.85141787;14.5913242;;;;;
11.05.2021 23:59;14.2;5.8; 3.49 ; 5.25 ;92.21078215;14.5913242;;;;;
12.05.2021 00:59;12.9;7.1; 4.27 ; 5.25 ;112.8787161;14.5913242;;;;;
12.05.2021 01:59;13.3;6.7; 4.03 ; 5.25 ;106.5193518;14.5913242;;;;;
12.05.2021 02:59;13.2;6.8; 4.09 ; 5.25 ;108.1091929;14.5913242;;;;;
12.05.2021 03:59;13.1;6.9; 4.15 ; 5.25 ;109.6990339;14.5913242;;;;;
12.05.2021 04:59;13.3;6.7; 4.03 ; 5.25 ;106.5193518;14.5913242;;;;;
12.05.2021 05:59;13.3;6.7; 4.03 ; 5.25 ;106.5193518;14.5913242;;;;;
12.05.2021 06:59;13.8;6.2; 3.73 ; 5.25 ;98.57014644;14.5913242;;;;;
12.05.2021 07:59;14.8;5.2; 3.13 ; 5.25 ;82.67173573;14.5913242;;;;;
12.05.2021 08:59;15.9;4.1; 2.47 ; 5.25 ;65.18348394;14.5913242;;;;;
12.05.2021 09:59;17.7;2.3; 1.38 ; 5.25 ;36.56634465;14.5913242;;;;;
12.05.2021 10:59;18.5;1.5; 0.90 ; 5.25 ;23.84761607;14.5913242;;;;;
12.05.2021 11:59;18.5;1.5; 0.90 ; 5.25 ;23.84761607;14.5913242;;;;;
12.05.2021 12:59;18.4;1.6; 0.96 ; 5.25 ;25.43745715;14.5913242;;;;;
12.05.2021 13:59;18.1;1.9; 1.14 ; 5.25 ;30.20698036;14.5913242;;;;;
12.05.2021 14:59;18;2; 1.20 ; 5.25 ;31.79682143;14.5913242;;;;;
12.05.2021 15:59;18.1;1.9; 1.14 ; 5.25 ;30.20698036;14.5913242;;;;;
12.05.2021 16:59;18.1;1.9; 1.14 ; 5.25 ;30.20698036;14.5913242;;;;;
12.05.2021 17:59;17.5;2.5; 1.51 ; 5.25 ;39.74602679;14.5913242;;;;;
12.05.2021 18:59;16.8;3.2; 1.93 ; 5.25 ;50.87491429;14.5913242;;;;;
12.05.2021 19:59;16.7;3.3; 1.99 ; 5.25 ;52.46475536;14.5913242;;;;;
12.05.2021 20:59;16.6;3.4; 2.05 ; 5.25 ;54.05459644;14.5913242;;;;;
12.05.2021 21:59;16.4;3.6; 2.17 ; 5.25 ;57.23427858;14.5913242;;;;;
12.05.2021 22:59;16;4; 2.41 ; 5.25 ;63.59364287;14.5913242;;;;;
12.05.2021 23:59;15.9;4.1; 2.47 ; 5.25 ;65.18348394;14.5913242;;;;;
13.05.2021 00:59;16.5;3.5; 2.11 ; 5.25 ;55.64443751;14.5913242;;;;;
13.05.2021 01:59;15.6;4.4; 2.65 ; 5.25 ;69.95300715;14.5913242;;;;;
13.05.2021 02:59;17;3; 1.81 ; 5.25 ;47.69523215;14.5913242;;;;;
13.05.2021 03:59;17.2;2.8; 1.69 ; 5.25 ;44.51555001;14.5913242;;;;;
13.05.2021 04:59;17.3;2.7; 1.63 ; 5.25 ;42.92570893;14.5913242;;;;;
13.05.2021 05:59;17.9;2.1; 1.26 ; 5.25 ;33.3866625;14.5913242;;;;;
13.05.2021 06:59;18.7;1.3; 0.78 ; 5.25 ;20.66793393;14.5913242;;;;;
13.05.2021 07:59;19.5;0.5; 0.30 ; 5.25 ;7.949205358;14.5913242;;;;;
13.05.2021 08:59;20.3;0; -   ; 5.25 ;0;14.5913242;;;;;
13.05.2021 09:59;20.9;0; -   ; 5.25 ;0;14.5913242;;;;;
13.05.2021 10:59;21.5;0; -   ; 5.25 ;0;14.5913242;;;;;
13.05.2021 11:59;21.8;0; -   ; 5.25 ;0;14.5913242;;;;;
13.05.2021 12:59;22.3;0; -   ; 5.25 ;0;14.5913242;;;;;
13.05.2021 13:59;22.4;0; -   ; 5.25 ;0;14.5913242;;;;;
13.05.2021 14:59;22.5;0; -   ; 5.25 ;0;14.5913242;;;;;
13.05.2021 15:59;22.5;0; -   ; 5.25 ;0;14.5913242;;;;;
13.05.2021 16:59;22.2;0; -   ; 5.25 ;0;14.5913242;;;;;
13.05.2021 17:59;21.9;0; -   ; 5.25 ;0;14.5913242;;;;;
13.05.2021 18:59;21.5;0; -   ; 5.25 ;0;14.5913242;;;;;
13.05.2021 19:59;20.6;0; -   ; 5.25 ;0;14.5913242;;;;;
13.05.2021 20:59;19.8;0.2; 0.12 ; 5.25 ;3.179682143;14.5913242;;;;;
13.05.2021 21:59;19;1; 0.60 ; 5.25 ;15.89841072;14.5913242;;;;;
13.05.2021 22:59;18.1;1.9; 1.14 ; 5.25 ;30.20698036;14.5913242;;;;;
13.05.2021 23:59;16.6;3.4; 2.05 ; 5.25 ;54.05459644;14.5913242;;;;;
14.05.2021 00:59;14.9;5.1; 3.07 ; 5.25 ;81.08189465;14.5913242;;;;;
14.05.2021 01:59;13.9;6.1; 3.67 ; 5.25 ;96.98030537;14.5913242;;;;;
14.05.2021 02:59;13.5;6.5; 3.91 ; 5.25 ;103.3396697;14.5913242;;;;;
14.05.2021 03:59;13.3;6.7; 4.03 ; 5.25 ;106.5193518;14.5913242;;;;;
14.05.2021 04:59;13.9;6.1; 3.67 ; 5.25 ;96.98030537;14.5913242;;;;;
14.05.2021 05:59;15;5; 3.01 ; 5.25 ;79.49205358;14.5913242;;;;;
14.05.2021 06:59;16.6;3.4; 2.05 ; 5.25 ;54.05459644;14.5913242;;;;;
14.05.2021 07:59;18.6;1.4; 0.84 ; 5.25 ;22.257775;14.5913242;;;;;
14.05.2021 08:59;20.9;0; -   ; 5.25 ;0;14.5913242;;;;;
14.05.2021 09:59;22.6;0; -   ; 5.25 ;0;14.5913242;;;;;
14.05.2021 10:59;22.4;0; -   ; 5.25 ;0;14.5913242;;;;;
14.05.2021 11:59;22.5;0; -   ; 5.25 ;0;14.5913242;;;;;
14.05.2021 12:59;22.5;0; -   ; 5.25 ;0;14.5913242;;;;;
14.05.2021 13:59;22.3;0; -   ; 5.25 ;0;14.5913242;;;;;
14.05.2021 14:59;21.9;0; -   ; 5.25 ;0;14.5913242;;;;;
14.05.2021 15:59;21.3;0; -   ; 5.25 ;0;14.5913242;;;;;
14.05.2021 16:59;20.4;0; -   ; 5.25 ;0;14.5913242;;;;;
14.05.2021 17:59;19.4;0.6; 0.36 ; 5.25 ;9.53904643;14.5913242;;;;;
14.05.2021 18:59;18.3;1.7; 1.02 ; 5.25 ;27.02729822;14.5913242;;;;;
14.05.2021 19:59;17.4;2.6; 1.57 ; 5.25 ;41.33586786;14.5913242;;;;;
14.05.2021 20:59;16.5;3.5; 2.11 ; 5.25 ;55.64443751;14.5913242;;;;;
14.05.2021 21:59;15.6;4.4; 2.65 ; 5.25 ;69.95300715;14.5913242;;;;;
14.05.2021 22:59;14.7;5.3; 3.19 ; 5.25 ;84.2615768;14.5913242;;;;;
14.05.2021 23:59;14.7;5.3; 3.19 ; 5.25 ;84.2615768;14.5913242;;;;;
15.05.2021 00:59;14.6;5.4; 3.25 ; 5.25 ;85.85141787;14.5913242;;;;;
15.05.2021 01:59;14.5;5.5; 3.31 ; 5.25 ;87.44125894;14.5913242;;;;;
15.05.2021 02:59;14.5;5.5; 3.31 ; 5.25 ;87.44125894;14.5913242;;;;;
15.05.2021 03:59;14.4;5.6; 3.37 ; 5.25 ;89.03110001;14.5913242;;;;;
15.05.2021 04:59;15.3;4.7; 2.83 ; 5.25 ;74.72253037;14.5913242;;;;;
15.05.2021 05:59;17.2;2.8; 1.69 ; 5.25 ;44.51555001;14.5913242;;;;;
15.05.2021 06:59;19.8;0.2; 0.12 ; 5.25 ;3.179682143;14.5913242;;;;;
15.05.2021 07:59;22.5;0; -   ; 5.25 ;0;14.5913242;;;;;
15.05.2021 08:59;25;0; -   ; 5.25 ;0;14.5913242;;;;;
15.05.2021 09:59;27.3;0; -   ; 5.25 ;0;14.5913242;;;;;
15.05.2021 10:59;27.5;0; -   ; 5.25 ;0;14.5913242;;;;;
15.05.2021 11:59;27.7;0; -   ; 5.25 ;0;14.5913242;;;;;
15.05.2021 12:59;27.6;0; -   ; 5.25 ;0;14.5913242;;;;;
15.05.2021 13:59;27.5;0; -   ; 5.25 ;0;14.5913242;;;;;
15.05.2021 14:59;27.2;0; -   ; 5.25 ;0;14.5913242;;;;;
15.05.2021 15:59;26.4;0; -   ; 5.25 ;0;14.5913242;;;;;
15.05.2021 16:59;25.2;0; -   ; 5.25 ;0;14.5913242;;;;;
15.05.2021 17:59;23.9;0; -   ; 5.25 ;0;14.5913242;;;;;
15.05.2021 18:59;22.6;0; -   ; 5.25 ;0;14.5913242;;;;;
15.05.2021 19:59;20.9;0; -   ; 5.25 ;0;14.5913242;;;;;
15.05.2021 20:59;19.2;0.8; 0.48 ; 5.25 ;12.71872857;14.5913242;;;;;
15.05.2021 21:59;17.5;2.5; 1.51 ; 5.25 ;39.74602679;14.5913242;;;;;
15.05.2021 22:59;15.8;4.2; 2.53 ; 5.25 ;66.77332501;14.5913242;;;;;
15.05.2021 23:59;14.6;5.4; 3.25 ; 5.25 ;85.85141787;14.5913242;;;;;
16.05.2021 00:59;13.5;6.5; 3.91 ; 5.25 ;103.3396697;14.5913242;;;;;
16.05.2021 01:59;12.9;7.1; 4.27 ; 5.25 ;112.8787161;14.5913242;;;;;
16.05.2021 02:59;12.4;7.6; 4.58 ; 5.25 ;120.8279214;14.5913242;;;;;
16.05.2021 03:59;12.3;7.7; 4.64 ; 5.25 ;122.4177625;14.5913242;;;;;
16.05.2021 04:59;12.8;7.2; 4.33 ; 5.25 ;114.4685572;14.5913242;;;;;
16.05.2021 05:59;14;6; 3.61 ; 5.25 ;95.3904643;14.5913242;;;;;
16.05.2021 06:59;15.7;4.3; 2.59 ; 5.25 ;68.36316608;14.5913242;;;;;
16.05.2021 07:59;17.6;2.4; 1.44 ; 5.25 ;38.15618572;14.5913242;;;;;
16.05.2021 08:59;19.4;0.6; 0.36 ; 5.25 ;9.53904643;14.5913242;;;;;
16.05.2021 09:59;20.9;0; -   ; 5.25 ;0;14.5913242;;;;;
16.05.2021 10:59;22.4;0; -   ; 5.25 ;0;14.5913242;;;;;
16.05.2021 11:59;23.6;0; -   ; 5.25 ;0;14.5913242;;;;;
16.05.2021 12:59;24.5;0; -   ; 5.25 ;0;14.5913242;;;;;
16.05.2021 13:59;24.9;0; -   ; 5.25 ;0;14.5913242;;;;;
16.05.2021 14:59;24.9;0; -   ; 5.25 ;0;14.5913242;;;;;
16.05.2021 15:59;24.5;0; -   ; 5.25 ;0;14.5913242;;;;;
16.05.2021 16:59;23.9;0; -   ; 5.25 ;0;14.5913242;;;;;
16.05.2021 17:59;22.9;0; -   ; 5.25 ;0;14.5913242;;;;;
16.05.2021 18:59;21.5;0; -   ; 5.25 ;0;14.5913242;;;;;
16.05.2021 19:59;19.9;0.1; 0.06 ; 5.25 ;1.589841072;14.5913242;;;;;
16.05.2021 20:59;18.4;1.6; 0.96 ; 5.25 ;25.43745715;14.5913242;;;;;
16.05.2021 21:59;16.8;3.2; 1.93 ; 5.25 ;50.87491429;14.5913242;;;;;
16.05.2021 22:59;15.3;4.7; 2.83 ; 5.25 ;74.72253037;14.5913242;;;;;
16.05.2021 23:59;14.3;5.7; 3.43 ; 5.25 ;90.62094108;14.5913242;;;;;
17.05.2021 00:59;13.5;6.5; 3.91 ; 5.25 ;103.3396697;14.5913242;;;;;
17.05.2021 01:59;13.1;6.9; 4.15 ; 5.25 ;109.6990339;14.5913242;;;;;
17.05.2021 02:59;12.8;7.2; 4.33 ; 5.25 ;114.4685572;14.5913242;;;;;
17.05.2021 03:59;12.8;7.2; 4.33 ; 5.25 ;114.4685572;14.5913242;;;;;
17.05.2021 04:59;13.3;6.7; 4.03 ; 5.25 ;106.5193518;14.5913242;;;;;
17.05.2021 05:59;14.5;5.5; 3.31 ; 5.25 ;87.44125894;14.5913242;;;;;
17.05.2021 06:59;15.8;4.2; 2.53 ; 5.25 ;66.77332501;14.5913242;;;;;
17.05.2021 07:59;17.8;2.2; 1.32 ; 5.25 ;34.97650358;14.5913242;;;;;
17.05.2021 08:59;19.3;0.7; 0.42 ; 5.25 ;11.1288875;14.5913242;;;;;
17.05.2021 09:59;20.4;0; -   ; 5.25 ;0;14.5913242;;;;;
17.05.2021 10:59;20.9;0; -   ; 5.25 ;0;14.5913242;;;;;
17.05.2021 11:59;21.8;0; -   ; 5.25 ;0;14.5913242;;;;;
17.05.2021 12:59;22.2;0; -   ; 5.25 ;0;14.5913242;;;;;
17.05.2021 13:59;21.4;0; -   ; 5.25 ;0;14.5913242;;;;;
17.05.2021 14:59;20.3;0; -   ; 5.25 ;0;14.5913242;;;;;
17.05.2021 15:59;19.7;0.3; 0.18 ; 5.25 ;4.769523215;14.5913242;;;;;
17.05.2021 16:59;18.7;1.3; 0.78 ; 5.25 ;20.66793393;14.5913242;;;;;
17.05.2021 17:59;17.9;2.1; 1.26 ; 5.25 ;33.3866625;14.5913242;;;;;
17.05.2021 18:59;17.1;2.9; 1.75 ; 5.25 ;46.10539108;14.5913242;;;;;
17.05.2021 19:59;16.2;3.8; 2.29 ; 5.25 ;60.41396072;14.5913242;;;;;
17.05.2021 20:59;15.1;4.9; 2.95 ; 5.25 ;77.90221251;14.5913242;;;;;
17.05.2021 21:59;14.3;5.7; 3.43 ; 5.25 ;90.62094108;14.5913242;;;;;
17.05.2021 22:59;13.5;6.5; 3.91 ; 5.25 ;103.3396697;14.5913242;;;;;
17.05.2021 23:59;12.8;7.2; 4.33 ; 5.25 ;114.4685572;14.5913242;;;;;
18.05.2021 00:59;12;8; 4.82 ; 5.25 ;127.1872857;14.5913242;;;;;
18.05.2021 01:59;11.7;8.3; 5.00 ; 5.25 ;131.9568089;14.5913242;;;;;
18.05.2021 02:59;11.4;8.6; 5.18 ; 5.25 ;136.7263322;14.5913242;;;;;
18.05.2021 03:59;11.4;8.6; 5.18 ; 5.25 ;136.7263322;14.5913242;;;;;
18.05.2021 04:59;12;8; 4.82 ; 5.25 ;127.1872857;14.5913242;;;;;
18.05.2021 05:59;12.7;7.3; 4.39 ; 5.25 ;116.0583982;14.5913242;;;;;
18.05.2021 06:59;13.6;6.4; 3.85 ; 5.25 ;101.7498286;14.5913242;;;;;
18.05.2021 07:59;14.1;5.9; 3.55 ; 5.25 ;93.80062323;14.5913242;;;;;
18.05.2021 08:59;14.8;5.2; 3.13 ; 5.25 ;82.67173573;14.5913242;;;;;
18.05.2021 09:59;15.7;4.3; 2.59 ; 5.25 ;68.36316608;14.5913242;;;;;
18.05.2021 10:59;18.5;1.5; 0.90 ; 5.25 ;23.84761607;14.5913242;;;;;
18.05.2021 11:59;20.6;0; -   ; 5.25 ;0;14.5913242;;;;;
18.05.2021 12:59;22.2;0; -   ; 5.25 ;0;14.5913242;;;;;
18.05.2021 13:59;23.1;0; -   ; 5.25 ;0;14.5913242;;;;;
18.05.2021 14:59;23.5;0; -   ; 5.25 ;0;14.5913242;;;;;
18.05.2021 15:59;23.2;0; -   ; 5.25 ;0;14.5913242;;;;;
18.05.2021 16:59;22.6;0; -   ; 5.25 ;0;14.5913242;;;;;
18.05.2021 17:59;21.6;0; -   ; 5.25 ;0;14.5913242;;;;;
18.05.2021 18:59;20.5;0; -   ; 5.25 ;0;14.5913242;;;;;
18.05.2021 19:59;18.6;1.4; 0.84 ; 5.25 ;22.257775;14.5913242;;;;;
18.05.2021 20:59;16.6;3.4; 2.05 ; 5.25 ;54.05459644;14.5913242;;;;;
18.05.2021 21:59;14.6;5.4; 3.25 ; 5.25 ;85.85141787;14.5913242;;;;;
18.05.2021 22:59;12.9;7.1; 4.27 ; 5.25 ;112.8787161;14.5913242;;;;;
18.05.2021 23:59;11;9; 5.42 ; 5.25 ;143.0856964;14.5913242;;;;;
19.05.2021 00:59;9;11; 6.62 ; 5.25 ;174.8825179;14.5913242;;;;;
19.05.2021 01:59;7.9;12.1; 7.28 ; 5.25 ;192.3707697;14.5913242;;;;;
19.05.2021 02:59;7.2;12.8; 7.71 ; 5.25 ;203.4996572;14.5913242;;;;;
19.05.2021 03:59;7.1;12.9; 7.77 ; 5.25 ;205.0894982;14.5913242;;;;;
19.05.2021 04:59;7.7;12.3; 7.41 ; 5.25 ;195.5504518;14.5913242;;;;;
19.05.2021 05:59;9;11; 6.62 ; 5.25 ;174.8825179;14.5913242;;;;;
19.05.2021 06:59;10.5;9.5; 5.72 ; 5.25 ;151.0349018;14.5913242;;;;;
19.05.2021 07:59;12.2;7.8; 4.70 ; 5.25 ;124.0076036;14.5913242;;;;;
19.05.2021 08:59;13.8;6.2; 3.73 ; 5.25 ;98.57014644;14.5913242;;;;;
19.05.2021 09:59;15.2;4.8; 2.89 ; 5.25 ;76.31237144;14.5913242;;;;;
19.05.2021 10:59;16.6;3.4; 2.05 ; 5.25 ;54.05459644;14.5913242;;;;;
19.05.2021 11:59;17.8;2.2; 1.32 ; 5.25 ;34.97650358;14.5913242;;;;;
19.05.2021 12:59;18.6;1.4; 0.84 ; 5.25 ;22.257775;14.5913242;;;;;
19.05.2021 13:59;19.2;0.8; 0.48 ; 5.25 ;12.71872857;14.5913242;;;;;
19.05.2021 14:59;19.4;0.6; 0.36 ; 5.25 ;9.53904643;14.5913242;;;;;
19.05.2021 15:59;19.1;0.9; 0.54 ; 5.25 ;14.30856964;14.5913242;;;;;
19.05.2021 16:59;18.2;1.8; 1.08 ; 5.25 ;28.61713929;14.5913242;;;;;
19.05.2021 17:59;17;3; 1.81 ; 5.25 ;47.69523215;14.5913242;;;;;
19.05.2021 18:59;15.4;4.6; 2.77 ; 5.25 ;73.1326893;14.5913242;;;;;
19.05.2021 19:59;14;6; 3.61 ; 5.25 ;95.3904643;14.5913242;;;;;
19.05.2021 20:59;12.9;7.1; 4.27 ; 5.25 ;112.8787161;14.5913242;;;;;
19.05.2021 21:59;11.7;8.3; 5.00 ; 5.25 ;131.9568089;14.5913242;;;;;
19.05.2021 22:59;10.5;9.5; 5.72 ; 5.25 ;151.0349018;14.5913242;;;;;
19.05.2021 23:59;10.2;9.8; 5.90 ; 5.25 ;155.804425;14.5913242;;;;;
20.05.2021 00:59;9.9;10.1; 6.08 ; 5.25 ;160.5739482;14.5913242;;;;;
20.05.2021 01:59;9.8;10.2; 6.14 ; 5.25 ;162.1637893;14.5913242;;;;;
20.05.2021 02:59;9.8;10.2; 6.14 ; 5.25 ;162.1637893;14.5913242;;;;;
20.05.2021 03:59;9.9;10.1; 6.08 ; 5.25 ;160.5739482;14.5913242;;;;;
20.05.2021 04:59;10.9;9.1; 5.48 ; 5.25 ;144.6755375;14.5913242;;;;;
20.05.2021 05:59;11.3;8.7; 5.24 ; 5.25 ;138.3161732;14.5913242;;;;;
20.05.2021 06:59;11.5;8.5; 5.12 ; 5.25 ;135.1364911;14.5913242;;;;;
20.05.2021 07:59;13.9;6.1; 3.67 ; 5.25 ;96.98030537;14.5913242;;;;;
20.05.2021 08:59;15.8;4.2; 2.53 ; 5.25 ;66.77332501;14.5913242;;;;;
20.05.2021 09:59;17.4;2.6; 1.57 ; 5.25 ;41.33586786;14.5913242;;;;;
20.05.2021 10:59;19.9;0.1; 0.06 ; 5.25 ;1.589841072;14.5913242;;;;;
20.05.2021 11:59;20.4;0; -   ; 5.25 ;0;14.5913242;;;;;
20.05.2021 12:59;19.9;0.1; 0.06 ; 5.25 ;1.589841072;14.5913242;;;;;
20.05.2021 13:59;18.7;1.3; 0.78 ; 5.25 ;20.66793393;14.5913242;;;;;
20.05.2021 14:59;18.1;1.9; 1.14 ; 5.25 ;30.20698036;14.5913242;;;;;
20.05.2021 15:59;17.1;2.9; 1.75 ; 5.25 ;46.10539108;14.5913242;;;;;
20.05.2021 16:59;16.2;3.8; 2.29 ; 5.25 ;60.41396072;14.5913242;;;;;
20.05.2021 17:59;15.6;4.4; 2.65 ; 5.25 ;69.95300715;14.5913242;;;;;
20.05.2021 18:59;15;5; 3.01 ; 5.25 ;79.49205358;14.5913242;;;;;
20.05.2021 19:59;13.9;6.1; 3.67 ; 5.25 ;96.98030537;14.5913242;;;;;
20.05.2021 20:59;13.1;6.9; 4.15 ; 5.25 ;109.6990339;14.5913242;;;;;
20.05.2021 21:59;12.1;7.9; 4.76 ; 5.25 ;125.5974447;14.5913242;;;;;
20.05.2021 22:59;11.1;8.9; 5.36 ; 5.25 ;141.4958554;14.5913242;;;;;
20.05.2021 23:59;9.7;10.3; 6.20 ; 5.25 ;163.7536304;14.5913242;;;;;
21.05.2021 00:59;8.2;11.8; 7.10 ; 5.25 ;187.6012465;14.5913242;;;;;
21.05.2021 01:59;7.4;12.6; 7.59 ; 5.25 ;200.319975;14.5913242;;;;;
21.05.2021 02:59;6.8;13.2; 7.95 ; 5.25 ;209.8590215;14.5913242;;;;;
21.05.2021 03:59;6.8;13.2; 7.95 ; 5.25 ;209.8590215;14.5913242;;;;;
21.05.2021 04:59;7.5;12.5; 7.53 ; 5.25 ;198.730134;14.5913242;;;;;
21.05.2021 05:59;8.8;11.2; 6.74 ; 5.25 ;178.0622;14.5913242;;;;;
21.05.2021 06:59;10.3;9.7; 5.84 ; 5.25 ;154.2145839;14.5913242;;;;;
21.05.2021 07:59;11.8;8.2; 4.94 ; 5.25 ;130.3669679;14.5913242;;;;;
21.05.2021 08:59;13.4;6.6; 3.97 ; 5.25 ;104.9295107;14.5913242;;;;;
21.05.2021 09:59;14.7;5.3; 3.19 ; 5.25 ;84.2615768;14.5913242;;;;;
21.05.2021 10:59;16;4; 2.41 ; 5.25 ;63.59364287;14.5913242;;;;;
21.05.2021 11:59;17.3;2.7; 1.63 ; 5.25 ;42.92570893;14.5913242;;;;;
21.05.2021 12:59;18;2; 1.20 ; 5.25 ;31.79682143;14.5913242;;;;;
21.05.2021 13:59;18.4;1.6; 0.96 ; 5.25 ;25.43745715;14.5913242;;;;;
21.05.2021 14:59;18.5;1.5; 0.90 ; 5.25 ;23.84761607;14.5913242;;;;;
21.05.2021 15:59;18.4;1.6; 0.96 ; 5.25 ;25.43745715;14.5913242;;;;;
21.05.2021 16:59;17.6;2.4; 1.44 ; 5.25 ;38.15618572;14.5913242;;;;;
21.05.2021 17:59;16.5;3.5; 2.11 ; 5.25 ;55.64443751;14.5913242;;;;;
21.05.2021 18:59;15;5; 3.01 ; 5.25 ;79.49205358;14.5913242;;;;;
21.05.2021 19:59;13.3;6.7; 4.03 ; 5.25 ;106.5193518;14.5913242;;;;;
21.05.2021 20:59;11.5;8.5; 5.12 ; 5.25 ;135.1364911;14.5913242;;;;;
21.05.2021 21:59;9.7;10.3; 6.20 ; 5.25 ;163.7536304;14.5913242;;;;;
21.05.2021 22:59;8;12; 7.22 ; 5.25 ;190.7809286;14.5913242;;;;;
21.05.2021 23:59;6.8;13.2; 7.95 ; 5.25 ;209.8590215;14.5913242;;;;;
22.05.2021 00:59;5.6;14.4; 8.67 ; 5.25 ;228.9371143;14.5913242;;;;;
22.05.2021 01:59;4.9;15.1; 9.09 ; 5.25 ;240.0660018;14.5913242;;;;;
22.05.2021 02:59;4.5;15.5; 9.33 ; 5.25 ;246.4253661;14.5913242;;;;;
22.05.2021 03:59;4.4;15.6; 9.39 ; 5.25 ;248.0152072;14.5913242;;;;;
22.05.2021 04:59;5.2;14.8; 8.91 ; 5.25 ;235.2964786;14.5913242;;;;;
22.05.2021 05:59;6.7;13.3; 8.01 ; 5.25 ;211.4488625;14.5913242;;;;;
22.05.2021 06:59;8.6;11.4; 6.86 ; 5.25 ;181.2418822;14.5913242;;;;;
22.05.2021 07:59;10.6;9.4; 5.66 ; 5.25 ;149.4450607;14.5913242;;;;;
22.05.2021 08:59;12.5;7.5; 4.52 ; 5.25 ;119.2380804;14.5913242;;;;;
22.05.2021 09:59;14.2;5.8; 3.49 ; 5.25 ;92.21078215;14.5913242;;;;;
22.05.2021 10:59;16;4; 2.41 ; 5.25 ;63.59364287;14.5913242;;;;;
22.05.2021 11:59;17.4;2.6; 1.57 ; 5.25 ;41.33586786;14.5913242;;;;;
22.05.2021 12:59;18.4;1.6; 0.96 ; 5.25 ;25.43745715;14.5913242;;;;;
22.05.2021 13:59;19.1;0.9; 0.54 ; 5.25 ;14.30856964;14.5913242;;;;;
22.05.2021 14:59;19.3;0.7; 0.42 ; 5.25 ;11.1288875;14.5913242;;;;;
22.05.2021 15:59;19;1; 0.60 ; 5.25 ;15.89841072;14.5913242;;;;;
22.05.2021 16:59;18.1;1.9; 1.14 ; 5.25 ;30.20698036;14.5913242;;;;;
22.05.2021 17:59;16.8;3.2; 1.93 ; 5.25 ;50.87491429;14.5913242;;;;;
22.05.2021 18:59;15;5; 3.01 ; 5.25 ;79.49205358;14.5913242;;;;;
22.05.2021 19:59;13.4;6.6; 3.97 ; 5.25 ;104.9295107;14.5913242;;;;;
22.05.2021 20:59;11.9;8.1; 4.88 ; 5.25 ;128.7771268;14.5913242;;;;;
22.05.2021 21:59;10.3;9.7; 5.84 ; 5.25 ;154.2145839;14.5913242;;;;;
22.05.2021 22:59;8.8;11.2; 6.74 ; 5.25 ;178.0622;14.5913242;;;;;
22.05.2021 23:59;7.9;12.1; 7.28 ; 5.25 ;192.3707697;14.5913242;;;;;
23.05.2021 00:59;6.9;13.1; 7.89 ; 5.25 ;208.2691804;14.5913242;;;;;
23.05.2021 01:59;6.4;13.6; 8.19 ; 5.25 ;216.2183857;14.5913242;;;;;
23.05.2021 02:59;6;14; 8.43 ; 5.25 ;222.57775;14.5913242;;;;;
23.05.2021 03:59;5.9;14.1; 8.49 ; 5.25 ;224.1675911;14.5913242;;;;;
23.05.2021 04:59;6.3;13.7; 8.25 ; 5.25 ;217.8082268;14.5913242;;;;;
23.05.2021 05:59;7.3;12.7; 7.65 ; 5.25 ;201.9098161;14.5913242;;;;;
23.05.2021 06:59;8.9;11.1; 6.68 ; 5.25 ;176.472359;14.5913242;;;;;
23.05.2021 07:59;10.2;9.8; 5.90 ; 5.25 ;155.804425;14.5913242;;;;;
23.05.2021 08:59;11.4;8.6; 5.18 ; 5.25 ;136.7263322;14.5913242;;;;;
23.05.2021 09:59;12.1;7.9; 4.76 ; 5.25 ;125.5974447;14.5913242;;;;;
23.05.2021 10:59;13;7; 4.21 ; 5.25 ;111.288875;14.5913242;;;;;
23.05.2021 11:59;13.9;6.1; 3.67 ; 5.25 ;96.98030537;14.5913242;;;;;
23.05.2021 12:59;14.5;5.5; 3.31 ; 5.25 ;87.44125894;14.5913242;;;;;
23.05.2021 13:59;15;5; 3.01 ; 5.25 ;79.49205358;14.5913242;;;;;
23.05.2021 14:59;14.8;5.2; 3.13 ; 5.25 ;82.67173573;14.5913242;;;;;
23.05.2021 15:59;14.8;5.2; 3.13 ; 5.25 ;82.67173573;14.5913242;;;;;
23.05.2021 16:59;14.2;5.8; 3.49 ; 5.25 ;92.21078215;14.5913242;;;;;
23.05.2021 17:59;13.4;6.6; 3.97 ; 5.25 ;104.9295107;14.5913242;;;;;
23.05.2021 18:59;12.4;7.6; 4.58 ; 5.25 ;120.8279214;14.5913242;;;;;
23.05.2021 19:59;11.1;8.9; 5.36 ; 5.25 ;141.4958554;14.5913242;;;;;
23.05.2021 20:59;9.8;10.2; 6.14 ; 5.25 ;162.1637893;14.5913242;;;;;
23.05.2021 21:59;8.5;11.5; 6.92 ; 5.25 ;182.8317232;14.5913242;;;;;
23.05.2021 22:59;7.2;12.8; 7.71 ; 5.25 ;203.4996572;14.5913242;;;;;
23.05.2021 23:59;6.3;13.7; 8.25 ; 5.25 ;217.8082268;14.5913242;;;;;
24.05.2021 00:59;5.2;14.8; 8.91 ; 5.25 ;235.2964786;14.5913242;;;;;
24.05.2021 01:59;4.7;15.3; 9.21 ; 5.25 ;243.245684;14.5913242;;;;;
24.05.2021 02:59;4.3;15.7; 9.45 ; 5.25 ;249.6050482;14.5913242;;;;;
24.05.2021 03:59;4.3;15.7; 9.45 ; 5.25 ;249.6050482;14.5913242;;;;;
24.05.2021 04:59;5.3;14.7; 8.85 ; 5.25 ;233.7066375;14.5913242;;;;;
24.05.2021 05:59;7.1;12.9; 7.77 ; 5.25 ;205.0894982;14.5913242;;;;;
24.05.2021 06:59;9.1;10.9; 6.56 ; 5.25 ;173.2926768;14.5913242;;;;;
24.05.2021 07:59;11.3;8.7; 5.24 ; 5.25 ;138.3161732;14.5913242;;;;;
24.05.2021 08:59;13.5;6.5; 3.91 ; 5.25 ;103.3396697;14.5913242;;;;;
24.05.2021 09:59;15.3;4.7; 2.83 ; 5.25 ;74.72253037;14.5913242;;;;;
24.05.2021 10:59;15.1;4.9; 2.95 ; 5.25 ;77.90221251;14.5913242;;;;;
24.05.2021 11:59;14.8;5.2; 3.13 ; 5.25 ;82.67173573;14.5913242;;;;;
24.05.2021 12:59;14.6;5.4; 3.25 ; 5.25 ;85.85141787;14.5913242;;;;;
24.05.2021 13:59;14.2;5.8; 3.49 ; 5.25 ;92.21078215;14.5913242;;;;;
24.05.2021 14:59;13.9;6.1; 3.67 ; 5.25 ;96.98030537;14.5913242;;;;;
24.05.2021 15:59;13.5;6.5; 3.91 ; 5.25 ;103.3396697;14.5913242;;;;;
24.05.2021 16:59;12.8;7.2; 4.33 ; 5.25 ;114.4685572;14.5913242;;;;;
24.05.2021 17:59;11.9;8.1; 4.88 ; 5.25 ;128.7771268;14.5913242;;;;;
24.05.2021 18:59;10.8;9.2; 5.54 ; 5.25 ;146.2653786;14.5913242;;;;;
24.05.2021 19:59;9.5;10.5; 6.32 ; 5.25 ;166.9333125;14.5913242;;;;;
24.05.2021 20:59;8.2;11.8; 7.10 ; 5.25 ;187.6012465;14.5913242;;;;;
24.05.2021 21:59;6.9;13.1; 7.89 ; 5.25 ;208.2691804;14.5913242;;;;;
24.05.2021 22:59;5.6;14.4; 8.67 ; 5.25 ;228.9371143;14.5913242;;;;;
24.05.2021 23:59;4.9;15.1; 9.09 ; 5.25 ;240.0660018;14.5913242;;;;;
25.05.2021 00:59;4.2;15.8; 9.51 ; 5.25 ;251.1948893;14.5913242;;;;;
25.05.2021 01:59;3.8;16.2; 9.75 ; 5.25 ;257.5542536;14.5913242;;;;;
25.05.2021 02:59;3.6;16.4; 9.87 ; 5.25 ;260.7339357;14.5913242;;;;;
25.05.2021 03:59;3.5;16.5; 9.93 ; 5.25 ;262.3237768;14.5913242;;;;;
25.05.2021 04:59;4.5;15.5; 9.33 ; 5.25 ;246.4253661;14.5913242;;;;;
25.05.2021 05:59;6.1;13.9; 8.37 ; 5.25 ;220.987909;14.5913242;;;;;
25.05.2021 06:59;8.1;11.9; 7.16 ; 5.25 ;189.1910875;14.5913242;;;;;
25.05.2021 07:59;10;10; 6.02 ; 5.25 ;158.9841072;14.5913242;;;;;
25.05.2021 08:59;12;8; 4.82 ; 5.25 ;127.1872857;14.5913242;;;;;
25.05.2021 09:59;13.8;6.2; 3.73 ; 5.25 ;98.57014644;14.5913242;;;;;
25.05.2021 10:59;15.3;4.7; 2.83 ; 5.25 ;74.72253037;14.5913242;;;;;
25.05.2021 11:59;16.7;3.3; 1.99 ; 5.25 ;52.46475536;14.5913242;;;;;
25.05.2021 12:59;17.7;2.3; 1.38 ; 5.25 ;36.56634465;14.5913242;;;;;
25.05.2021 13:59;18.4;1.6; 0.96 ; 5.25 ;25.43745715;14.5913242;;;;;
25.05.2021 14:59;18.7;1.3; 0.78 ; 5.25 ;20.66793393;14.5913242;;;;;
25.05.2021 15:59;18.5;1.5; 0.90 ; 5.25 ;23.84761607;14.5913242;;;;;
25.05.2021 16:59;17.6;2.4; 1.44 ; 5.25 ;38.15618572;14.5913242;;;;;
25.05.2021 17:59;16.3;3.7; 2.23 ; 5.25 ;58.82411965;14.5913242;;;;;
25.05.2021 18:59;14.7;5.3; 3.19 ; 5.25 ;84.2615768;14.5913242;;;;;
25.05.2021 19:59;13.3;6.7; 4.03 ; 5.25 ;106.5193518;14.5913242;;;;;
25.05.2021 20:59;11.5;8.5; 5.12 ; 5.25 ;135.1364911;14.5913242;;;;;
25.05.2021 21:59;9.6;10.4; 6.26 ; 5.25 ;165.3434715;14.5913242;;;;;
25.05.2021 22:59;7.8;12.2; 7.34 ; 5.25 ;193.9606107;14.5913242;;;;;
25.05.2021 23:59;6.5;13.5; 8.13 ; 5.25 ;214.6285447;14.5913242;;;;;
26.05.2021 00:59;5;15; 9.03 ; 5.25 ;238.4761607;14.5913242;;;;;
26.05.2021 01:59;4.2;15.8; 9.51 ; 5.25 ;251.1948893;14.5913242;;;;;
26.05.2021 02:59;3.6;16.4; 9.87 ; 5.25 ;260.7339357;14.5913242;;;;;
26.05.2021 03:59;3.4;16.6; 9.99 ; 5.25 ;263.9136179;14.5913242;;;;;
26.05.2021 04:59;4.4;15.6; 9.39 ; 5.25 ;248.0152072;14.5913242;;;;;
26.05.2021 05:59;6.1;13.9; 8.37 ; 5.25 ;220.987909;14.5913242;;;;;
26.05.2021 06:59;8.1;11.9; 7.16 ; 5.25 ;189.1910875;14.5913242;;;;;
26.05.2021 07:59;10.1;9.9; 5.96 ; 5.25 ;157.3942661;14.5913242;;;;;
26.05.2021 08:59;12.1;7.9; 4.76 ; 5.25 ;125.5974447;14.5913242;;;;;
26.05.2021 09:59;13.9;6.1; 3.67 ; 5.25 ;96.98030537;14.5913242;;;;;
26.05.2021 10:59;15.5;4.5; 2.71 ; 5.25 ;71.54284822;14.5913242;;;;;
26.05.2021 11:59;16.9;3.1; 1.87 ; 5.25 ;49.28507322;14.5913242;;;;;
26.05.2021 12:59;17.8;2.2; 1.32 ; 5.25 ;34.97650358;14.5913242;;;;;
26.05.2021 13:59;18.2;1.8; 1.08 ; 5.25 ;28.61713929;14.5913242;;;;;
26.05.2021 14:59;18.3;1.7; 1.02 ; 5.25 ;27.02729822;14.5913242;;;;;
26.05.2021 15:59;17.8;2.2; 1.32 ; 5.25 ;34.97650358;14.5913242;;;;;
26.05.2021 16:59;16.7;3.3; 1.99 ; 5.25 ;52.46475536;14.5913242;;;;;
26.05.2021 17:59;15.1;4.9; 2.95 ; 5.25 ;77.90221251;14.5913242;;;;;
26.05.2021 18:59;13.4;6.6; 3.97 ; 5.25 ;104.9295107;14.5913242;;;;;
26.05.2021 19:59;11.9;8.1; 4.88 ; 5.25 ;128.7771268;14.5913242;;;;;
26.05.2021 20:59;10;10; 6.02 ; 5.25 ;158.9841072;14.5913242;;;;;
26.05.2021 21:59;8.1;11.9; 7.16 ; 5.25 ;189.1910875;14.5913242;;;;;
26.05.2021 22:59;6.3;13.7; 8.25 ; 5.25 ;217.8082268;14.5913242;;;;;
26.05.2021 23:59;5.5;14.5; 8.73 ; 5.25 ;230.5269554;14.5913242;;;;;
27.05.2021 00:59;4.8;15.2; 9.15 ; 5.25 ;241.6558429;14.5913242;;;;;
27.05.2021 01:59;4.4;15.6; 9.39 ; 5.25 ;248.0152072;14.5913242;;;;;
27.05.2021 02:59;4.1;15.9; 9.57 ; 5.25 ;252.7847304;14.5913242;;;;;
27.05.2021 03:59;4;16; 9.63 ; 5.25 ;254.3745715;14.5913242;;;;;
27.05.2021 04:59;5;15; 9.03 ; 5.25 ;238.4761607;14.5913242;;;;;
27.05.2021 05:59;6.5;13.5; 8.13 ; 5.25 ;214.6285447;14.5913242;;;;;
27.05.2021 06:59;8.4;11.6; 6.98 ; 5.25 ;184.4215643;14.5913242;;;;;
27.05.2021 07:59;10.3;9.7; 5.84 ; 5.25 ;154.2145839;14.5913242;;;;;
27.05.2021 08:59;12.2;7.8; 4.70 ; 5.25 ;124.0076036;14.5913242;;;;;
27.05.2021 09:59;13.9;6.1; 3.67 ; 5.25 ;96.98030537;14.5913242;;;;;
27.05.2021 10:59;15.5;4.5; 2.71 ; 5.25 ;71.54284822;14.5913242;;;;;
27.05.2021 11:59;17;3; 1.81 ; 5.25 ;47.69523215;14.5913242;;;;;
27.05.2021 12:59;18;2; 1.20 ; 5.25 ;31.79682143;14.5913242;;;;;
27.05.2021 13:59;18.6;1.4; 0.84 ; 5.25 ;22.257775;14.5913242;;;;;
27.05.2021 14:59;18.9;1.1; 0.66 ; 5.25 ;17.48825179;14.5913242;;;;;
27.05.2021 15:59;18.7;1.3; 0.78 ; 5.25 ;20.66793393;14.5913242;;;;;
27.05.2021 16:59;18;2; 1.20 ; 5.25 ;31.79682143;14.5913242;;;;;
27.05.2021 17:59;16.7;3.3; 1.99 ; 5.25 ;52.46475536;14.5913242;;;;;
27.05.2021 18:59;15.1;4.9; 2.95 ; 5.25 ;77.90221251;14.5913242;;;;;
27.05.2021 19:59;13.7;6.3; 3.79 ; 5.25 ;100.1599875;14.5913242;;;;;
27.05.2021 20:59;11.8;8.2; 4.94 ; 5.25 ;130.3669679;14.5913242;;;;;
27.05.2021 21:59;9.9;10.1; 6.08 ; 5.25 ;160.5739482;14.5913242;;;;;
27.05.2021 22:59;8;12; 7.22 ; 5.25 ;190.7809286;14.5913242;;;;;
27.05.2021 23:59;6.7;13.3; 8.01 ; 5.25 ;211.4488625;14.5913242;;;;;
28.05.2021 00:59;5.1;14.9; 8.97 ; 5.25 ;236.8863197;14.5913242;;;;;
28.05.2021 01:59;4.3;15.7; 9.45 ; 5.25 ;249.6050482;14.5913242;;;;;
28.05.2021 02:59;3.8;16.2; 9.75 ; 5.25 ;257.5542536;14.5913242;;;;;
28.05.2021 03:59;3.6;16.4; 9.87 ; 5.25 ;260.7339357;14.5913242;;;;;
28.05.2021 04:59;4.3;15.7; 9.45 ; 5.25 ;249.6050482;14.5913242;;;;;
28.05.2021 05:59;5.3;14.7; 8.85 ; 5.25 ;233.7066375;14.5913242;;;;;
28.05.2021 06:59;6.3;13.7; 8.25 ; 5.25 ;217.8082268;14.5913242;;;;;
28.05.2021 07:59;7.5;12.5; 7.53 ; 5.25 ;198.730134;14.5913242;;;;;
28.05.2021 08:59;8.5;11.5; 6.92 ; 5.25 ;182.8317232;14.5913242;;;;;
28.05.2021 09:59;9.3;10.7; 6.44 ; 5.25 ;170.1129947;14.5913242;;;;;
28.05.2021 10:59;10.2;9.8; 5.90 ; 5.25 ;155.804425;14.5913242;;;;;
28.05.2021 11:59;10.9;9.1; 5.48 ; 5.25 ;144.6755375;14.5913242;;;;;
28.05.2021 12:59;11.8;8.2; 4.94 ; 5.25 ;130.3669679;14.5913242;;;;;
28.05.2021 13:59;12.2;7.8; 4.70 ; 5.25 ;124.0076036;14.5913242;;;;;
28.05.2021 14:59;12.7;7.3; 4.39 ; 5.25 ;116.0583982;14.5913242;;;;;
28.05.2021 15:59;12.5;7.5; 4.52 ; 5.25 ;119.2380804;14.5913242;;;;;
28.05.2021 16:59;12;8; 4.82 ; 5.25 ;127.1872857;14.5913242;;;;;
28.05.2021 17:59;11.1;8.9; 5.36 ; 5.25 ;141.4958554;14.5913242;;;;;
28.05.2021 18:59;10;10; 6.02 ; 5.25 ;158.9841072;14.5913242;;;;;
28.05.2021 19:59;8.9;11.1; 6.68 ; 5.25 ;176.472359;14.5913242;;;;;
28.05.2021 20:59;7.6;12.4; 7.47 ; 5.25 ;197.1402929;14.5913242;;;;;
28.05.2021 21:59;6.3;13.7; 8.25 ; 5.25 ;217.8082268;14.5913242;;;;;
28.05.2021 22:59;5;15; 9.03 ; 5.25 ;238.4761607;14.5913242;;;;;
28.05.2021 23:59;4.6;15.4; 9.27 ; 5.25 ;244.835525;14.5913242;;;;;
29.05.2021 00:59;4.2;15.8; 9.51 ; 5.25 ;251.1948893;14.5913242;;;;;
29.05.2021 01:59;4;16; 9.63 ; 5.25 ;254.3745715;14.5913242;;;;;
29.05.2021 02:59;3.9;16.1; 9.69 ; 5.25 ;255.9644125;14.5913242;;;;;
29.05.2021 03:59;3.8;16.2; 9.75 ; 5.25 ;257.5542536;14.5913242;;;;;
29.05.2021 04:59;4.1;15.9; 9.57 ; 5.25 ;252.7847304;14.5913242;;;;;
29.05.2021 05:59;4.8;15.2; 9.15 ; 5.25 ;241.6558429;14.5913242;;;;;
29.05.2021 06:59;5.5;14.5; 8.73 ; 5.25 ;230.5269554;14.5913242;;;;;
29.05.2021 07:59;6.1;13.9; 8.37 ; 5.25 ;220.987909;14.5913242;;;;;
29.05.2021 08:59;6.9;13.1; 7.89 ; 5.25 ;208.2691804;14.5913242;;;;;
29.05.2021 09:59;7.5;12.5; 7.53 ; 5.25 ;198.730134;14.5913242;;;;;
29.05.2021 10:59;8.9;11.1; 6.68 ; 5.25 ;176.472359;14.5913242;;;;;
29.05.2021 11:59;9.6;10.4; 6.26 ; 5.25 ;165.3434715;14.5913242;;;;;
29.05.2021 12:59;10.1;9.9; 5.96 ; 5.25 ;157.3942661;14.5913242;;;;;
29.05.2021 13:59;10.4;9.6; 5.78 ; 5.25 ;152.6247429;14.5913242;;;;;
29.05.2021 14:59;10.6;9.4; 5.66 ; 5.25 ;149.4450607;14.5913242;;;;;
29.05.2021 15:59;10.8;9.2; 5.54 ; 5.25 ;146.2653786;14.5913242;;;;;
29.05.2021 16:59;10.8;9.2; 5.54 ; 5.25 ;146.2653786;14.5913242;;;;;
29.05.2021 17:59;10.5;9.5; 5.72 ; 5.25 ;151.0349018;14.5913242;;;;;
29.05.2021 18:59;9.9;10.1; 6.08 ; 5.25 ;160.5739482;14.5913242;;;;;
29.05.2021 19:59;9.1;10.9; 6.56 ; 5.25 ;173.2926768;14.5913242;;;;;
29.05.2021 20:59;8.3;11.7; 7.04 ; 5.25 ;186.0114054;14.5913242;;;;;
29.05.2021 21:59;7.4;12.6; 7.59 ; 5.25 ;200.319975;14.5913242;;;;;
29.05.2021 22:59;6.6;13.4; 8.07 ; 5.25 ;213.0387036;14.5913242;;;;;
29.05.2021 23:59;5.9;14.1; 8.49 ; 5.25 ;224.1675911;14.5913242;;;;;
30.05.2021 00:59;5.2;14.8; 8.91 ; 5.25 ;235.2964786;14.5913242;;;;;
30.05.2021 01:59;4.8;15.2; 9.15 ; 5.25 ;241.6558429;14.5913242;;;;;
30.05.2021 02:59;4.5;15.5; 9.33 ; 5.25 ;246.4253661;14.5913242;;;;;
30.05.2021 03:59;4.4;15.6; 9.39 ; 5.25 ;248.0152072;14.5913242;;;;;
30.05.2021 04:59;5.5;14.5; 8.73 ; 5.25 ;230.5269554;14.5913242;;;;;
30.05.2021 05:59;7;13; 7.83 ; 5.25 ;206.6793393;14.5913242;;;;;
30.05.2021 06:59;9.3;10.7; 6.44 ; 5.25 ;170.1129947;14.5913242;;;;;
30.05.2021 07:59;10.8;9.2; 5.54 ; 5.25 ;146.2653786;14.5913242;;;;;
30.05.2021 08:59;11.1;8.9; 5.36 ; 5.25 ;141.4958554;14.5913242;;;;;
30.05.2021 09:59;11.4;8.6; 5.18 ; 5.25 ;136.7263322;14.5913242;;;;;
30.05.2021 10:59;11.8;8.2; 4.94 ; 5.25 ;130.3669679;14.5913242;;;;;
30.05.2021 11:59;12.3;7.7; 4.64 ; 5.25 ;122.4177625;14.5913242;;;;;
30.05.2021 12:59;12.7;7.3; 4.39 ; 5.25 ;116.0583982;14.5913242;;;;;
30.05.2021 13:59;12.6;7.4; 4.46 ; 5.25 ;117.6482393;14.5913242;;;;;
30.05.2021 14:59;12.6;7.4; 4.46 ; 5.25 ;117.6482393;14.5913242;;;;;
30.05.2021 15:59;12.5;7.5; 4.52 ; 5.25 ;119.2380804;14.5913242;;;;;
30.05.2021 16:59;12.1;7.9; 4.76 ; 5.25 ;125.5974447;14.5913242;;;;;
30.05.2021 17:59;11.4;8.6; 5.18 ; 5.25 ;136.7263322;14.5913242;;;;;
30.05.2021 18:59;10.4;9.6; 5.78 ; 5.25 ;152.6247429;14.5913242;;;;;
30.05.2021 19:59;9.4;10.6; 6.38 ; 5.25 ;168.5231536;14.5913242;;;;;
30.05.2021 20:59;9.2;10.8; 6.50 ; 5.25 ;171.7028357;14.5913242;;;;;
30.05.2021 21:59;9.1;10.9; 6.56 ; 5.25 ;173.2926768;14.5913242;;;;;
30.05.2021 22:59;9;11; 6.62 ; 5.25 ;174.8825179;14.5913242;;;;;
30.05.2021 23:59;9.7;10.3; 6.20 ; 5.25 ;163.7536304;14.5913242;;;;;
31.05.2021 00:59;10.4;9.6; 5.78 ; 5.25 ;152.6247429;14.5913242;;;;;
31.05.2021 01:59;10.9;9.1; 5.48 ; 5.25 ;144.6755375;14.5913242;;;;;
31.05.2021 02:59;11.1;8.9; 5.36 ; 5.25 ;141.4958554;14.5913242;;;;;
31.05.2021 03:59;11.1;8.9; 5.36 ; 5.25 ;141.4958554;14.5913242;;;;;
31.05.2021 04:59;11.3;8.7; 5.24 ; 5.25 ;138.3161732;14.5913242;;;;;
31.05.2021 05:59;11.8;8.2; 4.94 ; 5.25 ;130.3669679;14.5913242;;;;;
31.05.2021 06:59;12.3;7.7; 4.64 ; 5.25 ;122.4177625;14.5913242;;;;;
31.05.2021 07:59;13.1;6.9; 4.15 ; 5.25 ;109.6990339;14.5913242;;;;;
31.05.2021 08:59;13.7;6.3; 3.79 ; 5.25 ;100.1599875;14.5913242;;;;;
31.05.2021 09:59;14.3;5.7; 3.43 ; 5.25 ;90.62094108;14.5913242;;;;;
31.05.2021 10:59;14.9;5.1; 3.07 ; 5.25 ;81.08189465;14.5913242;;;;;
31.05.2021 11:59;15.2;4.8; 2.89 ; 5.25 ;76.31237144;14.5913242;;;;;
31.05.2021 12:59;15.5;4.5; 2.71 ; 5.25 ;71.54284822;14.5913242;;;;;
31.05.2021 13:59;15.6;4.4; 2.65 ; 5.25 ;69.95300715;14.5913242;;;;;
31.05.2021 14:59;14.6;5.4; 3.25 ; 5.25 ;85.85141787;14.5913242;;;;;
31.05.2021 15:59;15.7;4.3; 2.59 ; 5.25 ;68.36316608;14.5913242;;;;;
31.05.2021 16:59;15.6;4.4; 2.65 ; 5.25 ;69.95300715;14.5913242;;;;;
31.05.2021 17:59;15;5; 3.01 ; 5.25 ;79.49205358;14.5913242;;;;;
31.05.2021 18:59;14.5;5.5; 3.31 ; 5.25 ;87.44125894;14.5913242;;;;;
31.05.2021 19:59;13.7;6.3; 3.79 ; 5.25 ;100.1599875;14.5913242;;;;;
31.05.2021 20:59;11.9;8.1; 4.88 ; 5.25 ;128.7771268;14.5913242;;;;;
31.05.2021 21:59;12.3;7.7; 4.64 ; 5.25 ;122.4177625;14.5913242;;;;;
31.05.2021 22:59;11;9; 5.42 ; 5.25 ;143.0856964;14.5913242;;;;;
31.05.2021 23:59;10.5;9.5; 5.72 ; 5.25 ;151.0349018;14.5913242;;;;;
01.06.2021 00:59;9.3;10.7; 6.44 ; 5.25 ;170.1129947;14.5913242;;;;;
01.06.2021 01:59;8.2;11.8; 7.10 ; 5.25 ;187.6012465;14.5913242;;;;;
01.06.2021 02:59;7.4;12.6; 7.59 ; 5.25 ;200.319975;14.5913242;;;;;
01.06.2021 03:59;7.2;12.8; 7.71 ; 5.25 ;203.4996572;14.5913242;;;;;
01.06.2021 04:59;7.8;12.2; 7.34 ; 5.25 ;193.9606107;14.5913242;;;;;
01.06.2021 05:59;8.8;11.2; 6.74 ; 5.25 ;178.0622;14.5913242;;;;;
01.06.2021 06:59;9.9;10.1; 6.08 ; 5.25 ;160.5739482;14.5913242;;;;;
01.06.2021 07:59;11.1;8.9; 5.36 ; 5.25 ;141.4958554;14.5913242;;;;;
01.06.2021 08:59;12.2;7.8; 4.70 ; 5.25 ;124.0076036;14.5913242;;;;;
01.06.2021 09:59;13.2;6.8; 4.09 ; 5.25 ;108.1091929;14.5913242;;;;;
01.06.2021 10:59;13.9;6.1; 3.67 ; 5.25 ;96.98030537;14.5913242;;;;;
01.06.2021 11:59;14.4;5.6; 3.37 ; 5.25 ;89.03110001;14.5913242;;;;;
01.06.2021 12:59;14.8;5.2; 3.13 ; 5.25 ;82.67173573;14.5913242;;;;;
01.06.2021 13:59;15;5; 3.01 ; 5.25 ;79.49205358;14.5913242;;;;;
01.06.2021 14:59;14.9;5.1; 3.07 ; 5.25 ;81.08189465;14.5913242;;;;;
01.06.2021 15:59;14.6;5.4; 3.25 ; 5.25 ;85.85141787;14.5913242;;;;;
01.06.2021 16:59;13.9;6.1; 3.67 ; 5.25 ;96.98030537;14.5913242;;;;;
01.06.2021 17:59;13;7; 4.21 ; 5.25 ;111.288875;14.5913242;;;;;
01.06.2021 18:59;11.9;8.1; 4.88 ; 5.25 ;128.7771268;14.5913242;;;;;
01.06.2021 19:59;10.8;9.2; 5.54 ; 5.25 ;146.2653786;14.5913242;;;;;
01.06.2021 20:59;9.4;10.6; 6.38 ; 5.25 ;168.5231536;14.5913242;;;;;
01.06.2021 21:59;7.9;12.1; 7.28 ; 5.25 ;192.3707697;14.5913242;;;;;
01.06.2021 22:59;6.4;13.6; 8.19 ; 5.25 ;216.2183857;14.5913242;;;;;
01.06.2021 23:59;6.3;13.7; 8.25 ; 5.25 ;217.8082268;14.5913242;;;;;
02.06.2021 00:59;6.2;13.8; 8.31 ; 5.25 ;219.3980679;14.5913242;;;;;
02.06.2021 01:59;6.1;13.9; 8.37 ; 5.25 ;220.987909;14.5913242;;;;;
02.06.2021 02:59;5.9;14.1; 8.49 ; 5.25 ;224.1675911;14.5913242;;;;;
02.06.2021 03:59;5.9;14.1; 8.49 ; 5.25 ;224.1675911;14.5913242;;;;;
02.06.2021 04:59;6.6;13.4; 8.07 ; 5.25 ;213.0387036;14.5913242;;;;;
02.06.2021 05:59;7.8;12.2; 7.34 ; 5.25 ;193.9606107;14.5913242;;;;;
02.06.2021 06:59;9.2;10.8; 6.50 ; 5.25 ;171.7028357;14.5913242;;;;;
02.06.2021 07:59;10.7;9.3; 5.60 ; 5.25 ;147.8552197;14.5913242;;;;;
02.06.2021 08:59;12.1;7.9; 4.76 ; 5.25 ;125.5974447;14.5913242;;;;;
02.06.2021 09:59;13.5;6.5; 3.91 ; 5.25 ;103.3396697;14.5913242;;;;;
02.06.2021 10:59;14.5;5.5; 3.31 ; 5.25 ;87.44125894;14.5913242;;;;;
02.06.2021 11:59;15.3;4.7; 2.83 ; 5.25 ;74.72253037;14.5913242;;;;;
02.06.2021 12:59;16;4; 2.41 ; 5.25 ;63.59364287;14.5913242;;;;;
02.06.2021 13:59;16.7;3.3; 1.99 ; 5.25 ;52.46475536;14.5913242;;;;;
02.06.2021 14:59;17.1;2.9; 1.75 ; 5.25 ;46.10539108;14.5913242;;;;;
02.06.2021 15:59;17.1;2.9; 1.75 ; 5.25 ;46.10539108;14.5913242;;;;;
02.06.2021 16:59;16.5;3.5; 2.11 ; 5.25 ;55.64443751;14.5913242;;;;;
02.06.2021 17:59;15.7;4.3; 2.59 ; 5.25 ;68.36316608;14.5913242;;;;;
02.06.2021 18:59;14.5;5.5; 3.31 ; 5.25 ;87.44125894;14.5913242;;;;;
02.06.2021 19:59;13.5;6.5; 3.91 ; 5.25 ;103.3396697;14.5913242;;;;;
02.06.2021 20:59;12.3;7.7; 4.64 ; 5.25 ;122.4177625;14.5913242;;;;;
02.06.2021 21:59;11.1;8.9; 5.36 ; 5.25 ;141.4958554;14.5913242;;;;;
02.06.2021 22:59;9.9;10.1; 6.08 ; 5.25 ;160.5739482;14.5913242;;;;;
02.06.2021 23:59;9.1;10.9; 6.56 ; 5.25 ;173.2926768;14.5913242;;;;;
03.06.2021 00:59;8.1;11.9; 7.16 ; 5.25 ;189.1910875;14.5913242;;;;;
03.06.2021 01:59;7.6;12.4; 7.47 ; 5.25 ;197.1402929;14.5913242;;;;;
03.06.2021 02:59;7.3;12.7; 7.65 ; 5.25 ;201.9098161;14.5913242;;;;;
03.06.2021 03:59;7.2;12.8; 7.71 ; 5.25 ;203.4996572;14.5913242;;;;;
03.06.2021 04:59;8;12; 7.22 ; 5.25 ;190.7809286;14.5913242;;;;;
03.06.2021 05:59;9.8;10.2; 6.14 ; 5.25 ;162.1637893;14.5913242;;;;;
03.06.2021 06:59;11.8;8.2; 4.94 ; 5.25 ;130.3669679;14.5913242;;;;;
03.06.2021 07:59;13.6;6.4; 3.85 ; 5.25 ;101.7498286;14.5913242;;;;;
03.06.2021 08:59;15.4;4.6; 2.77 ; 5.25 ;73.1326893;14.5913242;;;;;
03.06.2021 09:59;16.9;3.1; 1.87 ; 5.25 ;49.28507322;14.5913242;;;;;
03.06.2021 10:59;16.4;3.6; 2.17 ; 5.25 ;57.23427858;14.5913242;;;;;
03.06.2021 11:59;16;4; 2.41 ; 5.25 ;63.59364287;14.5913242;;;;;
03.06.2021 12:59;15.2;4.8; 2.89 ; 5.25 ;76.31237144;14.5913242;;;;;
03.06.2021 13:59;14.9;5.1; 3.07 ; 5.25 ;81.08189465;14.5913242;;;;;
03.06.2021 14:59;14.7;5.3; 3.19 ; 5.25 ;84.2615768;14.5913242;;;;;
03.06.2021 15:59;14.7;5.3; 3.19 ; 5.25 ;84.2615768;14.5913242;;;;;
03.06.2021 16:59;14.5;5.5; 3.31 ; 5.25 ;87.44125894;14.5913242;;;;;
03.06.2021 17:59;13.9;6.1; 3.67 ; 5.25 ;96.98030537;14.5913242;;;;;
03.06.2021 18:59;13.1;6.9; 4.15 ; 5.25 ;109.6990339;14.5913242;;;;;
03.06.2021 19:59;12.2;7.8; 4.70 ; 5.25 ;124.0076036;14.5913242;;;;;
03.06.2021 20:59;11.8;8.2; 4.94 ; 5.25 ;130.3669679;14.5913242;;;;;
03.06.2021 21:59;11.3;8.7; 5.24 ; 5.25 ;138.3161732;14.5913242;;;;;
03.06.2021 22:59;10.9;9.1; 5.48 ; 5.25 ;144.6755375;14.5913242;;;;;
03.06.2021 23:59;11.2;8.8; 5.30 ; 5.25 ;139.9060143;14.5913242;;;;;
04.06.2021 00:59;11.6;8.4; 5.06 ; 5.25 ;133.54665;14.5913242;;;;;
04.06.2021 01:59;11.8;8.2; 4.94 ; 5.25 ;130.3669679;14.5913242;;;;;
04.06.2021 02:59;12;8; 4.82 ; 5.25 ;127.1872857;14.5913242;;;;;
04.06.2021 03:59;12;8; 4.82 ; 5.25 ;127.1872857;14.5913242;;;;;
04.06.2021 04:59;12.4;7.6; 4.58 ; 5.25 ;120.8279214;14.5913242;;;;;
04.06.2021 05:59;13.6;6.4; 3.85 ; 5.25 ;101.7498286;14.5913242;;;;;
04.06.2021 06:59;15.7;4.3; 2.59 ; 5.25 ;68.36316608;14.5913242;;;;;
04.06.2021 07:59;18.2;1.8; 1.08 ; 5.25 ;28.61713929;14.5913242;;;;;
04.06.2021 08:59;19.6;0.4; 0.24 ; 5.25 ;6.359364287;14.5913242;;;;;
04.06.2021 09:59;20.9;0; -   ; 5.25 ;0;14.5913242;;;;;
04.06.2021 10:59;21;0; -   ; 5.25 ;0;14.5913242;;;;;
04.06.2021 11:59;20.1;0; -   ; 5.25 ;0;14.5913242;;;;;
04.06.2021 12:59;20.7;0; -   ; 5.25 ;0;14.5913242;;;;;
04.06.2021 13:59;20.2;0; -   ; 5.25 ;0;14.5913242;;;;;
04.06.2021 14:59;19.4;0.6; 0.36 ; 5.25 ;9.53904643;14.5913242;;;;;
04.06.2021 15:59;18.5;1.5; 0.90 ; 5.25 ;23.84761607;14.5913242;;;;;
04.06.2021 16:59;17.7;2.3; 1.38 ; 5.25 ;36.56634465;14.5913242;;;;;
04.06.2021 17:59;16.9;3.1; 1.87 ; 5.25 ;49.28507322;14.5913242;;;;;
04.06.2021 18:59;16.5;3.5; 2.11 ; 5.25 ;55.64443751;14.5913242;;;;;
04.06.2021 19:59;16;4; 2.41 ; 5.25 ;63.59364287;14.5913242;;;;;
04.06.2021 20:59;15;5; 3.01 ; 5.25 ;79.49205358;14.5913242;;;;;
04.06.2021 21:59;13.6;6.4; 3.85 ; 5.25 ;101.7498286;14.5913242;;;;;
04.06.2021 22:59;13.4;6.6; 3.97 ; 5.25 ;104.9295107;14.5913242;;;;;
04.06.2021 23:59;12.2;7.8; 4.70 ; 5.25 ;124.0076036;14.5913242;;;;;
05.06.2021 00:59;10.9;9.1; 5.48 ; 5.25 ;144.6755375;14.5913242;;;;;
05.06.2021 01:59;10.2;9.8; 5.90 ; 5.25 ;155.804425;14.5913242;;;;;
05.06.2021 02:59;9.7;10.3; 6.20 ; 5.25 ;163.7536304;14.5913242;;;;;
05.06.2021 03:59;9.6;10.4; 6.26 ; 5.25 ;165.3434715;14.5913242;;;;;
05.06.2021 04:59;10.2;9.8; 5.90 ; 5.25 ;155.804425;14.5913242;;;;;
05.06.2021 05:59;11.2;8.8; 5.30 ; 5.25 ;139.9060143;14.5913242;;;;;
05.06.2021 06:59;12.6;7.4; 4.46 ; 5.25 ;117.6482393;14.5913242;;;;;
05.06.2021 07:59;14;6; 3.61 ; 5.25 ;95.3904643;14.5913242;;;;;
05.06.2021 08:59;15.5;4.5; 2.71 ; 5.25 ;71.54284822;14.5913242;;;;;
05.06.2021 09:59;17.2;2.8; 1.69 ; 5.25 ;44.51555001;14.5913242;;;;;
05.06.2021 10:59;18.9;1.1; 0.66 ; 5.25 ;17.48825179;14.5913242;;;;;
05.06.2021 11:59;19.7;0.3; 0.18 ; 5.25 ;4.769523215;14.5913242;;;;;
05.06.2021 12:59;20.3;0; -   ; 5.25 ;0;14.5913242;;;;;
05.06.2021 13:59;20.5;0; -   ; 5.25 ;0;14.5913242;;;;;
05.06.2021 14:59;20.5;0; -   ; 5.25 ;0;14.5913242;;;;;
05.06.2021 15:59;20;0; -   ; 5.25 ;0;14.5913242;;;;;
05.06.2021 16:59;19.2;0.8; 0.48 ; 5.25 ;12.71872857;14.5913242;;;;;
05.06.2021 17:59;18.2;1.8; 1.08 ; 5.25 ;28.61713929;14.5913242;;;;;
05.06.2021 18:59;17.1;2.9; 1.75 ; 5.25 ;46.10539108;14.5913242;;;;;
05.06.2021 19:59;15.9;4.1; 2.47 ; 5.25 ;65.18348394;14.5913242;;;;;
05.06.2021 20:59;14.3;5.7; 3.43 ; 5.25 ;90.62094108;14.5913242;;;;;
05.06.2021 21:59;13.1;6.9; 4.15 ; 5.25 ;109.6990339;14.5913242;;;;;
05.06.2021 22:59;11.7;8.3; 5.00 ; 5.25 ;131.9568089;14.5913242;;;;;
05.06.2021 23:59;11;9; 5.42 ; 5.25 ;143.0856964;14.5913242;;;;;
06.06.2021 00:59;10.1;9.9; 5.96 ; 5.25 ;157.3942661;14.5913242;;;;;
06.06.2021 01:59;9.7;10.3; 6.20 ; 5.25 ;163.7536304;14.5913242;;;;;
06.06.2021 02:59;9.3;10.7; 6.44 ; 5.25 ;170.1129947;14.5913242;;;;;
06.06.2021 03:59;9.3;10.7; 6.44 ; 5.25 ;170.1129947;14.5913242;;;;;
06.06.2021 04:59;10.2;9.8; 5.90 ; 5.25 ;155.804425;14.5913242;;;;;
06.06.2021 05:59;11.6;8.4; 5.06 ; 5.25 ;133.54665;14.5913242;;;;;
06.06.2021 06:59;13.2;6.8; 4.09 ; 5.25 ;108.1091929;14.5913242;;;;;
06.06.2021 07:59;15;5; 3.01 ; 5.25 ;79.49205358;14.5913242;;;;;
06.06.2021 08:59;16.8;3.2; 1.93 ; 5.25 ;50.87491429;14.5913242;;;;;
06.06.2021 09:59;18.2;1.8; 1.08 ; 5.25 ;28.61713929;14.5913242;;;;;
06.06.2021 10:59;19.4;0.6; 0.36 ; 5.25 ;9.53904643;14.5913242;;;;;
06.06.2021 11:59;20.4;0; -   ; 5.25 ;0;14.5913242;;;;;
06.06.2021 12:59;21;0; -   ; 5.25 ;0;14.5913242;;;;;
06.06.2021 13:59;21.3;0; -   ; 5.25 ;0;14.5913242;;;;;
06.06.2021 14:59;21.2;0; -   ; 5.25 ;0;14.5913242;;;;;
06.06.2021 15:59;20.9;0; -   ; 5.25 ;0;14.5913242;;;;;
06.06.2021 16:59;20.1;0; -   ; 5.25 ;0;14.5913242;;;;;
06.06.2021 17:59;19;1; 0.60 ; 5.25 ;15.89841072;14.5913242;;;;;
06.06.2021 18:59;17.7;2.3; 1.38 ; 5.25 ;36.56634465;14.5913242;;;;;
06.06.2021 19:59;16.5;3.5; 2.11 ; 5.25 ;55.64443751;14.5913242;;;;;
06.06.2021 20:59;15;5; 3.01 ; 5.25 ;79.49205358;14.5913242;;;;;
06.06.2021 21:59;13.7;6.3; 3.79 ; 5.25 ;100.1599875;14.5913242;;;;;
06.06.2021 22:59;12.3;7.7; 4.64 ; 5.25 ;122.4177625;14.5913242;;;;;
06.06.2021 23:59;11.6;8.4; 5.06 ; 5.25 ;133.54665;14.5913242;;;;;
07.06.2021 00:59;10.8;9.2; 5.54 ; 5.25 ;146.2653786;14.5913242;;;;;
07.06.2021 01:59;10.4;9.6; 5.78 ; 5.25 ;152.6247429;14.5913242;;;;;
07.06.2021 02:59;10.1;9.9; 5.96 ; 5.25 ;157.3942661;14.5913242;;;;;
07.06.2021 03:59;10.1;9.9; 5.96 ; 5.25 ;157.3942661;14.5913242;;;;;
07.06.2021 04:59;10.3;9.7; 5.84 ; 5.25 ;154.2145839;14.5913242;;;;;
07.06.2021 05:59;10.6;9.4; 5.66 ; 5.25 ;149.4450607;14.5913242;;;;;
07.06.2021 06:59;11.2;8.8; 5.30 ; 5.25 ;139.9060143;14.5913242;;;;;
07.06.2021 07:59;12.4;7.6; 4.58 ; 5.25 ;120.8279214;14.5913242;;;;;
07.06.2021 08:59;13.2;6.8; 4.09 ; 5.25 ;108.1091929;14.5913242;;;;;
07.06.2021 09:59;14;6; 3.61 ; 5.25 ;95.3904643;14.5913242;;;;;
07.06.2021 10:59;14.6;5.4; 3.25 ; 5.25 ;85.85141787;14.5913242;;;;;
07.06.2021 11:59;15.2;4.8; 2.89 ; 5.25 ;76.31237144;14.5913242;;;;;
07.06.2021 12:59;16.3;3.7; 2.23 ; 5.25 ;58.82411965;14.5913242;;;;;
07.06.2021 13:59;17;3; 1.81 ; 5.25 ;47.69523215;14.5913242;;;;;
07.06.2021 14:59;16.9;3.1; 1.87 ; 5.25 ;49.28507322;14.5913242;;;;;
07.06.2021 15:59;16.8;3.2; 1.93 ; 5.25 ;50.87491429;14.5913242;;;;;
07.06.2021 16:59;15.9;4.1; 2.47 ; 5.25 ;65.18348394;14.5913242;;;;;
07.06.2021 17:59;15.2;4.8; 2.89 ; 5.25 ;76.31237144;14.5913242;;;;;
07.06.2021 18:59;14.5;5.5; 3.31 ; 5.25 ;87.44125894;14.5913242;;;;;
07.06.2021 19:59;13.9;6.1; 3.67 ; 5.25 ;96.98030537;14.5913242;;;;;
07.06.2021 20:59;13.3;6.7; 4.03 ; 5.25 ;106.5193518;14.5913242;;;;;
07.06.2021 21:59;12.7;7.3; 4.39 ; 5.25 ;116.0583982;14.5913242;;;;;
07.06.2021 22:59;12;8; 4.82 ; 5.25 ;127.1872857;14.5913242;;;;;
07.06.2021 23:59;11.6;8.4; 5.06 ; 5.25 ;133.54665;14.5913242;;;;;
08.06.2021 00:59;11.1;8.9; 5.36 ; 5.25 ;141.4958554;14.5913242;;;;;
08.06.2021 01:59;10.8;9.2; 5.54 ; 5.25 ;146.2653786;14.5913242;;;;;
08.06.2021 02:59;10.6;9.4; 5.66 ; 5.25 ;149.4450607;14.5913242;;;;;
08.06.2021 03:59;10.6;9.4; 5.66 ; 5.25 ;149.4450607;14.5913242;;;;;
08.06.2021 04:59;11.7;8.3; 5.00 ; 5.25 ;131.9568089;14.5913242;;;;;
08.06.2021 05:59;13.2;6.8; 4.09 ; 5.25 ;108.1091929;14.5913242;;;;;
08.06.2021 06:59;14.8;5.2; 3.13 ; 5.25 ;82.67173573;14.5913242;;;;;
08.06.2021 07:59;16.8;3.2; 1.93 ; 5.25 ;50.87491429;14.5913242;;;;;
08.06.2021 08:59;18.6;1.4; 0.84 ; 5.25 ;22.257775;14.5913242;;;;;
08.06.2021 09:59;20.3;0; -   ; 5.25 ;0;14.5913242;;;;;
08.06.2021 10:59;22;0; -   ; 5.25 ;0;14.5913242;;;;;
08.06.2021 11:59;23.2;0; -   ; 5.25 ;0;14.5913242;;;;;
08.06.2021 12:59;24.1;0; -   ; 5.25 ;0;14.5913242;;;;;
08.06.2021 13:59;24.6;0; -   ; 5.25 ;0;14.5913242;;;;;
08.06.2021 14:59;24.8;0; -   ; 5.25 ;0;14.5913242;;;;;
08.06.2021 15:59;24.6;0; -   ; 5.25 ;0;14.5913242;;;;;
08.06.2021 16:59;24;0; -   ; 5.25 ;0;14.5913242;;;;;
08.06.2021 17:59;22.9;0; -   ; 5.25 ;0;14.5913242;;;;;
08.06.2021 18:59;21.5;0; -   ; 5.25 ;0;14.5913242;;;;;
08.06.2021 19:59;20;0; -   ; 5.25 ;0;14.5913242;;;;;
08.06.2021 20:59;18.1;1.9; 1.14 ; 5.25 ;30.20698036;14.5913242;;;;;
08.06.2021 21:59;16.3;3.7; 2.23 ; 5.25 ;58.82411965;14.5913242;;;;;
08.06.2021 22:59;14.4;5.6; 3.37 ; 5.25 ;89.03110001;14.5913242;;;;;
08.06.2021 23:59;13.2;6.8; 4.09 ; 5.25 ;108.1091929;14.5913242;;;;;
09.06.2021 00:59;11.9;8.1; 4.88 ; 5.25 ;128.7771268;14.5913242;;;;;
09.06.2021 01:59;11.1;8.9; 5.36 ; 5.25 ;141.4958554;14.5913242;;;;;
09.06.2021 02:59;10.6;9.4; 5.66 ; 5.25 ;149.4450607;14.5913242;;;;;
09.06.2021 03:59;10.5;9.5; 5.72 ; 5.25 ;151.0349018;14.5913242;;;;;
09.06.2021 04:59;11.4;8.6; 5.18 ; 5.25 ;136.7263322;14.5913242;;;;;
09.06.2021 05:59;12.8;7.2; 4.33 ; 5.25 ;114.4685572;14.5913242;;;;;
09.06.2021 06:59;14.4;5.6; 3.37 ; 5.25 ;89.03110001;14.5913242;;;;;
09.06.2021 07:59;16.3;3.7; 2.23 ; 5.25 ;58.82411965;14.5913242;;;;;
09.06.2021 08:59;18.2;1.8; 1.08 ; 5.25 ;28.61713929;14.5913242;;;;;
09.06.2021 09:59;19.9;0.1; 0.06 ; 5.25 ;1.589841072;14.5913242;;;;;
09.06.2021 10:59;21.4;0; -   ; 5.25 ;0;14.5913242;;;;;
09.06.2021 11:59;22.6;0; -   ; 5.25 ;0;14.5913242;;;;;
09.06.2021 12:59;23.4;0; -   ; 5.25 ;0;14.5913242;;;;;
09.06.2021 13:59;23.9;0; -   ; 5.25 ;0;14.5913242;;;;;
09.06.2021 14:59;24.1;0; -   ; 5.25 ;0;14.5913242;;;;;
09.06.2021 15:59;23.8;0; -   ; 5.25 ;0;14.5913242;;;;;
09.06.2021 16:59;23;0; -   ; 5.25 ;0;14.5913242;;;;;
09.06.2021 17:59;21.9;0; -   ; 5.25 ;0;14.5913242;;;;;
09.06.2021 18:59;20.4;0; -   ; 5.25 ;0;14.5913242;;;;;
09.06.2021 19:59;18.9;1.1; 0.66 ; 5.25 ;17.48825179;14.5913242;;;;;
09.06.2021 20:59;17.3;2.7; 1.63 ; 5.25 ;42.92570893;14.5913242;;;;;
09.06.2021 21:59;15.8;4.2; 2.53 ; 5.25 ;66.77332501;14.5913242;;;;;
09.06.2021 22:59;14.2;5.8; 3.49 ; 5.25 ;92.21078215;14.5913242;;;;;
09.06.2021 23:59;13.6;6.4; 3.85 ; 5.25 ;101.7498286;14.5913242;;;;;
10.06.2021 00:59;12.9;7.1; 4.27 ; 5.25 ;112.8787161;14.5913242;;;;;
10.06.2021 01:59;12.5;7.5; 4.52 ; 5.25 ;119.2380804;14.5913242;;;;;
10.06.2021 02:59;12.2;7.8; 4.70 ; 5.25 ;124.0076036;14.5913242;;;;;
10.06.2021 03:59;12.2;7.8; 4.70 ; 5.25 ;124.0076036;14.5913242;;;;;
10.06.2021 04:59;12.9;7.1; 4.27 ; 5.25 ;112.8787161;14.5913242;;;;;
10.06.2021 05:59;13.6;6.4; 3.85 ; 5.25 ;101.7498286;14.5913242;;;;;
10.06.2021 06:59;14.8;5.2; 3.13 ; 5.25 ;82.67173573;14.5913242;;;;;
10.06.2021 07:59;15.9;4.1; 2.47 ; 5.25 ;65.18348394;14.5913242;;;;;
10.06.2021 08:59;17.3;2.7; 1.63 ; 5.25 ;42.92570893;14.5913242;;;;;
10.06.2021 09:59;18.4;1.6; 0.96 ; 5.25 ;25.43745715;14.5913242;;;;;
10.06.2021 10:59;18.9;1.1; 0.66 ; 5.25 ;17.48825179;14.5913242;;;;;
10.06.2021 11:59;19.5;0.5; 0.30 ; 5.25 ;7.949205358;14.5913242;;;;;
10.06.2021 12:59;19.6;0.4; 0.24 ; 5.25 ;6.359364287;14.5913242;;;;;
10.06.2021 13:59;19.9;0.1; 0.06 ; 5.25 ;1.589841072;14.5913242;;;;;
10.06.2021 14:59;20.2;0; -   ; 5.25 ;0;14.5913242;;;;;
10.06.2021 15:59;20.3;0; -   ; 5.25 ;0;14.5913242;;;;;
10.06.2021 16:59;19.8;0.2; 0.12 ; 5.25 ;3.179682143;14.5913242;;;;;
10.06.2021 17:59;19.3;0.7; 0.42 ; 5.25 ;11.1288875;14.5913242;;;;;
10.06.2021 18:59;18.4;1.6; 0.96 ; 5.25 ;25.43745715;14.5913242;;;;;
10.06.2021 19:59;17.5;2.5; 1.51 ; 5.25 ;39.74602679;14.5913242;;;;;
10.06.2021 20:59;16.7;3.3; 1.99 ; 5.25 ;52.46475536;14.5913242;;;;;
10.06.2021 21:59;15.9;4.1; 2.47 ; 5.25 ;65.18348394;14.5913242;;;;;
10.06.2021 22:59;15.1;4.9; 2.95 ; 5.25 ;77.90221251;14.5913242;;;;;
10.06.2021 23:59;14.9;5.1; 3.07 ; 5.25 ;81.08189465;14.5913242;;;;;
11.06.2021 00:59;14.6;5.4; 3.25 ; 5.25 ;85.85141787;14.5913242;;;;;
11.06.2021 01:59;14.4;5.6; 3.37 ; 5.25 ;89.03110001;14.5913242;;;;;
11.06.2021 02:59;14.3;5.7; 3.43 ; 5.25 ;90.62094108;14.5913242;;;;;
11.06.2021 03:59;14.3;5.7; 3.43 ; 5.25 ;90.62094108;14.5913242;;;;;
11.06.2021 04:59;15.4;4.6; 2.77 ; 5.25 ;73.1326893;14.5913242;;;;;
11.06.2021 05:59;17.2;2.8; 1.69 ; 5.25 ;44.51555001;14.5913242;;;;;
11.06.2021 06:59;19.1;0.9; 0.54 ; 5.25 ;14.30856964;14.5913242;;;;;
11.06.2021 07:59;21.3;0; -   ; 5.25 ;0;14.5913242;;;;;
11.06.2021 08:59;23.4;0; -   ; 5.25 ;0;14.5913242;;;;;
11.06.2021 09:59;25.4;0; -   ; 5.25 ;0;14.5913242;;;;;
11.06.2021 10:59;27;0; -   ; 5.25 ;0;14.5913242;;;;;
11.06.2021 11:59;28.4;0; -   ; 5.25 ;0;14.5913242;;;;;
11.06.2021 12:59;29.3;0; -   ; 5.25 ;0;14.5913242;;;;;
11.06.2021 13:59;29.9;0; -   ; 5.25 ;0;14.5913242;;;;;
11.06.2021 14:59;30.1;0; -   ; 5.25 ;0;14.5913242;;;;;
11.06.2021 15:59;29.9;0; -   ; 5.25 ;0;14.5913242;;;;;
11.06.2021 16:59;29.2;0; -   ; 5.25 ;0;14.5913242;;;;;
11.06.2021 17:59;28;0; -   ; 5.25 ;0;14.5913242;;;;;
11.06.2021 18:59;26.5;0; -   ; 5.25 ;0;14.5913242;;;;;
11.06.2021 19:59;25;0; -   ; 5.25 ;0;14.5913242;;;;;
11.06.2021 20:59;23.1;0; -   ; 5.25 ;0;14.5913242;;;;;
11.06.2021 21:59;21.3;0; -   ; 5.25 ;0;14.5913242;;;;;
11.06.2021 22:59;19.4;0.6; 0.36 ; 5.25 ;9.53904643;14.5913242;;;;;
11.06.2021 23:59;17.9;2.1; 1.26 ; 5.25 ;33.3866625;14.5913242;;;;;
12.06.2021 00:59;16.3;3.7; 2.23 ; 5.25 ;58.82411965;14.5913242;;;;;
12.06.2021 01:59;15.4;4.6; 2.77 ; 5.25 ;73.1326893;14.5913242;;;;;
12.06.2021 02:59;14.8;5.2; 3.13 ; 5.25 ;82.67173573;14.5913242;;;;;
12.06.2021 03:59;14.7;5.3; 3.19 ; 5.25 ;84.2615768;14.5913242;;;;;
12.06.2021 04:59;15.8;4.2; 2.53 ; 5.25 ;66.77332501;14.5913242;;;;;
12.06.2021 05:59;16.8;3.2; 1.93 ; 5.25 ;50.87491429;14.5913242;;;;;
12.06.2021 06:59;18.5;1.5; 0.90 ; 5.25 ;23.84761607;14.5913242;;;;;
12.06.2021 07:59;18.4;1.6; 0.96 ; 5.25 ;25.43745715;14.5913242;;;;;
12.06.2021 08:59;19.4;0.6; 0.36 ; 5.25 ;9.53904643;14.5913242;;;;;
12.06.2021 09:59;20.4;0; -   ; 5.25 ;0;14.5913242;;;;;
12.06.2021 10:59;20;0; -   ; 5.25 ;0;14.5913242;;;;;
12.06.2021 11:59;19.5;0.5; 0.30 ; 5.25 ;7.949205358;14.5913242;;;;;
12.06.2021 12:59;19.9;0.1; 0.06 ; 5.25 ;1.589841072;14.5913242;;;;;
12.06.2021 13:59;20.1;0; -   ; 5.25 ;0;14.5913242;;;;;
12.06.2021 14:59;20.1;0; -   ; 5.25 ;0;14.5913242;;;;;
12.06.2021 15:59;20.1;0; -   ; 5.25 ;0;14.5913242;;;;;
12.06.2021 16:59;20;0; -   ; 5.25 ;0;14.5913242;;;;;
12.06.2021 17:59;19.6;0.4; 0.24 ; 5.25 ;6.359364287;14.5913242;;;;;
12.06.2021 18:59;18.9;1.1; 0.66 ; 5.25 ;17.48825179;14.5913242;;;;;
12.06.2021 19:59;18.1;1.9; 1.14 ; 5.25 ;30.20698036;14.5913242;;;;;
12.06.2021 20:59;16;4; 2.41 ; 5.25 ;63.59364287;14.5913242;;;;;
12.06.2021 21:59;13.9;6.1; 3.67 ; 5.25 ;96.98030537;14.5913242;;;;;
12.06.2021 22:59;12;8; 4.82 ; 5.25 ;127.1872857;14.5913242;;;;;
12.06.2021 23:59;10.8;9.2; 5.54 ; 5.25 ;146.2653786;14.5913242;;;;;
13.06.2021 00:59;9.5;10.5; 6.32 ; 5.25 ;166.9333125;14.5913242;;;;;
13.06.2021 01:59;8.7;11.3; 6.80 ; 5.25 ;179.6520411;14.5913242;;;;;
13.06.2021 02:59;8.2;11.8; 7.10 ; 5.25 ;187.6012465;14.5913242;;;;;
13.06.2021 03:59;8.2;11.8; 7.10 ; 5.25 ;187.6012465;14.5913242;;;;;
13.06.2021 04:59;9.1;10.9; 6.56 ; 5.25 ;173.2926768;14.5913242;;;;;
13.06.2021 05:59;10.5;9.5; 5.72 ; 5.25 ;151.0349018;14.5913242;;;;;
13.06.2021 06:59;12.1;7.9; 4.76 ; 5.25 ;125.5974447;14.5913242;;;;;
13.06.2021 07:59;13.8;6.2; 3.73 ; 5.25 ;98.57014644;14.5913242;;;;;
13.06.2021 08:59;15.4;4.6; 2.77 ; 5.25 ;73.1326893;14.5913242;;;;;
13.06.2021 09:59;17.1;2.9; 1.75 ; 5.25 ;46.10539108;14.5913242;;;;;
13.06.2021 10:59;18.5;1.5; 0.90 ; 5.25 ;23.84761607;14.5913242;;;;;
13.06.2021 11:59;19.6;0.4; 0.24 ; 5.25 ;6.359364287;14.5913242;;;;;
13.06.2021 12:59;20.3;0; -   ; 5.25 ;0;14.5913242;;;;;
13.06.2021 13:59;20.8;0; -   ; 5.25 ;0;14.5913242;;;;;
13.06.2021 14:59;20.9;0; -   ; 5.25 ;0;14.5913242;;;;;
13.06.2021 15:59;20.6;0; -   ; 5.25 ;0;14.5913242;;;;;
13.06.2021 16:59;19.9;0.1; 0.06 ; 5.25 ;1.589841072;14.5913242;;;;;
13.06.2021 17:59;18.7;1.3; 0.78 ; 5.25 ;20.66793393;14.5913242;;;;;
13.06.2021 18:59;17.3;2.7; 1.63 ; 5.25 ;42.92570893;14.5913242;;;;;
13.06.2021 19:59;15.9;4.1; 2.47 ; 5.25 ;65.18348394;14.5913242;;;;;
13.06.2021 20:59;14.3;5.7; 3.43 ; 5.25 ;90.62094108;14.5913242;;;;;
13.06.2021 21:59;12.9;7.1; 4.27 ; 5.25 ;112.8787161;14.5913242;;;;;
13.06.2021 22:59;11.4;8.6; 5.18 ; 5.25 ;136.7263322;14.5913242;;;;;
13.06.2021 23:59;10.7;9.3; 5.60 ; 5.25 ;147.8552197;14.5913242;;;;;
14.06.2021 00:59;9.9;10.1; 6.08 ; 5.25 ;160.5739482;14.5913242;;;;;
14.06.2021 01:59;9.5;10.5; 6.32 ; 5.25 ;166.9333125;14.5913242;;;;;
14.06.2021 02:59;9.2;10.8; 6.50 ; 5.25 ;171.7028357;14.5913242;;;;;
14.06.2021 03:59;9.3;10.7; 6.44 ; 5.25 ;170.1129947;14.5913242;;;;;
14.06.2021 04:59;10.4;9.6; 5.78 ; 5.25 ;152.6247429;14.5913242;;;;;
14.06.2021 05:59;11.2;8.8; 5.30 ; 5.25 ;139.9060143;14.5913242;;;;;
14.06.2021 06:59;11.9;8.1; 4.88 ; 5.25 ;128.7771268;14.5913242;;;;;
14.06.2021 07:59;13.8;6.2; 3.73 ; 5.25 ;98.57014644;14.5913242;;;;;
14.06.2021 08:59;15.5;4.5; 2.71 ; 5.25 ;71.54284822;14.5913242;;;;;
14.06.2021 09:59;16.4;3.6; 2.17 ; 5.25 ;57.23427858;14.5913242;;;;;
14.06.2021 10:59;15.6;4.4; 2.65 ; 5.25 ;69.95300715;14.5913242;;;;;
14.06.2021 11:59;15.5;4.5; 2.71 ; 5.25 ;71.54284822;14.5913242;;;;;
14.06.2021 12:59;14.4;5.6; 3.37 ; 5.25 ;89.03110001;14.5913242;;;;;
14.06.2021 13:59;14.1;5.9; 3.55 ; 5.25 ;93.80062323;14.5913242;;;;;
14.06.2021 14:59;15.3;4.7; 2.83 ; 5.25 ;74.72253037;14.5913242;;;;;
14.06.2021 15:59;15;5; 3.01 ; 5.25 ;79.49205358;14.5913242;;;;;
14.06.2021 16:59;14.6;5.4; 3.25 ; 5.25 ;85.85141787;14.5913242;;;;;
14.06.2021 17:59;13.9;6.1; 3.67 ; 5.25 ;96.98030537;14.5913242;;;;;
14.06.2021 18:59;13.3;6.7; 4.03 ; 5.25 ;106.5193518;14.5913242;;;;;
14.06.2021 19:59;12.6;7.4; 4.46 ; 5.25 ;117.6482393;14.5913242;;;;;
14.06.2021 20:59;12;8; 4.82 ; 5.25 ;127.1872857;14.5913242;;;;;
14.06.2021 21:59;11.4;8.6; 5.18 ; 5.25 ;136.7263322;14.5913242;;;;;
14.06.2021 22:59;10.8;9.2; 5.54 ; 5.25 ;146.2653786;14.5913242;;;;;
14.06.2021 23:59;10.6;9.4; 5.66 ; 5.25 ;149.4450607;14.5913242;;;;;
15.06.2021 00:59;10.4;9.6; 5.78 ; 5.25 ;152.6247429;14.5913242;;;;;
15.06.2021 01:59;10.2;9.8; 5.90 ; 5.25 ;155.804425;14.5913242;;;;;
15.06.2021 02:59;10.1;9.9; 5.96 ; 5.25 ;157.3942661;14.5913242;;;;;
15.06.2021 03:59;10.1;9.9; 5.96 ; 5.25 ;157.3942661;14.5913242;;;;;
15.06.2021 04:59;10.8;9.2; 5.54 ; 5.25 ;146.2653786;14.5913242;;;;;
15.06.2021 05:59;11.8;8.2; 4.94 ; 5.25 ;130.3669679;14.5913242;;;;;
15.06.2021 06:59;13;7; 4.21 ; 5.25 ;111.288875;14.5913242;;;;;
15.06.2021 07:59;14.2;5.8; 3.49 ; 5.25 ;92.21078215;14.5913242;;;;;
15.06.2021 08:59;15.5;4.5; 2.71 ; 5.25 ;71.54284822;14.5913242;;;;;
15.06.2021 09:59;17.2;2.8; 1.69 ; 5.25 ;44.51555001;14.5913242;;;;;
15.06.2021 10:59;18.5;1.5; 0.90 ; 5.25 ;23.84761607;14.5913242;;;;;
15.06.2021 11:59;19.7;0.3; 0.18 ; 5.25 ;4.769523215;14.5913242;;;;;
15.06.2021 12:59;20.5;0; -   ; 5.25 ;0;14.5913242;;;;;
15.06.2021 13:59;21;0; -   ; 5.25 ;0;14.5913242;;;;;
15.06.2021 14:59;21.2;0; -   ; 5.25 ;0;14.5913242;;;;;
15.06.2021 15:59;20.9;0; -   ; 5.25 ;0;14.5913242;;;;;
15.06.2021 16:59;20.3;0; -   ; 5.25 ;0;14.5913242;;;;;
15.06.2021 17:59;19.5;0.5; 0.30 ; 5.25 ;7.949205358;14.5913242;;;;;
15.06.2021 18:59;18.5;1.5; 0.90 ; 5.25 ;23.84761607;14.5913242;;;;;
15.06.2021 19:59;17.3;2.7; 1.63 ; 5.25 ;42.92570893;14.5913242;;;;;
15.06.2021 20:59;17.1;2.9; 1.75 ; 5.25 ;46.10539108;14.5913242;;;;;
15.06.2021 21:59;16.8;3.2; 1.93 ; 5.25 ;50.87491429;14.5913242;;;;;
15.06.2021 22:59;16.5;3.5; 2.11 ; 5.25 ;55.64443751;14.5913242;;;;;
15.06.2021 23:59;16.6;3.4; 2.05 ; 5.25 ;54.05459644;14.5913242;;;;;
16.06.2021 00:59;16.6;3.4; 2.05 ; 5.25 ;54.05459644;14.5913242;;;;;
16.06.2021 01:59;16.4;3.6; 2.17 ; 5.25 ;57.23427858;14.5913242;;;;;
16.06.2021 02:59;16.6;3.4; 2.05 ; 5.25 ;54.05459644;14.5913242;;;;;
16.06.2021 03:59;16.8;3.2; 1.93 ; 5.25 ;50.87491429;14.5913242;;;;;
16.06.2021 04:59;16.8;3.2; 1.93 ; 5.25 ;50.87491429;14.5913242;;;;;
16.06.2021 05:59;16.9;3.1; 1.87 ; 5.25 ;49.28507322;14.5913242;;;;;
16.06.2021 06:59;17.5;2.5; 1.51 ; 5.25 ;39.74602679;14.5913242;;;;;
16.06.2021 07:59;18;2; 1.20 ; 5.25 ;31.79682143;14.5913242;;;;;
16.06.2021 08:59;18.3;1.7; 1.02 ; 5.25 ;27.02729822;14.5913242;;;;;
16.06.2021 09:59;18.7;1.3; 0.78 ; 5.25 ;20.66793393;14.5913242;;;;;
16.06.2021 10:59;19.2;0.8; 0.48 ; 5.25 ;12.71872857;14.5913242;;;;;
16.06.2021 11:59;19.4;0.6; 0.36 ; 5.25 ;9.53904643;14.5913242;;;;;
16.06.2021 12:59;19.6;0.4; 0.24 ; 5.25 ;6.359364287;14.5913242;;;;;
16.06.2021 13:59;19.7;0.3; 0.18 ; 5.25 ;4.769523215;14.5913242;;;;;
16.06.2021 14:59;19.7;0.3; 0.18 ; 5.25 ;4.769523215;14.5913242;;;;;
16.06.2021 15:59;19.7;0.3; 0.18 ; 5.25 ;4.769523215;14.5913242;;;;;
16.06.2021 16:59;19.6;0.4; 0.24 ; 5.25 ;6.359364287;14.5913242;;;;;
16.06.2021 17:59;19.4;0.6; 0.36 ; 5.25 ;9.53904643;14.5913242;;;;;
16.06.2021 18:59;19;1; 0.60 ; 5.25 ;15.89841072;14.5913242;;;;;
16.06.2021 19:59;17.6;2.4; 1.44 ; 5.25 ;38.15618572;14.5913242;;;;;
16.06.2021 20:59;16.6;3.4; 2.05 ; 5.25 ;54.05459644;14.5913242;;;;;
16.06.2021 21:59;17.7;2.3; 1.38 ; 5.25 ;36.56634465;14.5913242;;;;;
16.06.2021 22:59;17.2;2.8; 1.69 ; 5.25 ;44.51555001;14.5913242;;;;;
16.06.2021 23:59;17.5;2.5; 1.51 ; 5.25 ;39.74602679;14.5913242;;;;;
17.06.2021 00:59;17.1;2.9; 1.75 ; 5.25 ;46.10539108;14.5913242;;;;;
17.06.2021 01:59;17.2;2.8; 1.69 ; 5.25 ;44.51555001;14.5913242;;;;;
17.06.2021 02:59;17.3;2.7; 1.63 ; 5.25 ;42.92570893;14.5913242;;;;;
17.06.2021 03:59;17.3;2.7; 1.63 ; 5.25 ;42.92570893;14.5913242;;;;;
17.06.2021 04:59;17.7;2.3; 1.38 ; 5.25 ;36.56634465;14.5913242;;;;;
17.06.2021 05:59;18.3;1.7; 1.02 ; 5.25 ;27.02729822;14.5913242;;;;;
17.06.2021 06:59;19.1;0.9; 0.54 ; 5.25 ;14.30856964;14.5913242;;;;;
17.06.2021 07:59;19.9;0.1; 0.06 ; 5.25 ;1.589841072;14.5913242;;;;;
17.06.2021 08:59;20.3;0; -   ; 5.25 ;0;14.5913242;;;;;
17.06.2021 09:59;20.9;0; -   ; 5.25 ;0;14.5913242;;;;;
17.06.2021 10:59;21.4;0; -   ; 5.25 ;0;14.5913242;;;;;
17.06.2021 11:59;21.9;0; -   ; 5.25 ;0;14.5913242;;;;;
17.06.2021 12:59;22;0; -   ; 5.25 ;0;14.5913242;;;;;
17.06.2021 13:59;21.6;0; -   ; 5.25 ;0;14.5913242;;;;;
17.06.2021 14:59;21.9;0; -   ; 5.25 ;0;14.5913242;;;;;
17.06.2021 15:59;21.8;0; -   ; 5.25 ;0;14.5913242;;;;;
17.06.2021 16:59;21.6;0; -   ; 5.25 ;0;14.5913242;;;;;
17.06.2021 17:59;21.3;0; -   ; 5.25 ;0;14.5913242;;;;;
17.06.2021 18:59;19.4;0.6; 0.36 ; 5.25 ;9.53904643;14.5913242;;;;;
17.06.2021 19:59;20.3;0; -   ; 5.25 ;0;14.5913242;;;;;
17.06.2021 20:59;18.5;1.5; 0.90 ; 5.25 ;23.84761607;14.5913242;;;;;
17.06.2021 21:59;17.9;2.1; 1.26 ; 5.25 ;33.3866625;14.5913242;;;;;
17.06.2021 22:59;16.5;3.5; 2.11 ; 5.25 ;55.64443751;14.5913242;;;;;
17.06.2021 23:59;14.7;5.3; 3.19 ; 5.25 ;84.2615768;14.5913242;;;;;
18.06.2021 00:59;12.9;7.1; 4.27 ; 5.25 ;112.8787161;14.5913242;;;;;
18.06.2021 01:59;12.4;7.6; 4.58 ; 5.25 ;120.8279214;14.5913242;;;;;
18.06.2021 02:59;10.7;9.3; 5.60 ; 5.25 ;147.8552197;14.5913242;;;;;
18.06.2021 03:59;11.8;8.2; 4.94 ; 5.25 ;130.3669679;14.5913242;;;;;
18.06.2021 04:59;12.4;7.6; 4.58 ; 5.25 ;120.8279214;14.5913242;;;;;
18.06.2021 05:59;12.6;7.4; 4.46 ; 5.25 ;117.6482393;14.5913242;;;;;
18.06.2021 06:59;13;7; 4.21 ; 5.25 ;111.288875;14.5913242;;;;;
18.06.2021 07:59;13.2;6.8; 4.09 ; 5.25 ;108.1091929;14.5913242;;;;;
18.06.2021 08:59;13.9;6.1; 3.67 ; 5.25 ;96.98030537;14.5913242;;;;;
18.06.2021 09:59;14.3;5.7; 3.43 ; 5.25 ;90.62094108;14.5913242;;;;;
18.06.2021 10:59;15;5; 3.01 ; 5.25 ;79.49205358;14.5913242;;;;;
18.06.2021 11:59;15.9;4.1; 2.47 ; 5.25 ;65.18348394;14.5913242;;;;;
18.06.2021 12:59;15.8;4.2; 2.53 ; 5.25 ;66.77332501;14.5913242;;;;;
18.06.2021 13:59;15.8;4.2; 2.53 ; 5.25 ;66.77332501;14.5913242;;;;;
18.06.2021 14:59;15.8;4.2; 2.53 ; 5.25 ;66.77332501;14.5913242;;;;;
18.06.2021 15:59;15.6;4.4; 2.65 ; 5.25 ;69.95300715;14.5913242;;;;;
18.06.2021 16:59;15.2;4.8; 2.89 ; 5.25 ;76.31237144;14.5913242;;;;;
18.06.2021 17:59;14.6;5.4; 3.25 ; 5.25 ;85.85141787;14.5913242;;;;;
18.06.2021 18:59;14;6; 3.61 ; 5.25 ;95.3904643;14.5913242;;;;;
18.06.2021 19:59;13.6;6.4; 3.85 ; 5.25 ;101.7498286;14.5913242;;;;;
18.06.2021 20:59;12.9;7.1; 4.27 ; 5.25 ;112.8787161;14.5913242;;;;;
18.06.2021 21:59;12.2;7.8; 4.70 ; 5.25 ;124.0076036;14.5913242;;;;;
18.06.2021 22:59;11.4;8.6; 5.18 ; 5.25 ;136.7263322;14.5913242;;;;;
18.06.2021 23:59;11.3;8.7; 5.24 ; 5.25 ;138.3161732;14.5913242;;;;;
19.06.2021 00:59;11.2;8.8; 5.30 ; 5.25 ;139.9060143;14.5913242;;;;;
19.06.2021 01:59;11.1;8.9; 5.36 ; 5.25 ;141.4958554;14.5913242;;;;;
19.06.2021 02:59;11.1;8.9; 5.36 ; 5.25 ;141.4958554;14.5913242;;;;;
19.06.2021 03:59;11;9; 5.42 ; 5.25 ;143.0856964;14.5913242;;;;;
19.06.2021 04:59;11.6;8.4; 5.06 ; 5.25 ;133.54665;14.5913242;;;;;
19.06.2021 05:59;13.1;6.9; 4.15 ; 5.25 ;109.6990339;14.5913242;;;;;
19.06.2021 06:59;14.5;5.5; 3.31 ; 5.25 ;87.44125894;14.5913242;;;;;
19.06.2021 07:59;16.1;3.9; 2.35 ; 5.25 ;62.00380179;14.5913242;;;;;
19.06.2021 08:59;17.8;2.2; 1.32 ; 5.25 ;34.97650358;14.5913242;;;;;
19.06.2021 09:59;19.5;0.5; 0.30 ; 5.25 ;7.949205358;14.5913242;;;;;
19.06.2021 10:59;20.8;0; -   ; 5.25 ;0;14.5913242;;;;;
19.06.2021 11:59;21.7;0; -   ; 5.25 ;0;14.5913242;;;;;
19.06.2021 12:59;22.4;0; -   ; 5.25 ;0;14.5913242;;;;;
19.06.2021 13:59;22.7;0; -   ; 5.25 ;0;14.5913242;;;;;
19.06.2021 14:59;22.7;0; -   ; 5.25 ;0;14.5913242;;;;;
19.06.2021 15:59;22.3;0; -   ; 5.25 ;0;14.5913242;;;;;
19.06.2021 16:59;21.7;0; -   ; 5.25 ;0;14.5913242;;;;;
19.06.2021 17:59;20.8;0; -   ; 5.25 ;0;14.5913242;;;;;
19.06.2021 18:59;19.7;0.3; 0.18 ; 5.25 ;4.769523215;14.5913242;;;;;
19.06.2021 19:59;18.6;1.4; 0.84 ; 5.25 ;22.257775;14.5913242;;;;;
19.06.2021 20:59;17.4;2.6; 1.57 ; 5.25 ;41.33586786;14.5913242;;;;;
19.06.2021 21:59;16.2;3.8; 2.29 ; 5.25 ;60.41396072;14.5913242;;;;;
19.06.2021 22:59;15;5; 3.01 ; 5.25 ;79.49205358;14.5913242;;;;;
19.06.2021 23:59;14.1;5.9; 3.55 ; 5.25 ;93.80062323;14.5913242;;;;;
20.06.2021 00:59;13.3;6.7; 4.03 ; 5.25 ;106.5193518;14.5913242;;;;;
20.06.2021 01:59;12.8;7.2; 4.33 ; 5.25 ;114.4685572;14.5913242;;;;;
20.06.2021 02:59;12.4;7.6; 4.58 ; 5.25 ;120.8279214;14.5913242;;;;;
20.06.2021 03:59;12.4;7.6; 4.58 ; 5.25 ;120.8279214;14.5913242;;;;;
20.06.2021 04:59;13.3;6.7; 4.03 ; 5.25 ;106.5193518;14.5913242;;;;;
20.06.2021 05:59;14.6;5.4; 3.25 ; 5.25 ;85.85141787;14.5913242;;;;;
20.06.2021 06:59;16.4;3.6; 2.17 ; 5.25 ;57.23427858;14.5913242;;;;;
20.06.2021 07:59;18.2;1.8; 1.08 ; 5.25 ;28.61713929;14.5913242;;;;;
20.06.2021 08:59;20;0; -   ; 5.25 ;0;14.5913242;;;;;
20.06.2021 09:59;21.7;0; -   ; 5.25 ;0;14.5913242;;;;;
20.06.2021 10:59;23;0; -   ; 5.25 ;0;14.5913242;;;;;
20.06.2021 11:59;24.1;0; -   ; 5.25 ;0;14.5913242;;;;;
20.06.2021 12:59;24.8;0; -   ; 5.25 ;0;14.5913242;;;;;
20.06.2021 13:59;25.3;0; -   ; 5.25 ;0;14.5913242;;;;;
20.06.2021 14:59;25.4;0; -   ; 5.25 ;0;14.5913242;;;;;
20.06.2021 15:59;25.3;0; -   ; 5.25 ;0;14.5913242;;;;;
20.06.2021 16:59;24.7;0; -   ; 5.25 ;0;14.5913242;;;;;
20.06.2021 17:59;23.6;0; -   ; 5.25 ;0;14.5913242;;;;;
20.06.2021 18:59;22.3;0; -   ; 5.25 ;0;14.5913242;;;;;
20.06.2021 19:59;21;0; -   ; 5.25 ;0;14.5913242;;;;;
20.06.2021 20:59;18.8;1.2; 0.72 ; 5.25 ;19.07809286;14.5913242;;;;;
20.06.2021 21:59;16.7;3.3; 1.99 ; 5.25 ;52.46475536;14.5913242;;;;;
20.06.2021 22:59;14.6;5.4; 3.25 ; 5.25 ;85.85141787;14.5913242;;;;;
20.06.2021 23:59;13.2;6.8; 4.09 ; 5.25 ;108.1091929;14.5913242;;;;;
21.06.2021 00:59;11.7;8.3; 5.00 ; 5.25 ;131.9568089;14.5913242;;;;;
21.06.2021 01:59;10.9;9.1; 5.48 ; 5.25 ;144.6755375;14.5913242;;;;;
21.06.2021 02:59;10.3;9.7; 5.84 ; 5.25 ;154.2145839;14.5913242;;;;;
21.06.2021 03:59;10.2;9.8; 5.90 ; 5.25 ;155.804425;14.5913242;;;;;
21.06.2021 04:59;11;9; 5.42 ; 5.25 ;143.0856964;14.5913242;;;;;
21.06.2021 05:59;12.4;7.6; 4.58 ; 5.25 ;120.8279214;14.5913242;;;;;
21.06.2021 06:59;13.9;6.1; 3.67 ; 5.25 ;96.98030537;14.5913242;;;;;
21.06.2021 07:59;15.7;4.3; 2.59 ; 5.25 ;68.36316608;14.5913242;;;;;
21.06.2021 08:59;17.6;2.4; 1.44 ; 5.25 ;38.15618572;14.5913242;;;;;
21.06.2021 09:59;19.3;0.7; 0.42 ; 5.25 ;11.1288875;14.5913242;;;;;
21.06.2021 10:59;20.8;0; -   ; 5.25 ;0;14.5913242;;;;;
21.06.2021 11:59;22;0; -   ; 5.25 ;0;14.5913242;;;;;
21.06.2021 12:59;22.8;0; -   ; 5.25 ;0;14.5913242;;;;;
21.06.2021 13:59;23.4;0; -   ; 5.25 ;0;14.5913242;;;;;
21.06.2021 14:59;23.5;0; -   ; 5.25 ;0;14.5913242;;;;;
21.06.2021 15:59;23.3;0; -   ; 5.25 ;0;14.5913242;;;;;
21.06.2021 16:59;22.5;0; -   ; 5.25 ;0;14.5913242;;;;;
21.06.2021 17:59;21.3;0; -   ; 5.25 ;0;14.5913242;;;;;
21.06.2021 18:59;19.8;0.2; 0.12 ; 5.25 ;3.179682143;14.5913242;;;;;
21.06.2021 19:59;18.3;1.7; 1.02 ; 5.25 ;27.02729822;14.5913242;;;;;
21.06.2021 20:59;17.7;2.3; 1.38 ; 5.25 ;36.56634465;14.5913242;;;;;
21.06.2021 21:59;17;3; 1.81 ; 5.25 ;47.69523215;14.5913242;;;;;
21.06.2021 22:59;16.4;3.6; 2.17 ; 5.25 ;57.23427858;14.5913242;;;;;
21.06.2021 23:59;16.8;3.2; 1.93 ; 5.25 ;50.87491429;14.5913242;;;;;
22.06.2021 00:59;17.2;2.8; 1.69 ; 5.25 ;44.51555001;14.5913242;;;;;
22.06.2021 01:59;17.5;2.5; 1.51 ; 5.25 ;39.74602679;14.5913242;;;;;
22.06.2021 02:59;17.6;2.4; 1.44 ; 5.25 ;38.15618572;14.5913242;;;;;
22.06.2021 03:59;17.6;2.4; 1.44 ; 5.25 ;38.15618572;14.5913242;;;;;
22.06.2021 04:59;18.2;1.8; 1.08 ; 5.25 ;28.61713929;14.5913242;;;;;
22.06.2021 05:59;19.1;0.9; 0.54 ; 5.25 ;14.30856964;14.5913242;;;;;
22.06.2021 06:59;20;0; -   ; 5.25 ;0;14.5913242;;;;;
22.06.2021 07:59;21.1;0; -   ; 5.25 ;0;14.5913242;;;;;
22.06.2021 08:59;22.2;0; -   ; 5.25 ;0;14.5913242;;;;;
22.06.2021 09:59;23.3;0; -   ; 5.25 ;0;14.5913242;;;;;
22.06.2021 10:59;24.3;0; -   ; 5.25 ;0;14.5913242;;;;;
22.06.2021 11:59;25.1;0; -   ; 5.25 ;0;14.5913242;;;;;
22.06.2021 12:59;25.6;0; -   ; 5.25 ;0;14.5913242;;;;;
22.06.2021 13:59;25.1;0; -   ; 5.25 ;0;14.5913242;;;;;
22.06.2021 14:59;26.1;0; -   ; 5.25 ;0;14.5913242;;;;;
22.06.2021 15:59;26;0; -   ; 5.25 ;0;14.5913242;;;;;
22.06.2021 16:59;25.5;0; -   ; 5.25 ;0;14.5913242;;;;;
22.06.2021 17:59;25.3;0; -   ; 5.25 ;0;14.5913242;;;;;
22.06.2021 18:59;24.4;0; -   ; 5.25 ;0;14.5913242;;;;;
22.06.2021 19:59;23.8;0; -   ; 5.25 ;0;14.5913242;;;;;
22.06.2021 20:59;22.9;0; -   ; 5.25 ;0;14.5913242;;;;;
22.06.2021 21:59;22;0; -   ; 5.25 ;0;14.5913242;;;;;
22.06.2021 22:59;21.1;0; -   ; 5.25 ;0;14.5913242;;;;;
22.06.2021 23:59;20.2;0; -   ; 5.25 ;0;14.5913242;;;;;
23.06.2021 00:59;19.2;0.8; 0.48 ; 5.25 ;12.71872857;14.5913242;;;;;
23.06.2021 01:59;18.6;1.4; 0.84 ; 5.25 ;22.257775;14.5913242;;;;;
23.06.2021 02:59;18.2;1.8; 1.08 ; 5.25 ;28.61713929;14.5913242;;;;;
23.06.2021 03:59;18.2;1.8; 1.08 ; 5.25 ;28.61713929;14.5913242;;;;;
23.06.2021 04:59;19.1;0.9; 0.54 ; 5.25 ;14.30856964;14.5913242;;;;;
23.06.2021 05:59;20.5;0; -   ; 5.25 ;0;14.5913242;;;;;
23.06.2021 06:59;22.2;0; -   ; 5.25 ;0;14.5913242;;;;;
23.06.2021 07:59;23.9;0; -   ; 5.25 ;0;14.5913242;;;;;
23.06.2021 08:59;25.8;0; -   ; 5.25 ;0;14.5913242;;;;;
23.06.2021 09:59;27.3;0; -   ; 5.25 ;0;14.5913242;;;;;
23.06.2021 10:59;28.8;0; -   ; 5.25 ;0;14.5913242;;;;;
23.06.2021 11:59;30;0; -   ; 5.25 ;0;14.5913242;;;;;
23.06.2021 12:59;30.9;0; -   ; 5.25 ;0;14.5913242;;;;;
23.06.2021 13:59;31.5;0; -   ; 5.25 ;0;14.5913242;;;;;
23.06.2021 14:59;31.7;0; -   ; 5.25 ;0;14.5913242;;;;;
23.06.2021 15:59;31.6;0; -   ; 5.25 ;0;14.5913242;;;;;
23.06.2021 16:59;31;0; -   ; 5.25 ;0;14.5913242;;;;;
23.06.2021 17:59;30;0; -   ; 5.25 ;0;14.5913242;;;;;
23.06.2021 18:59;28.7;0; -   ; 5.25 ;0;14.5913242;;;;;
23.06.2021 19:59;27.3;0; -   ; 5.25 ;0;14.5913242;;;;;
23.06.2021 20:59;25.4;0; -   ; 5.25 ;0;14.5913242;;;;;
23.06.2021 21:59;23.5;0; -   ; 5.25 ;0;14.5913242;;;;;
23.06.2021 22:59;21.5;0; -   ; 5.25 ;0;14.5913242;;;;;
23.06.2021 23:59;20.2;0; -   ; 5.25 ;0;14.5913242;;;;;
24.06.2021 00:59;18.7;1.3; 0.78 ; 5.25 ;20.66793393;14.5913242;;;;;
24.06.2021 01:59;17.9;2.1; 1.26 ; 5.25 ;33.3866625;14.5913242;;;;;
24.06.2021 02:59;17.3;2.7; 1.63 ; 5.25 ;42.92570893;14.5913242;;;;;
24.06.2021 03:59;17.3;2.7; 1.63 ; 5.25 ;42.92570893;14.5913242;;;;;
24.06.2021 04:59;18.1;1.9; 1.14 ; 5.25 ;30.20698036;14.5913242;;;;;
24.06.2021 05:59;19.5;0.5; 0.30 ; 5.25 ;7.949205358;14.5913242;;;;;
24.06.2021 06:59;21.1;0; -   ; 5.25 ;0;14.5913242;;;;;
24.06.2021 07:59;22.9;0; -   ; 5.25 ;0;14.5913242;;;;;
24.06.2021 08:59;24.6;0; -   ; 5.25 ;0;14.5913242;;;;;
24.06.2021 09:59;26.2;0; -   ; 5.25 ;0;14.5913242;;;;;
24.06.2021 10:59;27.7;0; -   ; 5.25 ;0;14.5913242;;;;;
24.06.2021 11:59;28.8;0; -   ; 5.25 ;0;14.5913242;;;;;
24.06.2021 12:59;29.7;0; -   ; 5.25 ;0;14.5913242;;;;;
24.06.2021 13:59;30.2;0; -   ; 5.25 ;0;14.5913242;;;;;
24.06.2021 14:59;30.3;0; -   ; 5.25 ;0;14.5913242;;;;;
24.06.2021 15:59;30.2;0; -   ; 5.25 ;0;14.5913242;;;;;
24.06.2021 16:59;29.5;0; -   ; 5.25 ;0;14.5913242;;;;;
24.06.2021 17:59;28.4;0; -   ; 5.25 ;0;14.5913242;;;;;
24.06.2021 18:59;27.1;0; -   ; 5.25 ;0;14.5913242;;;;;
24.06.2021 19:59;25.7;0; -   ; 5.25 ;0;14.5913242;;;;;
24.06.2021 20:59;24.1;0; -   ; 5.25 ;0;14.5913242;;;;;
24.06.2021 21:59;22.6;0; -   ; 5.25 ;0;14.5913242;;;;;
24.06.2021 22:59;21.1;0; -   ; 5.25 ;0;14.5913242;;;;;
24.06.2021 23:59;20.3;0; -   ; 5.25 ;0;14.5913242;;;;;
25.06.2021 00:59;19.6;0.4; 0.24 ; 5.25 ;6.359364287;14.5913242;;;;;
25.06.2021 01:59;19.2;0.8; 0.48 ; 5.25 ;12.71872857;14.5913242;;;;;
25.06.2021 02:59;18.9;1.1; 0.66 ; 5.25 ;17.48825179;14.5913242;;;;;
25.06.2021 03:59;18.9;1.1; 0.66 ; 5.25 ;17.48825179;14.5913242;;;;;
25.06.2021 04:59;20;0; -   ; 5.25 ;0;14.5913242;;;;;
25.06.2021 05:59;21.5;0; -   ; 5.25 ;0;14.5913242;;;;;
25.06.2021 06:59;23.4;0; -   ; 5.25 ;0;14.5913242;;;;;
25.06.2021 07:59;25.3;0; -   ; 5.25 ;0;14.5913242;;;;;
25.06.2021 08:59;25.6;0; -   ; 5.25 ;0;14.5913242;;;;;
25.06.2021 09:59;26.1;0; -   ; 5.25 ;0;14.5913242;;;;;
25.06.2021 10:59;27;0; -   ; 5.25 ;0;14.5913242;;;;;
25.06.2021 11:59;27.7;0; -   ; 5.25 ;0;14.5913242;;;;;
25.06.2021 12:59;27.1;0; -   ; 5.25 ;0;14.5913242;;;;;
25.06.2021 13:59;26.3;0; -   ; 5.25 ;0;14.5913242;;;;;
25.06.2021 14:59;25.9;0; -   ; 5.25 ;0;14.5913242;;;;;
25.06.2021 15:59;25;0; -   ; 5.25 ;0;14.5913242;;;;;
25.06.2021 16:59;24.2;0; -   ; 5.25 ;0;14.5913242;;;;;
25.06.2021 17:59;23.4;0; -   ; 5.25 ;0;14.5913242;;;;;
25.06.2021 18:59;22.7;0; -   ; 5.25 ;0;14.5913242;;;;;
25.06.2021 19:59;22.1;0; -   ; 5.25 ;0;14.5913242;;;;;
25.06.2021 20:59;21.3;0; -   ; 5.25 ;0;14.5913242;;;;;
25.06.2021 21:59;20.6;0; -   ; 5.25 ;0;14.5913242;;;;;
25.06.2021 22:59;19.8;0.2; 0.12 ; 5.25 ;3.179682143;14.5913242;;;;;
25.06.2021 23:59;18.9;1.1; 0.66 ; 5.25 ;17.48825179;14.5913242;;;;;
26.06.2021 00:59;18.4;1.6; 0.96 ; 5.25 ;25.43745715;14.5913242;;;;;
26.06.2021 01:59;18.1;1.9; 1.14 ; 5.25 ;30.20698036;14.5913242;;;;;
26.06.2021 02:59;17.9;2.1; 1.26 ; 5.25 ;33.3866625;14.5913242;;;;;
26.06.2021 03:59;17.9;2.1; 1.26 ; 5.25 ;33.3866625;14.5913242;;;;;
26.06.2021 04:59;18.8;1.2; 0.72 ; 5.25 ;19.07809286;14.5913242;;;;;
26.06.2021 05:59;19.1;0.9; 0.54 ; 5.25 ;14.30856964;14.5913242;;;;;
26.06.2021 06:59;19.4;0.6; 0.36 ; 5.25 ;9.53904643;14.5913242;;;;;
26.06.2021 07:59;19.4;0.6; 0.36 ; 5.25 ;9.53904643;14.5913242;;;;;
26.06.2021 08:59;19.5;0.5; 0.30 ; 5.25 ;7.949205358;14.5913242;;;;;
26.06.2021 09:59;19.5;0.5; 0.30 ; 5.25 ;7.949205358;14.5913242;;;;;
26.06.2021 10:59;20;0; -   ; 5.25 ;0;14.5913242;;;;;
26.06.2021 11:59;21.2;0; -   ; 5.25 ;0;14.5913242;;;;;
26.06.2021 12:59;22.8;0; -   ; 5.25 ;0;14.5913242;;;;;
26.06.2021 13:59;24.2;0; -   ; 5.25 ;0;14.5913242;;;;;
26.06.2021 14:59;25.6;0; -   ; 5.25 ;0;14.5913242;;;;;
26.06.2021 15:59;26.3;0; -   ; 5.25 ;0;14.5913242;;;;;
26.06.2021 16:59;26.4;0; -   ; 5.25 ;0;14.5913242;;;;;
26.06.2021 17:59;26.3;0; -   ; 5.25 ;0;14.5913242;;;;;
26.06.2021 18:59;25.7;0; -   ; 5.25 ;0;14.5913242;;;;;
26.06.2021 19:59;24.9;0; -   ; 5.25 ;0;14.5913242;;;;;
26.06.2021 20:59;23.8;0; -   ; 5.25 ;0;14.5913242;;;;;
26.06.2021 21:59;22.7;0; -   ; 5.25 ;0;14.5913242;;;;;
26.06.2021 22:59;21.5;0; -   ; 5.25 ;0;14.5913242;;;;;
26.06.2021 23:59;20.3;0; -   ; 5.25 ;0;14.5913242;;;;;
27.06.2021 00:59;19.1;0.9; 0.54 ; 5.25 ;14.30856964;14.5913242;;;;;
27.06.2021 01:59;18.4;1.6; 0.96 ; 5.25 ;25.43745715;14.5913242;;;;;
27.06.2021 02:59;17.9;2.1; 1.26 ; 5.25 ;33.3866625;14.5913242;;;;;
27.06.2021 03:59;17.9;2.1; 1.26 ; 5.25 ;33.3866625;14.5913242;;;;;
27.06.2021 04:59;17.9;2.1; 1.26 ; 5.25 ;33.3866625;14.5913242;;;;;
27.06.2021 05:59;17.9;2.1; 1.26 ; 5.25 ;33.3866625;14.5913242;;;;;
27.06.2021 06:59;18.9;1.1; 0.66 ; 5.25 ;17.48825179;14.5913242;;;;;
27.06.2021 07:59;19.8;0.2; 0.12 ; 5.25 ;3.179682143;14.5913242;;;;;
27.06.2021 08:59;20.9;0; -   ; 5.25 ;0;14.5913242;;;;;
27.06.2021 09:59;22;0; -   ; 5.25 ;0;14.5913242;;;;;
27.06.2021 10:59;23;0; -   ; 5.25 ;0;14.5913242;;;;;
27.06.2021 11:59;23.9;0; -   ; 5.25 ;0;14.5913242;;;;;
27.06.2021 12:59;24.4;0; -   ; 5.25 ;0;14.5913242;;;;;
27.06.2021 13:59;24.4;0; -   ; 5.25 ;0;14.5913242;;;;;
27.06.2021 14:59;24.3;0; -   ; 5.25 ;0;14.5913242;;;;;
27.06.2021 15:59;24.1;0; -   ; 5.25 ;0;14.5913242;;;;;
27.06.2021 16:59;23.8;0; -   ; 5.25 ;0;14.5913242;;;;;
27.06.2021 17:59;23.2;0; -   ; 5.25 ;0;14.5913242;;;;;
27.06.2021 18:59;22.7;0; -   ; 5.25 ;0;14.5913242;;;;;
27.06.2021 19:59;22;0; -   ; 5.25 ;0;14.5913242;;;;;
27.06.2021 20:59;20.3;0; -   ; 5.25 ;0;14.5913242;;;;;
27.06.2021 21:59;18.6;1.4; 0.84 ; 5.25 ;22.257775;14.5913242;;;;;
27.06.2021 22:59;16.9;3.1; 1.87 ; 5.25 ;49.28507322;14.5913242;;;;;
27.06.2021 23:59;15.5;4.5; 2.71 ; 5.25 ;71.54284822;14.5913242;;;;;
28.06.2021 00:59;14;6; 3.61 ; 5.25 ;95.3904643;14.5913242;;;;;
28.06.2021 01:59;13.4;6.6; 3.97 ; 5.25 ;104.9295107;14.5913242;;;;;
28.06.2021 02:59;12.9;7.1; 4.27 ; 5.25 ;112.8787161;14.5913242;;;;;
28.06.2021 03:59;12.9;7.1; 4.27 ; 5.25 ;112.8787161;14.5913242;;;;;
28.06.2021 04:59;13.8;6.2; 3.73 ; 5.25 ;98.57014644;14.5913242;;;;;
28.06.2021 05:59;15.3;4.7; 2.83 ; 5.25 ;74.72253037;14.5913242;;;;;
28.06.2021 06:59;17.2;2.8; 1.69 ; 5.25 ;44.51555001;14.5913242;;;;;
28.06.2021 07:59;19.2;0.8; 0.48 ; 5.25 ;12.71872857;14.5913242;;;;;
28.06.2021 08:59;21.2;0; -   ; 5.25 ;0;14.5913242;;;;;
28.06.2021 09:59;23;0; -   ; 5.25 ;0;14.5913242;;;;;
28.06.2021 10:59;24.6;0; -   ; 5.25 ;0;14.5913242;;;;;
28.06.2021 11:59;25.8;0; -   ; 5.25 ;0;14.5913242;;;;;
28.06.2021 12:59;26.8;0; -   ; 5.25 ;0;14.5913242;;;;;
28.06.2021 13:59;27.3;0; -   ; 5.25 ;0;14.5913242;;;;;
28.06.2021 14:59;27.5;0; -   ; 5.25 ;0;14.5913242;;;;;
28.06.2021 15:59;27.4;0; -   ; 5.25 ;0;14.5913242;;;;;
28.06.2021 16:59;26.6;0; -   ; 5.25 ;0;14.5913242;;;;;
28.06.2021 17:59;25.5;0; -   ; 5.25 ;0;14.5913242;;;;;
28.06.2021 18:59;24;0; -   ; 5.25 ;0;14.5913242;;;;;
28.06.2021 19:59;22.4;0; -   ; 5.25 ;0;14.5913242;;;;;
28.06.2021 20:59;20.1;0; -   ; 5.25 ;0;14.5913242;;;;;
28.06.2021 21:59;17.8;2.2; 1.32 ; 5.25 ;34.97650358;14.5913242;;;;;
28.06.2021 22:59;15.4;4.6; 2.77 ; 5.25 ;73.1326893;14.5913242;;;;;
28.06.2021 23:59;14;6; 3.61 ; 5.25 ;95.3904643;14.5913242;;;;;
29.06.2021 00:59;12.5;7.5; 4.52 ; 5.25 ;119.2380804;14.5913242;;;;;
29.06.2021 01:59;11.7;8.3; 5.00 ; 5.25 ;131.9568089;14.5913242;;;;;
29.06.2021 02:59;11.1;8.9; 5.36 ; 5.25 ;141.4958554;14.5913242;;;;;
29.06.2021 03:59;11;9; 5.42 ; 5.25 ;143.0856964;14.5913242;;;;;
29.06.2021 04:59;11.9;8.1; 4.88 ; 5.25 ;128.7771268;14.5913242;;;;;
29.06.2021 05:59;13.3;6.7; 4.03 ; 5.25 ;106.5193518;14.5913242;;;;;
29.06.2021 06:59;14.7;5.3; 3.19 ; 5.25 ;84.2615768;14.5913242;;;;;
29.06.2021 07:59;16.2;3.8; 2.29 ; 5.25 ;60.41396072;14.5913242;;;;;
29.06.2021 08:59;17.4;2.6; 1.57 ; 5.25 ;41.33586786;14.5913242;;;;;
29.06.2021 09:59;18.7;1.3; 0.78 ; 5.25 ;20.66793393;14.5913242;;;;;
29.06.2021 10:59;20;0; -   ; 5.25 ;0;14.5913242;;;;;
29.06.2021 11:59;21.1;0; -   ; 5.25 ;0;14.5913242;;;;;
29.06.2021 12:59;21.6;0; -   ; 5.25 ;0;14.5913242;;;;;
29.06.2021 13:59;22.1;0; -   ; 5.25 ;0;14.5913242;;;;;
29.06.2021 14:59;22.2;0; -   ; 5.25 ;0;14.5913242;;;;;
29.06.2021 15:59;21.9;0; -   ; 5.25 ;0;14.5913242;;;;;
29.06.2021 16:59;21.1;0; -   ; 5.25 ;0;14.5913242;;;;;
29.06.2021 17:59;20.1;0; -   ; 5.25 ;0;14.5913242;;;;;
29.06.2021 18:59;18.9;1.1; 0.66 ; 5.25 ;17.48825179;14.5913242;;;;;
29.06.2021 19:59;17.6;2.4; 1.44 ; 5.25 ;38.15618572;14.5913242;;;;;
29.06.2021 20:59;15.7;4.3; 2.59 ; 5.25 ;68.36316608;14.5913242;;;;;
29.06.2021 21:59;14;6; 3.61 ; 5.25 ;95.3904643;14.5913242;;;;;
29.06.2021 22:59;12.3;7.7; 4.64 ; 5.25 ;122.4177625;14.5913242;;;;;
29.06.2021 23:59;11.3;8.7; 5.24 ; 5.25 ;138.3161732;14.5913242;;;;;
30.06.2021 00:59;10.2;9.8; 5.90 ; 5.25 ;155.804425;14.5913242;;;;;
30.06.2021 01:59;9.5;10.5; 6.32 ; 5.25 ;166.9333125;14.5913242;;;;;
30.06.2021 02:59;9.1;10.9; 6.56 ; 5.25 ;173.2926768;14.5913242;;;;;
30.06.2021 03:59;8.9;11.1; 6.68 ; 5.25 ;176.472359;14.5913242;;;;;
30.06.2021 04:59;9.9;10.1; 6.08 ; 5.25 ;160.5739482;14.5913242;;;;;
30.06.2021 05:59;11.2;8.8; 5.30 ; 5.25 ;139.9060143;14.5913242;;;;;
30.06.2021 06:59;12.9;7.1; 4.27 ; 5.25 ;112.8787161;14.5913242;;;;;
30.06.2021 07:59;14.6;5.4; 3.25 ; 5.25 ;85.85141787;14.5913242;;;;;
30.06.2021 08:59;16.5;3.5; 2.11 ; 5.25 ;55.64443751;14.5913242;;;;;
30.06.2021 09:59;18.2;1.8; 1.08 ; 5.25 ;28.61713929;14.5913242;;;;;
30.06.2021 10:59;18.4;1.6; 0.96 ; 5.25 ;25.43745715;14.5913242;;;;;
30.06.2021 11:59;18.5;1.5; 0.90 ; 5.25 ;23.84761607;14.5913242;;;;;
30.06.2021 12:59;18.5;1.5; 0.90 ; 5.25 ;23.84761607;14.5913242;;;;;
30.06.2021 13:59;18.4;1.6; 0.96 ; 5.25 ;25.43745715;14.5913242;;;;;
30.06.2021 14:59;18.1;1.9; 1.14 ; 5.25 ;30.20698036;14.5913242;;;;;
30.06.2021 15:59;17.6;2.4; 1.44 ; 5.25 ;38.15618572;14.5913242;;;;;
30.06.2021 16:59;16.7;3.3; 1.99 ; 5.25 ;52.46475536;14.5913242;;;;;
30.06.2021 17:59;15.7;4.3; 2.59 ; 5.25 ;68.36316608;14.5913242;;;;;
30.06.2021 18:59;14.5;5.5; 3.31 ; 5.25 ;87.44125894;14.5913242;;;;;
30.06.2021 19:59;13.6;6.4; 3.85 ; 5.25 ;101.7498286;14.5913242;;;;;
30.06.2021 20:59;13.7;6.3; 3.79 ; 5.25 ;100.1599875;14.5913242;;;;;
30.06.2021 21:59;13.9;6.1; 3.67 ; 5.25 ;96.98030537;14.5913242;;;;;
30.06.2021 22:59;13.9;6.1; 3.67 ; 5.25 ;96.98030537;14.5913242;;;;;
30.06.2021 23:59;14.5;5.5; 3.31 ; 5.25 ;87.44125894;14.5913242;;;;;
01.07.2021 00:59;15.7;4.3; 2.59 ; 5.25 ;68.36316608;14.5913242;;;;;
01.07.2021 01:59;16.2;3.8; 2.29 ; 5.25 ;60.41396072;14.5913242;;;;;
01.07.2021 02:59;16.4;3.6; 2.17 ; 5.25 ;57.23427858;14.5913242;;;;;
01.07.2021 03:59;16.5;3.5; 2.11 ; 5.25 ;55.64443751;14.5913242;;;;;
01.07.2021 04:59;17.1;2.9; 1.75 ; 5.25 ;46.10539108;14.5913242;;;;;
01.07.2021 05:59;17.9;2.1; 1.26 ; 5.25 ;33.3866625;14.5913242;;;;;
01.07.2021 06:59;18.8;1.2; 0.72 ; 5.25 ;19.07809286;14.5913242;;;;;
01.07.2021 07:59;19.6;0.4; 0.24 ; 5.25 ;6.359364287;14.5913242;;;;;
01.07.2021 08:59;20.7;0; -   ; 5.25 ;0;14.5913242;;;;;
01.07.2021 09:59;21.7;0; -   ; 5.25 ;0;14.5913242;;;;;
01.07.2021 10:59;22.7;0; -   ; 5.25 ;0;14.5913242;;;;;
01.07.2021 11:59;23.2;0; -   ; 5.25 ;0;14.5913242;;;;;
01.07.2021 12:59;23.4;0; -   ; 5.25 ;0;14.5913242;;;;;
01.07.2021 13:59;23.5;0; -   ; 5.25 ;0;14.5913242;;;;;
01.07.2021 14:59;23.7;0; -   ; 5.25 ;0;14.5913242;;;;;
01.07.2021 15:59;23.8;0; -   ; 5.25 ;0;14.5913242;;;;;
01.07.2021 16:59;23.5;0; -   ; 5.25 ;0;14.5913242;;;;;
01.07.2021 17:59;22.9;0; -   ; 5.25 ;0;14.5913242;;;;;
01.07.2021 18:59;21;0; -   ; 5.25 ;0;14.5913242;;;;;
01.07.2021 19:59;21.1;0; -   ; 5.25 ;0;14.5913242;;;;;
01.07.2021 20:59;21;0; -   ; 5.25 ;0;14.5913242;;;;;
01.07.2021 21:59;20.9;0; -   ; 5.25 ;0;14.5913242;;;;;
01.07.2021 22:59;20.6;0; -   ; 5.25 ;0;14.5913242;;;;;
01.07.2021 23:59;19.8;0.2; 0.12 ; 5.25 ;3.179682143;14.5913242;;;;;
02.07.2021 00:59;19.6;0.4; 0.24 ; 5.25 ;6.359364287;14.5913242;;;;;
02.07.2021 01:59;18.4;1.6; 0.96 ; 5.25 ;25.43745715;14.5913242;;;;;
02.07.2021 02:59;19.2;0.8; 0.48 ; 5.25 ;12.71872857;14.5913242;;;;;
02.07.2021 03:59;19.4;0.6; 0.36 ; 5.25 ;9.53904643;14.5913242;;;;;
02.07.2021 04:59;19.5;0.5; 0.30 ; 5.25 ;7.949205358;14.5913242;;;;;
02.07.2021 05:59;19.9;0.1; 0.06 ; 5.25 ;1.589841072;14.5913242;;;;;
02.07.2021 06:59;20.4;0; -   ; 5.25 ;0;14.5913242;;;;;
02.07.2021 07:59;21;0; -   ; 5.25 ;0;14.5913242;;;;;
02.07.2021 08:59;21.2;0; -   ; 5.25 ;0;14.5913242;;;;;
02.07.2021 09:59;21.4;0; -   ; 5.25 ;0;14.5913242;;;;;
02.07.2021 10:59;21.9;0; -   ; 5.25 ;0;14.5913242;;;;;
02.07.2021 11:59;22.1;0; -   ; 5.25 ;0;14.5913242;;;;;
02.07.2021 12:59;22.6;0; -   ; 5.25 ;0;14.5913242;;;;;
02.07.2021 13:59;23.5;0; -   ; 5.25 ;0;14.5913242;;;;;
02.07.2021 14:59;24;0; -   ; 5.25 ;0;14.5913242;;;;;
02.07.2021 15:59;24.8;0; -   ; 5.25 ;0;14.5913242;;;;;
02.07.2021 16:59;25;0; -   ; 5.25 ;0;14.5913242;;;;;
02.07.2021 17:59;25;0; -   ; 5.25 ;0;14.5913242;;;;;
02.07.2021 18:59;24.7;0; -   ; 5.25 ;0;14.5913242;;;;;
02.07.2021 19:59;24.2;0; -   ; 5.25 ;0;14.5913242;;;;;
02.07.2021 20:59;22.5;0; -   ; 5.25 ;0;14.5913242;;;;;
02.07.2021 21:59;20.7;0; -   ; 5.25 ;0;14.5913242;;;;;
02.07.2021 22:59;19;1; 0.60 ; 5.25 ;15.89841072;14.5913242;;;;;
02.07.2021 23:59;16.3;3.7; 2.23 ; 5.25 ;58.82411965;14.5913242;;;;;
03.07.2021 00:59;13.5;6.5; 3.91 ; 5.25 ;103.3396697;14.5913242;;;;;
03.07.2021 01:59;12.1;7.9; 4.76 ; 5.25 ;125.5974447;14.5913242;;;;;
03.07.2021 02:59;11.1;8.9; 5.36 ; 5.25 ;141.4958554;14.5913242;;;;;
03.07.2021 03:59;11;9; 5.42 ; 5.25 ;143.0856964;14.5913242;;;;;
03.07.2021 04:59;11.7;8.3; 5.00 ; 5.25 ;131.9568089;14.5913242;;;;;
03.07.2021 05:59;12.9;7.1; 4.27 ; 5.25 ;112.8787161;14.5913242;;;;;
03.07.2021 06:59;14.2;5.8; 3.49 ; 5.25 ;92.21078215;14.5913242;;;;;
03.07.2021 07:59;15.8;4.2; 2.53 ; 5.25 ;66.77332501;14.5913242;;;;;
03.07.2021 08:59;17.5;2.5; 1.51 ; 5.25 ;39.74602679;14.5913242;;;;;
03.07.2021 09:59;19;1; 0.60 ; 5.25 ;15.89841072;14.5913242;;;;;
03.07.2021 10:59;20.3;0; -   ; 5.25 ;0;14.5913242;;;;;
03.07.2021 11:59;21.3;0; -   ; 5.25 ;0;14.5913242;;;;;
03.07.2021 12:59;22.1;0; -   ; 5.25 ;0;14.5913242;;;;;
03.07.2021 13:59;22.5;0; -   ; 5.25 ;0;14.5913242;;;;;
03.07.2021 14:59;22.6;0; -   ; 5.25 ;0;14.5913242;;;;;
03.07.2021 15:59;22.3;0; -   ; 5.25 ;0;14.5913242;;;;;
03.07.2021 16:59;21.5;0; -   ; 5.25 ;0;14.5913242;;;;;
03.07.2021 17:59;20.4;0; -   ; 5.25 ;0;14.5913242;;;;;
03.07.2021 18:59;19;1; 0.60 ; 5.25 ;15.89841072;14.5913242;;;;;
03.07.2021 19:59;17.5;2.5; 1.51 ; 5.25 ;39.74602679;14.5913242;;;;;
03.07.2021 20:59;15.4;4.6; 2.77 ; 5.25 ;73.1326893;14.5913242;;;;;
03.07.2021 21:59;13.5;6.5; 3.91 ; 5.25 ;103.3396697;14.5913242;;;;;
03.07.2021 22:59;11.6;8.4; 5.06 ; 5.25 ;133.54665;14.5913242;;;;;
03.07.2021 23:59;10.8;9.2; 5.54 ; 5.25 ;146.2653786;14.5913242;;;;;
04.07.2021 00:59;9.9;10.1; 6.08 ; 5.25 ;160.5739482;14.5913242;;;;;
04.07.2021 01:59;9.4;10.6; 6.38 ; 5.25 ;168.5231536;14.5913242;;;;;
04.07.2021 02:59;9.1;10.9; 6.56 ; 5.25 ;173.2926768;14.5913242;;;;;
04.07.2021 03:59;9.1;10.9; 6.56 ; 5.25 ;173.2926768;14.5913242;;;;;
04.07.2021 04:59;9.7;10.3; 6.20 ; 5.25 ;163.7536304;14.5913242;;;;;
04.07.2021 05:59;10.7;9.3; 5.60 ; 5.25 ;147.8552197;14.5913242;;;;;
04.07.2021 06:59;11.7;8.3; 5.00 ; 5.25 ;131.9568089;14.5913242;;;;;
04.07.2021 07:59;12.5;7.5; 4.52 ; 5.25 ;119.2380804;14.5913242;;;;;
04.07.2021 08:59;13.4;6.6; 3.97 ; 5.25 ;104.9295107;14.5913242;;;;;
04.07.2021 09:59;14.2;5.8; 3.49 ; 5.25 ;92.21078215;14.5913242;;;;;
04.07.2021 10:59;15.1;4.9; 2.95 ; 5.25 ;77.90221251;14.5913242;;;;;
04.07.2021 11:59;16;4; 2.41 ; 5.25 ;63.59364287;14.5913242;;;;;
04.07.2021 12:59;16.6;3.4; 2.05 ; 5.25 ;54.05459644;14.5913242;;;;;
04.07.2021 13:59;16.9;3.1; 1.87 ; 5.25 ;49.28507322;14.5913242;;;;;
04.07.2021 14:59;17.1;2.9; 1.75 ; 5.25 ;46.10539108;14.5913242;;;;;
04.07.2021 15:59;16.9;3.1; 1.87 ; 5.25 ;49.28507322;14.5913242;;;;;
04.07.2021 16:59;16.3;3.7; 2.23 ; 5.25 ;58.82411965;14.5913242;;;;;
04.07.2021 17:59;15.8;4.2; 2.53 ; 5.25 ;66.77332501;14.5913242;;;;;
04.07.2021 18:59;14.9;5.1; 3.07 ; 5.25 ;81.08189465;14.5913242;;;;;
04.07.2021 19:59;14;6; 3.61 ; 5.25 ;95.3904643;14.5913242;;;;;
04.07.2021 20:59;13.2;6.8; 4.09 ; 5.25 ;108.1091929;14.5913242;;;;;
04.07.2021 21:59;12.2;7.8; 4.70 ; 5.25 ;124.0076036;14.5913242;;;;;
04.07.2021 22:59;11.3;8.7; 5.24 ; 5.25 ;138.3161732;14.5913242;;;;;
04.07.2021 23:59;10.8;9.2; 5.54 ; 5.25 ;146.2653786;14.5913242;;;;;
05.07.2021 00:59;10.3;9.7; 5.84 ; 5.25 ;154.2145839;14.5913242;;;;;
05.07.2021 01:59;10;10; 6.02 ; 5.25 ;158.9841072;14.5913242;;;;;
05.07.2021 02:59;9.7;10.3; 6.20 ; 5.25 ;163.7536304;14.5913242;;;;;
05.07.2021 03:59;9.6;10.4; 6.26 ; 5.25 ;165.3434715;14.5913242;;;;;
05.07.2021 04:59;10.6;9.4; 5.66 ; 5.25 ;149.4450607;14.5913242;;;;;
05.07.2021 05:59;12.1;7.9; 4.76 ; 5.25 ;125.5974447;14.5913242;;;;;
05.07.2021 06:59;13.9;6.1; 3.67 ; 5.25 ;96.98030537;14.5913242;;;;;
05.07.2021 07:59;16;4; 2.41 ; 5.25 ;63.59364287;14.5913242;;;;;
05.07.2021 08:59;18;2; 1.20 ; 5.25 ;31.79682143;14.5913242;;;;;
05.07.2021 09:59;19.9;0.1; 0.06 ; 5.25 ;1.589841072;14.5913242;;;;;
05.07.2021 10:59;21.5;0; -   ; 5.25 ;0;14.5913242;;;;;
05.07.2021 11:59;22.8;0; -   ; 5.25 ;0;14.5913242;;;;;
05.07.2021 12:59;23.8;0; -   ; 5.25 ;0;14.5913242;;;;;
05.07.2021 13:59;24.3;0; -   ; 5.25 ;0;14.5913242;;;;;
05.07.2021 14:59;24.5;0; -   ; 5.25 ;0;14.5913242;;;;;
05.07.2021 15:59;24.3;0; -   ; 5.25 ;0;14.5913242;;;;;
05.07.2021 16:59;23.6;0; -   ; 5.25 ;0;14.5913242;;;;;
05.07.2021 17:59;22.3;0; -   ; 5.25 ;0;14.5913242;;;;;
05.07.2021 18:59;20.8;0; -   ; 5.25 ;0;14.5913242;;;;;
05.07.2021 19:59;19.3;0.7; 0.42 ; 5.25 ;11.1288875;14.5913242;;;;;
05.07.2021 20:59;18.5;1.5; 0.90 ; 5.25 ;23.84761607;14.5913242;;;;;
05.07.2021 21:59;17.8;2.2; 1.32 ; 5.25 ;34.97650358;14.5913242;;;;;
05.07.2021 22:59;17;3; 1.81 ; 5.25 ;47.69523215;14.5913242;;;;;
05.07.2021 23:59;16.9;3.1; 1.87 ; 5.25 ;49.28507322;14.5913242;;;;;
06.07.2021 00:59;16.8;3.2; 1.93 ; 5.25 ;50.87491429;14.5913242;;;;;
06.07.2021 01:59;16.7;3.3; 1.99 ; 5.25 ;52.46475536;14.5913242;;;;;
06.07.2021 02:59;16.6;3.4; 2.05 ; 5.25 ;54.05459644;14.5913242;;;;;
06.07.2021 03:59;16.6;3.4; 2.05 ; 5.25 ;54.05459644;14.5913242;;;;;
06.07.2021 04:59;18;2; 1.20 ; 5.25 ;31.79682143;14.5913242;;;;;
06.07.2021 05:59;20.3;0; -   ; 5.25 ;0;14.5913242;;;;;
06.07.2021 06:59;22.3;0; -   ; 5.25 ;0;14.5913242;;;;;
06.07.2021 07:59;24;0; -   ; 5.25 ;0;14.5913242;;;;;
06.07.2021 08:59;24;0; -   ; 5.25 ;0;14.5913242;;;;;
06.07.2021 09:59;24.6;0; -   ; 5.25 ;0;14.5913242;;;;;
06.07.2021 10:59;25.4;0; -   ; 5.25 ;0;14.5913242;;;;;
06.07.2021 11:59;25.4;0; -   ; 5.25 ;0;14.5913242;;;;;
06.07.2021 12:59;25.5;0; -   ; 5.25 ;0;14.5913242;;;;;
06.07.2021 13:59;24.9;0; -   ; 5.25 ;0;14.5913242;;;;;
06.07.2021 14:59;24.7;0; -   ; 5.25 ;0;14.5913242;;;;;
06.07.2021 15:59;24.3;0; -   ; 5.25 ;0;14.5913242;;;;;
06.07.2021 16:59;23.8;0; -   ; 5.25 ;0;14.5913242;;;;;
06.07.2021 17:59;23.2;0; -   ; 5.25 ;0;14.5913242;;;;;
06.07.2021 18:59;22.5;0; -   ; 5.25 ;0;14.5913242;;;;;
06.07.2021 19:59;21.5;0; -   ; 5.25 ;0;14.5913242;;;;;
06.07.2021 20:59;20.2;0; -   ; 5.25 ;0;14.5913242;;;;;
06.07.2021 21:59;18.8;1.2; 0.72 ; 5.25 ;19.07809286;14.5913242;;;;;
06.07.2021 22:59;17;3; 1.81 ; 5.25 ;47.69523215;14.5913242;;;;;
06.07.2021 23:59;16.3;3.7; 2.23 ; 5.25 ;58.82411965;14.5913242;;;;;
07.07.2021 00:59;15.2;4.8; 2.89 ; 5.25 ;76.31237144;14.5913242;;;;;
07.07.2021 01:59;14.6;5.4; 3.25 ; 5.25 ;85.85141787;14.5913242;;;;;
07.07.2021 02:59;14.1;5.9; 3.55 ; 5.25 ;93.80062323;14.5913242;;;;;
07.07.2021 03:59;14.1;5.9; 3.55 ; 5.25 ;93.80062323;14.5913242;;;;;
07.07.2021 04:59;14.8;5.2; 3.13 ; 5.25 ;82.67173573;14.5913242;;;;;
07.07.2021 05:59;15.9;4.1; 2.47 ; 5.25 ;65.18348394;14.5913242;;;;;
07.07.2021 06:59;17.2;2.8; 1.69 ; 5.25 ;44.51555001;14.5913242;;;;;
07.07.2021 07:59;18.6;1.4; 0.84 ; 5.25 ;22.257775;14.5913242;;;;;
07.07.2021 08:59;20;0; -   ; 5.25 ;0;14.5913242;;;;;
07.07.2021 09:59;21.4;0; -   ; 5.25 ;0;14.5913242;;;;;
07.07.2021 10:59;22.4;0; -   ; 5.25 ;0;14.5913242;;;;;
07.07.2021 11:59;23.2;0; -   ; 5.25 ;0;14.5913242;;;;;
07.07.2021 12:59;23.9;0; -   ; 5.25 ;0;14.5913242;;;;;
07.07.2021 13:59;24.3;0; -   ; 5.25 ;0;14.5913242;;;;;
07.07.2021 14:59;24.5;0; -   ; 5.25 ;0;14.5913242;;;;;
07.07.2021 15:59;24.4;0; -   ; 5.25 ;0;14.5913242;;;;;
07.07.2021 16:59;23.8;0; -   ; 5.25 ;0;14.5913242;;;;;
07.07.2021 17:59;22.9;0; -   ; 5.25 ;0;14.5913242;;;;;
07.07.2021 18:59;21.8;0; -   ; 5.25 ;0;14.5913242;;;;;
07.07.2021 19:59;20.7;0; -   ; 5.25 ;0;14.5913242;;;;;
07.07.2021 20:59;19.1;0.9; 0.54 ; 5.25 ;14.30856964;14.5913242;;;;;
07.07.2021 21:59;17.5;2.5; 1.51 ; 5.25 ;39.74602679;14.5913242;;;;;
07.07.2021 22:59;15.9;4.1; 2.47 ; 5.25 ;65.18348394;14.5913242;;;;;
07.07.2021 23:59;14.8;5.2; 3.13 ; 5.25 ;82.67173573;14.5913242;;;;;
08.07.2021 00:59;13.8;6.2; 3.73 ; 5.25 ;98.57014644;14.5913242;;;;;
08.07.2021 01:59;13.2;6.8; 4.09 ; 5.25 ;108.1091929;14.5913242;;;;;
08.07.2021 02:59;12.8;7.2; 4.33 ; 5.25 ;114.4685572;14.5913242;;;;;
08.07.2021 03:59;12.7;7.3; 4.39 ; 5.25 ;116.0583982;14.5913242;;;;;
08.07.2021 04:59;13.6;6.4; 3.85 ; 5.25 ;101.7498286;14.5913242;;;;;
08.07.2021 05:59;15.2;4.8; 2.89 ; 5.25 ;76.31237144;14.5913242;;;;;
08.07.2021 06:59;17.2;2.8; 1.69 ; 5.25 ;44.51555001;14.5913242;;;;;
08.07.2021 07:59;19.4;0.6; 0.36 ; 5.25 ;9.53904643;14.5913242;;;;;
08.07.2021 08:59;21.5;0; -   ; 5.25 ;0;14.5913242;;;;;
08.07.2021 09:59;23.4;0; -   ; 5.25 ;0;14.5913242;;;;;
08.07.2021 10:59;25.1;0; -   ; 5.25 ;0;14.5913242;;;;;
08.07.2021 11:59;26.4;0; -   ; 5.25 ;0;14.5913242;;;;;
08.07.2021 12:59;27.4;0; -   ; 5.25 ;0;14.5913242;;;;;
08.07.2021 13:59;28;0; -   ; 5.25 ;0;14.5913242;;;;;
08.07.2021 14:59;28.2;0; -   ; 5.25 ;0;14.5913242;;;;;
08.07.2021 15:59;28;0; -   ; 5.25 ;0;14.5913242;;;;;
08.07.2021 16:59;27.2;0; -   ; 5.25 ;0;14.5913242;;;;;
08.07.2021 17:59;26;0; -   ; 5.25 ;0;14.5913242;;;;;
08.07.2021 18:59;24.4;0; -   ; 5.25 ;0;14.5913242;;;;;
08.07.2021 19:59;22.8;0; -   ; 5.25 ;0;14.5913242;;;;;
08.07.2021 20:59;21.3;0; -   ; 5.25 ;0;14.5913242;;;;;
08.07.2021 21:59;19.8;0.2; 0.12 ; 5.25 ;3.179682143;14.5913242;;;;;
08.07.2021 22:59;18.3;1.7; 1.02 ; 5.25 ;27.02729822;14.5913242;;;;;
08.07.2021 23:59;17.6;2.4; 1.44 ; 5.25 ;38.15618572;14.5913242;;;;;
09.07.2021 00:59;16.9;3.1; 1.87 ; 5.25 ;49.28507322;14.5913242;;;;;
09.07.2021 01:59;16.5;3.5; 2.11 ; 5.25 ;55.64443751;14.5913242;;;;;
09.07.2021 02:59;16.2;3.8; 2.29 ; 5.25 ;60.41396072;14.5913242;;;;;
09.07.2021 03:59;16.1;3.9; 2.35 ; 5.25 ;62.00380179;14.5913242;;;;;
09.07.2021 04:59;17;3; 1.81 ; 5.25 ;47.69523215;14.5913242;;;;;
09.07.2021 05:59;18.4;1.6; 0.96 ; 5.25 ;25.43745715;14.5913242;;;;;
09.07.2021 06:59;20.2;0; -   ; 5.25 ;0;14.5913242;;;;;
09.07.2021 07:59;22;0; -   ; 5.25 ;0;14.5913242;;;;;
09.07.2021 08:59;23.8;0; -   ; 5.25 ;0;14.5913242;;;;;
09.07.2021 09:59;25.5;0; -   ; 5.25 ;0;14.5913242;;;;;
09.07.2021 10:59;26.9;0; -   ; 5.25 ;0;14.5913242;;;;;
09.07.2021 11:59;28;0; -   ; 5.25 ;0;14.5913242;;;;;
09.07.2021 12:59;28.9;0; -   ; 5.25 ;0;14.5913242;;;;;
09.07.2021 13:59;29.4;0; -   ; 5.25 ;0;14.5913242;;;;;
09.07.2021 14:59;29.5;0; -   ; 5.25 ;0;14.5913242;;;;;
09.07.2021 15:59;29.3;0; -   ; 5.25 ;0;14.5913242;;;;;
09.07.2021 16:59;28.7;0; -   ; 5.25 ;0;14.5913242;;;;;
09.07.2021 17:59;27.6;0; -   ; 5.25 ;0;14.5913242;;;;;
09.07.2021 18:59;26.3;0; -   ; 5.25 ;0;14.5913242;;;;;
09.07.2021 19:59;25;0; -   ; 5.25 ;0;14.5913242;;;;;
09.07.2021 20:59;23.3;0; -   ; 5.25 ;0;14.5913242;;;;;
09.07.2021 21:59;21.5;0; -   ; 5.25 ;0;14.5913242;;;;;
09.07.2021 22:59;19.7;0.3; 0.18 ; 5.25 ;4.769523215;14.5913242;;;;;
09.07.2021 23:59;18.4;1.6; 0.96 ; 5.25 ;25.43745715;14.5913242;;;;;
10.07.2021 00:59;17;3; 1.81 ; 5.25 ;47.69523215;14.5913242;;;;;
10.07.2021 01:59;16.2;3.8; 2.29 ; 5.25 ;60.41396072;14.5913242;;;;;
10.07.2021 02:59;15.7;4.3; 2.59 ; 5.25 ;68.36316608;14.5913242;;;;;
10.07.2021 03:59;15.6;4.4; 2.65 ; 5.25 ;69.95300715;14.5913242;;;;;
10.07.2021 04:59;16.5;3.5; 2.11 ; 5.25 ;55.64443751;14.5913242;;;;;
10.07.2021 05:59;18.2;1.8; 1.08 ; 5.25 ;28.61713929;14.5913242;;;;;
10.07.2021 06:59;20.1;0; -   ; 5.25 ;0;14.5913242;;;;;
10.07.2021 07:59;22.2;0; -   ; 5.25 ;0;14.5913242;;;;;
10.07.2021 08:59;24.2;0; -   ; 5.25 ;0;14.5913242;;;;;
10.07.2021 09:59;26.1;0; -   ; 5.25 ;0;14.5913242;;;;;
10.07.2021 10:59;27.8;0; -   ; 5.25 ;0;14.5913242;;;;;
10.07.2021 11:59;29.1;0; -   ; 5.25 ;0;14.5913242;;;;;
10.07.2021 12:59;30.1;0; -   ; 5.25 ;0;14.5913242;;;;;
10.07.2021 13:59;30.8;0; -   ; 5.25 ;0;14.5913242;;;;;
10.07.2021 14:59;31.1;0; -   ; 5.25 ;0;14.5913242;;;;;
10.07.2021 15:59;30.9;0; -   ; 5.25 ;0;14.5913242;;;;;
10.07.2021 16:59;30.3;0; -   ; 5.25 ;0;14.5913242;;;;;
10.07.2021 17:59;29.1;0; -   ; 5.25 ;0;14.5913242;;;;;
10.07.2021 18:59;27.6;0; -   ; 5.25 ;0;14.5913242;;;;;
10.07.2021 19:59;26;0; -   ; 5.25 ;0;14.5913242;;;;;
10.07.2021 20:59;23.5;0; -   ; 5.25 ;0;14.5913242;;;;;
10.07.2021 21:59;21.1;0; -   ; 5.25 ;0;14.5913242;;;;;
10.07.2021 22:59;18.6;1.4; 0.84 ; 5.25 ;22.257775;14.5913242;;;;;
10.07.2021 23:59;16.9;3.1; 1.87 ; 5.25 ;49.28507322;14.5913242;;;;;
11.07.2021 00:59;15;5; 3.01 ; 5.25 ;79.49205358;14.5913242;;;;;
11.07.2021 01:59;14;6; 3.61 ; 5.25 ;95.3904643;14.5913242;;;;;
11.07.2021 02:59;13.5;6.5; 3.91 ; 5.25 ;103.3396697;14.5913242;;;;;
11.07.2021 03:59;13.4;6.6; 3.97 ; 5.25 ;104.9295107;14.5913242;;;;;
11.07.2021 04:59;14.1;5.9; 3.55 ; 5.25 ;93.80062323;14.5913242;;;;;
11.07.2021 05:59;15.7;4.3; 2.59 ; 5.25 ;68.36316608;14.5913242;;;;;
11.07.2021 06:59;17.7;2.3; 1.38 ; 5.25 ;36.56634465;14.5913242;;;;;
11.07.2021 07:59;19.8;0.2; 0.12 ; 5.25 ;3.179682143;14.5913242;;;;;
11.07.2021 08:59;21.9;0; -   ; 5.25 ;0;14.5913242;;;;;
11.07.2021 09:59;23.8;0; -   ; 5.25 ;0;14.5913242;;;;;
11.07.2021 10:59;25.5;0; -   ; 5.25 ;0;14.5913242;;;;;
11.07.2021 11:59;26.8;0; -   ; 5.25 ;0;14.5913242;;;;;
11.07.2021 12:59;27.8;0; -   ; 5.25 ;0;14.5913242;;;;;
11.07.2021 13:59;28.4;0; -   ; 5.25 ;0;14.5913242;;;;;
11.07.2021 14:59;28.6;0; -   ; 5.25 ;0;14.5913242;;;;;
11.07.2021 15:59;28.3;0; -   ; 5.25 ;0;14.5913242;;;;;
11.07.2021 16:59;27.6;0; -   ; 5.25 ;0;14.5913242;;;;;
11.07.2021 17:59;26.3;0; -   ; 5.25 ;0;14.5913242;;;;;
11.07.2021 18:59;24.7;0; -   ; 5.25 ;0;14.5913242;;;;;
11.07.2021 19:59;23.1;0; -   ; 5.25 ;0;14.5913242;;;;;
11.07.2021 20:59;20.7;0; -   ; 5.25 ;0;14.5913242;;;;;
11.07.2021 21:59;18.3;1.7; 1.02 ; 5.25 ;27.02729822;14.5913242;;;;;
11.07.2021 22:59;16;4; 2.41 ; 5.25 ;63.59364287;14.5913242;;;;;
11.07.2021 23:59;14.4;5.6; 3.37 ; 5.25 ;89.03110001;14.5913242;;;;;
12.07.2021 00:59;13.1;6.9; 4.15 ; 5.25 ;109.6990339;14.5913242;;;;;
12.07.2021 01:59;12.3;7.7; 4.64 ; 5.25 ;122.4177625;14.5913242;;;;;
12.07.2021 02:59;11.8;8.2; 4.94 ; 5.25 ;130.3669679;14.5913242;;;;;
12.07.2021 03:59;11.7;8.3; 5.00 ; 5.25 ;131.9568089;14.5913242;;;;;
12.07.2021 04:59;12.6;7.4; 4.46 ; 5.25 ;117.6482393;14.5913242;;;;;
12.07.2021 05:59;13.9;6.1; 3.67 ; 5.25 ;96.98030537;14.5913242;;;;;
12.07.2021 06:59;16.2;3.8; 2.29 ; 5.25 ;60.41396072;14.5913242;;;;;
12.07.2021 07:59;17.5;2.5; 1.51 ; 5.25 ;39.74602679;14.5913242;;;;;
12.07.2021 08:59;18.3;1.7; 1.02 ; 5.25 ;27.02729822;14.5913242;;;;;
12.07.2021 09:59;19.9;0.1; 0.06 ; 5.25 ;1.589841072;14.5913242;;;;;
12.07.2021 10:59;22;0; -   ; 5.25 ;0;14.5913242;;;;;
12.07.2021 11:59;23.9;0; -   ; 5.25 ;0;14.5913242;;;;;
12.07.2021 12:59;25.3;0; -   ; 5.25 ;0;14.5913242;;;;;
12.07.2021 13:59;26.2;0; -   ; 5.25 ;0;14.5913242;;;;;
12.07.2021 14:59;26.7;0; -   ; 5.25 ;0;14.5913242;;;;;
12.07.2021 15:59;26.7;0; -   ; 5.25 ;0;14.5913242;;;;;
12.07.2021 16:59;26.2;0; -   ; 5.25 ;0;14.5913242;;;;;
12.07.2021 17:59;25;0; -   ; 5.25 ;0;14.5913242;;;;;
12.07.2021 18:59;23.5;0; -   ; 5.25 ;0;14.5913242;;;;;
12.07.2021 19:59;22;0; -   ; 5.25 ;0;14.5913242;;;;;
12.07.2021 20:59;19.5;0.5; 0.30 ; 5.25 ;7.949205358;14.5913242;;;;;
12.07.2021 21:59;17;3; 1.81 ; 5.25 ;47.69523215;14.5913242;;;;;
12.07.2021 22:59;14.5;5.5; 3.31 ; 5.25 ;87.44125894;14.5913242;;;;;
12.07.2021 23:59;12.9;7.1; 4.27 ; 5.25 ;112.8787161;14.5913242;;;;;
13.07.2021 00:59;11.1;8.9; 5.36 ; 5.25 ;141.4958554;14.5913242;;;;;
13.07.2021 01:59;10.1;9.9; 5.96 ; 5.25 ;157.3942661;14.5913242;;;;;
13.07.2021 02:59;9.3;10.7; 6.44 ; 5.25 ;170.1129947;14.5913242;;;;;
13.07.2021 03:59;9.2;10.8; 6.50 ; 5.25 ;171.7028357;14.5913242;;;;;
13.07.2021 04:59;9.7;10.3; 6.20 ; 5.25 ;163.7536304;14.5913242;;;;;
13.07.2021 05:59;11;9; 5.42 ; 5.25 ;143.0856964;14.5913242;;;;;
13.07.2021 06:59;12.5;7.5; 4.52 ; 5.25 ;119.2380804;14.5913242;;;;;
13.07.2021 07:59;14.1;5.9; 3.55 ; 5.25 ;93.80062323;14.5913242;;;;;
13.07.2021 08:59;16;4; 2.41 ; 5.25 ;63.59364287;14.5913242;;;;;
13.07.2021 09:59;17.8;2.2; 1.32 ; 5.25 ;34.97650358;14.5913242;;;;;
13.07.2021 10:59;18.3;1.7; 1.02 ; 5.25 ;27.02729822;14.5913242;;;;;
13.07.2021 11:59;18.5;1.5; 0.90 ; 5.25 ;23.84761607;14.5913242;;;;;
13.07.2021 12:59;18.7;1.3; 0.78 ; 5.25 ;20.66793393;14.5913242;;;;;
13.07.2021 13:59;18.4;1.6; 0.96 ; 5.25 ;25.43745715;14.5913242;;;;;
13.07.2021 14:59;18;2; 1.20 ; 5.25 ;31.79682143;14.5913242;;;;;
13.07.2021 15:59;17.5;2.5; 1.51 ; 5.25 ;39.74602679;14.5913242;;;;;
13.07.2021 16:59;16.7;3.3; 1.99 ; 5.25 ;52.46475536;14.5913242;;;;;
13.07.2021 17:59;15.6;4.4; 2.65 ; 5.25 ;69.95300715;14.5913242;;;;;
13.07.2021 18:59;14.3;5.7; 3.43 ; 5.25 ;90.62094108;14.5913242;;;;;
13.07.2021 19:59;13.3;6.7; 4.03 ; 5.25 ;106.5193518;14.5913242;;;;;
13.07.2021 20:59;12.6;7.4; 4.46 ; 5.25 ;117.6482393;14.5913242;;;;;
13.07.2021 21:59;11.8;8.2; 4.94 ; 5.25 ;130.3669679;14.5913242;;;;;
13.07.2021 22:59;11;9; 5.42 ; 5.25 ;143.0856964;14.5913242;;;;;
13.07.2021 23:59;11.4;8.6; 5.18 ; 5.25 ;136.7263322;14.5913242;;;;;
14.07.2021 00:59;11.8;8.2; 4.94 ; 5.25 ;130.3669679;14.5913242;;;;;
14.07.2021 01:59;12;8; 4.82 ; 5.25 ;127.1872857;14.5913242;;;;;
14.07.2021 02:59;12.1;7.9; 4.76 ; 5.25 ;125.5974447;14.5913242;;;;;
14.07.2021 03:59;12.1;7.9; 4.76 ; 5.25 ;125.5974447;14.5913242;;;;;
14.07.2021 04:59;12.8;7.2; 4.33 ; 5.25 ;114.4685572;14.5913242;;;;;
14.07.2021 05:59;13.9;6.1; 3.67 ; 5.25 ;96.98030537;14.5913242;;;;;
14.07.2021 06:59;16;4; 2.41 ; 5.25 ;63.59364287;14.5913242;;;;;
14.07.2021 07:59;18.1;1.9; 1.14 ; 5.25 ;30.20698036;14.5913242;;;;;
14.07.2021 08:59;20.8;0; -   ; 5.25 ;0;14.5913242;;;;;
14.07.2021 09:59;23.4;0; -   ; 5.25 ;0;14.5913242;;;;;
14.07.2021 10:59;23.7;0; -   ; 5.25 ;0;14.5913242;;;;;
14.07.2021 11:59;23.8;0; -   ; 5.25 ;0;14.5913242;;;;;
14.07.2021 12:59;23.9;0; -   ; 5.25 ;0;14.5913242;;;;;
14.07.2021 13:59;23.9;0; -   ; 5.25 ;0;14.5913242;;;;;
14.07.2021 14:59;22.9;0; -   ; 5.25 ;0;14.5913242;;;;;
14.07.2021 15:59;22.1;0; -   ; 5.25 ;0;14.5913242;;;;;
14.07.2021 16:59;21.2;0; -   ; 5.25 ;0;14.5913242;;;;;
14.07.2021 17:59;20.3;0; -   ; 5.25 ;0;14.5913242;;;;;
14.07.2021 18:59;19.4;0.6; 0.36 ; 5.25 ;9.53904643;14.5913242;;;;;
14.07.2021 19:59;18.5;1.5; 0.90 ; 5.25 ;23.84761607;14.5913242;;;;;
14.07.2021 20:59;17.7;2.3; 1.38 ; 5.25 ;36.56634465;14.5913242;;;;;
14.07.2021 21:59;17;3; 1.81 ; 5.25 ;47.69523215;14.5913242;;;;;
14.07.2021 22:59;16.3;3.7; 2.23 ; 5.25 ;58.82411965;14.5913242;;;;;
14.07.2021 23:59;14.6;5.4; 3.25 ; 5.25 ;85.85141787;14.5913242;;;;;
15.07.2021 00:59;14.2;5.8; 3.49 ; 5.25 ;92.21078215;14.5913242;;;;;
15.07.2021 01:59;14.3;5.7; 3.43 ; 5.25 ;90.62094108;14.5913242;;;;;
15.07.2021 02:59;13.9;6.1; 3.67 ; 5.25 ;96.98030537;14.5913242;;;;;
15.07.2021 03:59;13.8;6.2; 3.73 ; 5.25 ;98.57014644;14.5913242;;;;;
15.07.2021 04:59;12.8;7.2; 4.33 ; 5.25 ;114.4685572;14.5913242;;;;;
15.07.2021 05:59;13.6;6.4; 3.85 ; 5.25 ;101.7498286;14.5913242;;;;;
15.07.2021 06:59;14.4;5.6; 3.37 ; 5.25 ;89.03110001;14.5913242;;;;;
15.07.2021 07:59;15;5; 3.01 ; 5.25 ;79.49205358;14.5913242;;;;;
15.07.2021 08:59;15.4;4.6; 2.77 ; 5.25 ;73.1326893;14.5913242;;;;;
15.07.2021 09:59;15.7;4.3; 2.59 ; 5.25 ;68.36316608;14.5913242;;;;;
15.07.2021 10:59;16.1;3.9; 2.35 ; 5.25 ;62.00380179;14.5913242;;;;;
15.07.2021 11:59;16.2;3.8; 2.29 ; 5.25 ;60.41396072;14.5913242;;;;;
15.07.2021 12:59;14.5;5.5; 3.31 ; 5.25 ;87.44125894;14.5913242;;;;;
15.07.2021 13:59;16.2;3.8; 2.29 ; 5.25 ;60.41396072;14.5913242;;;;;
15.07.2021 14:59;16.3;3.7; 2.23 ; 5.25 ;58.82411965;14.5913242;;;;;
15.07.2021 15:59;16.4;3.6; 2.17 ; 5.25 ;57.23427858;14.5913242;;;;;
15.07.2021 16:59;16.3;3.7; 2.23 ; 5.25 ;58.82411965;14.5913242;;;;;
15.07.2021 17:59;16.1;3.9; 2.35 ; 5.25 ;62.00380179;14.5913242;;;;;
15.07.2021 18:59;15.8;4.2; 2.53 ; 5.25 ;66.77332501;14.5913242;;;;;
15.07.2021 19:59;15.1;4.9; 2.95 ; 5.25 ;77.90221251;14.5913242;;;;;
15.07.2021 20:59;14.9;5.1; 3.07 ; 5.25 ;81.08189465;14.5913242;;;;;
15.07.2021 21:59;14.4;5.6; 3.37 ; 5.25 ;89.03110001;14.5913242;;;;;
15.07.2021 22:59;14;6; 3.61 ; 5.25 ;95.3904643;14.5913242;;;;;
15.07.2021 23:59;13.8;6.2; 3.73 ; 5.25 ;98.57014644;14.5913242;;;;;
16.07.2021 00:59;13.5;6.5; 3.91 ; 5.25 ;103.3396697;14.5913242;;;;;
16.07.2021 01:59;13.4;6.6; 3.97 ; 5.25 ;104.9295107;14.5913242;;;;;
16.07.2021 02:59;13.3;6.7; 4.03 ; 5.25 ;106.5193518;14.5913242;;;;;
16.07.2021 03:59;13.3;6.7; 4.03 ; 5.25 ;106.5193518;14.5913242;;;;;
16.07.2021 04:59;13.8;6.2; 3.73 ; 5.25 ;98.57014644;14.5913242;;;;;
16.07.2021 05:59;15.8;4.2; 2.53 ; 5.25 ;66.77332501;14.5913242;;;;;
16.07.2021 06:59;17.5;2.5; 1.51 ; 5.25 ;39.74602679;14.5913242;;;;;
16.07.2021 07:59;19.6;0.4; 0.24 ; 5.25 ;6.359364287;14.5913242;;;;;
16.07.2021 08:59;20.5;0; -   ; 5.25 ;0;14.5913242;;;;;
16.07.2021 09:59;21.2;0; -   ; 5.25 ;0;14.5913242;;;;;
16.07.2021 10:59;21.9;0; -   ; 5.25 ;0;14.5913242;;;;;
16.07.2021 11:59;21.9;0; -   ; 5.25 ;0;14.5913242;;;;;
16.07.2021 12:59;22.3;0; -   ; 5.25 ;0;14.5913242;;;;;
16.07.2021 13:59;22.8;0; -   ; 5.25 ;0;14.5913242;;;;;
16.07.2021 14:59;23;0; -   ; 5.25 ;0;14.5913242;;;;;
16.07.2021 15:59;23.2;0; -   ; 5.25 ;0;14.5913242;;;;;
16.07.2021 16:59;22.6;0; -   ; 5.25 ;0;14.5913242;;;;;
16.07.2021 17:59;21.8;0; -   ; 5.25 ;0;14.5913242;;;;;
16.07.2021 18:59;20.7;0; -   ; 5.25 ;0;14.5913242;;;;;
16.07.2021 19:59;19.7;0.3; 0.18 ; 5.25 ;4.769523215;14.5913242;;;;;
16.07.2021 20:59;17.8;2.2; 1.32 ; 5.25 ;34.97650358;14.5913242;;;;;
16.07.2021 21:59;15.6;4.4; 2.65 ; 5.25 ;69.95300715;14.5913242;;;;;
16.07.2021 22:59;13.9;6.1; 3.67 ; 5.25 ;96.98030537;14.5913242;;;;;
16.07.2021 23:59;12.4;7.6; 4.58 ; 5.25 ;120.8279214;14.5913242;;;;;
17.07.2021 00:59;10.8;9.2; 5.54 ; 5.25 ;146.2653786;14.5913242;;;;;
17.07.2021 01:59;10;10; 6.02 ; 5.25 ;158.9841072;14.5913242;;;;;
17.07.2021 02:59;9.4;10.6; 6.38 ; 5.25 ;168.5231536;14.5913242;;;;;
17.07.2021 03:59;9.3;10.7; 6.44 ; 5.25 ;170.1129947;14.5913242;;;;;
17.07.2021 04:59;9.3;10.7; 6.44 ; 5.25 ;170.1129947;14.5913242;;;;;
17.07.2021 05:59;9.7;10.3; 6.20 ; 5.25 ;163.7536304;14.5913242;;;;;
17.07.2021 06:59;10.1;9.9; 5.96 ; 5.25 ;157.3942661;14.5913242;;;;;
17.07.2021 07:59;10.7;9.3; 5.60 ; 5.25 ;147.8552197;14.5913242;;;;;
17.07.2021 08:59;10.5;9.5; 5.72 ; 5.25 ;151.0349018;14.5913242;;;;;
17.07.2021 09:59;11.3;8.7; 5.24 ; 5.25 ;138.3161732;14.5913242;;;;;
17.07.2021 10:59;13.5;6.5; 3.91 ; 5.25 ;103.3396697;14.5913242;;;;;
17.07.2021 11:59;14.9;5.1; 3.07 ; 5.25 ;81.08189465;14.5913242;;;;;
17.07.2021 12:59;15.8;4.2; 2.53 ; 5.25 ;66.77332501;14.5913242;;;;;
17.07.2021 13:59;16.1;3.9; 2.35 ; 5.25 ;62.00380179;14.5913242;;;;;
17.07.2021 14:59;16.3;3.7; 2.23 ; 5.25 ;58.82411965;14.5913242;;;;;
17.07.2021 15:59;15.9;4.1; 2.47 ; 5.25 ;65.18348394;14.5913242;;;;;
17.07.2021 16:59;15.1;4.9; 2.95 ; 5.25 ;77.90221251;14.5913242;;;;;
17.07.2021 17:59;14.3;5.7; 3.43 ; 5.25 ;90.62094108;14.5913242;;;;;
17.07.2021 18:59;13.6;6.4; 3.85 ; 5.25 ;101.7498286;14.5913242;;;;;
17.07.2021 19:59;12.8;7.2; 4.33 ; 5.25 ;114.4685572;14.5913242;;;;;
17.07.2021 20:59;12.5;7.5; 4.52 ; 5.25 ;119.2380804;14.5913242;;;;;
17.07.2021 21:59;12.1;7.9; 4.76 ; 5.25 ;125.5974447;14.5913242;;;;;
17.07.2021 22:59;11.7;8.3; 5.00 ; 5.25 ;131.9568089;14.5913242;;;;;
17.07.2021 23:59;11.9;8.1; 4.88 ; 5.25 ;128.7771268;14.5913242;;;;;
18.07.2021 00:59;12;8; 4.82 ; 5.25 ;127.1872857;14.5913242;;;;;
18.07.2021 01:59;12.3;7.7; 4.64 ; 5.25 ;122.4177625;14.5913242;;;;;
18.07.2021 02:59;12.4;7.6; 4.58 ; 5.25 ;120.8279214;14.5913242;;;;;
18.07.2021 03:59;12.4;7.6; 4.58 ; 5.25 ;120.8279214;14.5913242;;;;;
18.07.2021 04:59;12.5;7.5; 4.52 ; 5.25 ;119.2380804;14.5913242;;;;;
18.07.2021 05:59;12.9;7.1; 4.27 ; 5.25 ;112.8787161;14.5913242;;;;;
18.07.2021 06:59;13.4;6.6; 3.97 ; 5.25 ;104.9295107;14.5913242;;;;;
18.07.2021 07:59;13.9;6.1; 3.67 ; 5.25 ;96.98030537;14.5913242;;;;;
18.07.2021 08:59;14.3;5.7; 3.43 ; 5.25 ;90.62094108;14.5913242;;;;;
18.07.2021 09:59;14.8;5.2; 3.13 ; 5.25 ;82.67173573;14.5913242;;;;;
18.07.2021 10:59;15.1;4.9; 2.95 ; 5.25 ;77.90221251;14.5913242;;;;;
18.07.2021 11:59;15.5;4.5; 2.71 ; 5.25 ;71.54284822;14.5913242;;;;;
18.07.2021 12:59;15.8;4.2; 2.53 ; 5.25 ;66.77332501;14.5913242;;;;;
18.07.2021 13:59;16;4; 2.41 ; 5.25 ;63.59364287;14.5913242;;;;;
18.07.2021 14:59;16;4; 2.41 ; 5.25 ;63.59364287;14.5913242;;;;;
18.07.2021 15:59;15.8;4.2; 2.53 ; 5.25 ;66.77332501;14.5913242;;;;;
18.07.2021 16:59;14.6;5.4; 3.25 ; 5.25 ;85.85141787;14.5913242;;;;;
18.07.2021 17:59;15.6;4.4; 2.65 ; 5.25 ;69.95300715;14.5913242;;;;;
18.07.2021 18:59;14.8;5.2; 3.13 ; 5.25 ;82.67173573;14.5913242;;;;;
18.07.2021 19:59;15.2;4.8; 2.89 ; 5.25 ;76.31237144;14.5913242;;;;;
18.07.2021 20:59;14.8;5.2; 3.13 ; 5.25 ;82.67173573;14.5913242;;;;;
18.07.2021 21:59;14.6;5.4; 3.25 ; 5.25 ;85.85141787;14.5913242;;;;;
18.07.2021 22:59;14.1;5.9; 3.55 ; 5.25 ;93.80062323;14.5913242;;;;;
18.07.2021 23:59;13.9;6.1; 3.67 ; 5.25 ;96.98030537;14.5913242;;;;;
19.07.2021 00:59;13.7;6.3; 3.79 ; 5.25 ;100.1599875;14.5913242;;;;;
19.07.2021 01:59;13.5;6.5; 3.91 ; 5.25 ;103.3396697;14.5913242;;;;;
19.07.2021 02:59;13.3;6.7; 4.03 ; 5.25 ;106.5193518;14.5913242;;;;;
19.07.2021 03:59;13.2;6.8; 4.09 ; 5.25 ;108.1091929;14.5913242;;;;;
19.07.2021 04:59;13.3;6.7; 4.03 ; 5.25 ;106.5193518;14.5913242;;;;;
19.07.2021 05:59;14.2;5.8; 3.49 ; 5.25 ;92.21078215;14.5913242;;;;;
19.07.2021 06:59;15.1;4.9; 2.95 ; 5.25 ;77.90221251;14.5913242;;;;;
19.07.2021 07:59;16.4;3.6; 2.17 ; 5.25 ;57.23427858;14.5913242;;;;;
19.07.2021 08:59;17.5;2.5; 1.51 ; 5.25 ;39.74602679;14.5913242;;;;;
19.07.2021 09:59;19;1; 0.60 ; 5.25 ;15.89841072;14.5913242;;;;;
19.07.2021 10:59;20;0; -   ; 5.25 ;0;14.5913242;;;;;
19.07.2021 11:59;20.5;0; -   ; 5.25 ;0;14.5913242;;;;;
19.07.2021 12:59;21;0; -   ; 5.25 ;0;14.5913242;;;;;
19.07.2021 13:59;21.4;0; -   ; 5.25 ;0;14.5913242;;;;;
19.07.2021 14:59;21.8;0; -   ; 5.25 ;0;14.5913242;;;;;
19.07.2021 15:59;21.9;0; -   ; 5.25 ;0;14.5913242;;;;;
19.07.2021 16:59;21.9;0; -   ; 5.25 ;0;14.5913242;;;;;
19.07.2021 17:59;21.6;0; -   ; 5.25 ;0;14.5913242;;;;;
19.07.2021 18:59;20.8;0; -   ; 5.25 ;0;14.5913242;;;;;
19.07.2021 19:59;19.9;0.1; 0.06 ; 5.25 ;1.589841072;14.5913242;;;;;
19.07.2021 20:59;18.6;1.4; 0.84 ; 5.25 ;22.257775;14.5913242;;;;;
19.07.2021 21:59;17.3;2.7; 1.63 ; 5.25 ;42.92570893;14.5913242;;;;;
19.07.2021 22:59;15.9;4.1; 2.47 ; 5.25 ;65.18348394;14.5913242;;;;;
19.07.2021 23:59;14.9;5.1; 3.07 ; 5.25 ;81.08189465;14.5913242;;;;;
20.07.2021 00:59;13.9;6.1; 3.67 ; 5.25 ;96.98030537;14.5913242;;;;;
20.07.2021 01:59;13.4;6.6; 3.97 ; 5.25 ;104.9295107;14.5913242;;;;;
20.07.2021 02:59;13;7; 4.21 ; 5.25 ;111.288875;14.5913242;;;;;
20.07.2021 03:59;13;7; 4.21 ; 5.25 ;111.288875;14.5913242;;;;;
20.07.2021 04:59;13;7; 4.21 ; 5.25 ;111.288875;14.5913242;;;;;
20.07.2021 05:59;13.2;6.8; 4.09 ; 5.25 ;108.1091929;14.5913242;;;;;
20.07.2021 06:59;14.7;5.3; 3.19 ; 5.25 ;84.2615768;14.5913242;;;;;
20.07.2021 07:59;15.6;4.4; 2.65 ; 5.25 ;69.95300715;14.5913242;;;;;
20.07.2021 08:59;17.4;2.6; 1.57 ; 5.25 ;41.33586786;14.5913242;;;;;
20.07.2021 09:59;17.4;2.6; 1.57 ; 5.25 ;41.33586786;14.5913242;;;;;
20.07.2021 10:59;17.9;2.1; 1.26 ; 5.25 ;33.3866625;14.5913242;;;;;
20.07.2021 11:59;18.4;1.6; 0.96 ; 5.25 ;25.43745715;14.5913242;;;;;
20.07.2021 12:59;18.4;1.6; 0.96 ; 5.25 ;25.43745715;14.5913242;;;;;
20.07.2021 13:59;19.4;0.6; 0.36 ; 5.25 ;9.53904643;14.5913242;;;;;
20.07.2021 14:59;18.8;1.2; 0.72 ; 5.25 ;19.07809286;14.5913242;;;;;
20.07.2021 15:59;18.3;1.7; 1.02 ; 5.25 ;27.02729822;14.5913242;;;;;
20.07.2021 16:59;17.9;2.1; 1.26 ; 5.25 ;33.3866625;14.5913242;;;;;
20.07.2021 17:59;17.1;2.9; 1.75 ; 5.25 ;46.10539108;14.5913242;;;;;
20.07.2021 18:59;16.1;3.9; 2.35 ; 5.25 ;62.00380179;14.5913242;;;;;
20.07.2021 19:59;16;4; 2.41 ; 5.25 ;63.59364287;14.5913242;;;;;
20.07.2021 20:59;15.8;4.2; 2.53 ; 5.25 ;66.77332501;14.5913242;;;;;
20.07.2021 21:59;15.5;4.5; 2.71 ; 5.25 ;71.54284822;14.5913242;;;;;
20.07.2021 22:59;15.4;4.6; 2.77 ; 5.25 ;73.1326893;14.5913242;;;;;
20.07.2021 23:59;15.5;4.5; 2.71 ; 5.25 ;71.54284822;14.5913242;;;;;
21.07.2021 00:59;15.7;4.3; 2.59 ; 5.25 ;68.36316608;14.5913242;;;;;
21.07.2021 01:59;15.9;4.1; 2.47 ; 5.25 ;65.18348394;14.5913242;;;;;
21.07.2021 02:59;16.1;3.9; 2.35 ; 5.25 ;62.00380179;14.5913242;;;;;
21.07.2021 03:59;16.1;3.9; 2.35 ; 5.25 ;62.00380179;14.5913242;;;;;
21.07.2021 04:59;16.5;3.5; 2.11 ; 5.25 ;55.64443751;14.5913242;;;;;
21.07.2021 05:59;17.2;2.8; 1.69 ; 5.25 ;44.51555001;14.5913242;;;;;
21.07.2021 06:59;17.6;2.4; 1.44 ; 5.25 ;38.15618572;14.5913242;;;;;
21.07.2021 07:59;18;2; 1.20 ; 5.25 ;31.79682143;14.5913242;;;;;
21.07.2021 08:59;18.5;1.5; 0.90 ; 5.25 ;23.84761607;14.5913242;;;;;
21.07.2021 09:59;18.6;1.4; 0.84 ; 5.25 ;22.257775;14.5913242;;;;;
21.07.2021 10:59;19.5;0.5; 0.30 ; 5.25 ;7.949205358;14.5913242;;;;;
21.07.2021 11:59;20.7;0; -   ; 5.25 ;0;14.5913242;;;;;
21.07.2021 12:59;21.6;0; -   ; 5.25 ;0;14.5913242;;;;;
21.07.2021 13:59;22.1;0; -   ; 5.25 ;0;14.5913242;;;;;
21.07.2021 14:59;23.4;0; -   ; 5.25 ;0;14.5913242;;;;;
21.07.2021 15:59;23.8;0; -   ; 5.25 ;0;14.5913242;;;;;
21.07.2021 16:59;23;0; -   ; 5.25 ;0;14.5913242;;;;;
21.07.2021 17:59;23.6;0; -   ; 5.25 ;0;14.5913242;;;;;
21.07.2021 18:59;23.1;0; -   ; 5.25 ;0;14.5913242;;;;;
21.07.2021 19:59;22.4;0; -   ; 5.25 ;0;14.5913242;;;;;
21.07.2021 20:59;21.7;0; -   ; 5.25 ;0;14.5913242;;;;;
21.07.2021 21:59;20.9;0; -   ; 5.25 ;0;14.5913242;;;;;
21.07.2021 22:59;20.1;0; -   ; 5.25 ;0;14.5913242;;;;;
21.07.2021 23:59;19.1;0.9; 0.54 ; 5.25 ;14.30856964;14.5913242;;;;;
22.07.2021 00:59;18.1;1.9; 1.14 ; 5.25 ;30.20698036;14.5913242;;;;;
22.07.2021 01:59;17.5;2.5; 1.51 ; 5.25 ;39.74602679;14.5913242;;;;;
22.07.2021 02:59;17.2;2.8; 1.69 ; 5.25 ;44.51555001;14.5913242;;;;;
22.07.2021 03:59;17.1;2.9; 1.75 ; 5.25 ;46.10539108;14.5913242;;;;;
22.07.2021 04:59;17.4;2.6; 1.57 ; 5.25 ;41.33586786;14.5913242;;;;;
22.07.2021 05:59;18.3;1.7; 1.02 ; 5.25 ;27.02729822;14.5913242;;;;;
22.07.2021 06:59;19.4;0.6; 0.36 ; 5.25 ;9.53904643;14.5913242;;;;;
22.07.2021 07:59;20.2;0; -   ; 5.25 ;0;14.5913242;;;;;
22.07.2021 08:59;21.1;0; -   ; 5.25 ;0;14.5913242;;;;;
22.07.2021 09:59;22.2;0; -   ; 5.25 ;0;14.5913242;;;;;
22.07.2021 10:59;22.9;0; -   ; 5.25 ;0;14.5913242;;;;;
22.07.2021 11:59;23.3;0; -   ; 5.25 ;0;14.5913242;;;;;
22.07.2021 12:59;23.4;0; -   ; 5.25 ;0;14.5913242;;;;;
22.07.2021 13:59;23.3;0; -   ; 5.25 ;0;14.5913242;;;;;
22.07.2021 14:59;22.8;0; -   ; 5.25 ;0;14.5913242;;;;;
22.07.2021 15:59;22.2;0; -   ; 5.25 ;0;14.5913242;;;;;
22.07.2021 16:59;21.4;0; -   ; 5.25 ;0;14.5913242;;;;;
22.07.2021 17:59;20.3;0; -   ; 5.25 ;0;14.5913242;;;;;
22.07.2021 18:59;20.4;0; -   ; 5.25 ;0;14.5913242;;;;;
22.07.2021 19:59;19.9;0.1; 0.06 ; 5.25 ;1.589841072;14.5913242;;;;;
22.07.2021 20:59;18.9;1.1; 0.66 ; 5.25 ;17.48825179;14.5913242;;;;;
22.07.2021 21:59;17.9;2.1; 1.26 ; 5.25 ;33.3866625;14.5913242;;;;;
22.07.2021 22:59;16.9;3.1; 1.87 ; 5.25 ;49.28507322;14.5913242;;;;;
22.07.2021 23:59;16.2;3.8; 2.29 ; 5.25 ;60.41396072;14.5913242;;;;;
23.07.2021 00:59;15.5;4.5; 2.71 ; 5.25 ;71.54284822;14.5913242;;;;;
23.07.2021 01:59;15.1;4.9; 2.95 ; 5.25 ;77.90221251;14.5913242;;;;;
23.07.2021 02:59;14.8;5.2; 3.13 ; 5.25 ;82.67173573;14.5913242;;;;;
23.07.2021 03:59;14.7;5.3; 3.19 ; 5.25 ;84.2615768;14.5913242;;;;;
23.07.2021 04:59;15.4;4.6; 2.77 ; 5.25 ;73.1326893;14.5913242;;;;;
23.07.2021 05:59;16.9;3.1; 1.87 ; 5.25 ;49.28507322;14.5913242;;;;;
23.07.2021 06:59;18.8;1.2; 0.72 ; 5.25 ;19.07809286;14.5913242;;;;;
23.07.2021 07:59;20.9;0; -   ; 5.25 ;0;14.5913242;;;;;
23.07.2021 08:59;23;0; -   ; 5.25 ;0;14.5913242;;;;;
23.07.2021 09:59;24.9;0; -   ; 5.25 ;0;14.5913242;;;;;
23.07.2021 10:59;26.5;0; -   ; 5.25 ;0;14.5913242;;;;;
23.07.2021 11:59;27.8;0; -   ; 5.25 ;0;14.5913242;;;;;
23.07.2021 12:59;28.8;0; -   ; 5.25 ;0;14.5913242;;;;;
23.07.2021 13:59;29.5;0; -   ; 5.25 ;0;14.5913242;;;;;
23.07.2021 14:59;29.7;0; -   ; 5.25 ;0;14.5913242;;;;;
23.07.2021 15:59;29.6;0; -   ; 5.25 ;0;14.5913242;;;;;
23.07.2021 16:59;28.9;0; -   ; 5.25 ;0;14.5913242;;;;;
23.07.2021 17:59;27.7;0; -   ; 5.25 ;0;14.5913242;;;;;
23.07.2021 18:59;26.3;0; -   ; 5.25 ;0;14.5913242;;;;;
23.07.2021 19:59;24.8;0; -   ; 5.25 ;0;14.5913242;;;;;
23.07.2021 20:59;23.6;0; -   ; 5.25 ;0;14.5913242;;;;;
23.07.2021 21:59;22.4;0; -   ; 5.25 ;0;14.5913242;;;;;
23.07.2021 22:59;21.1;0; -   ; 5.25 ;0;14.5913242;;;;;
23.07.2021 23:59;20.5;0; -   ; 5.25 ;0;14.5913242;;;;;
24.07.2021 00:59;19.7;0.3; 0.18 ; 5.25 ;4.769523215;14.5913242;;;;;
24.07.2021 01:59;19.2;0.8; 0.48 ; 5.25 ;12.71872857;14.5913242;;;;;
24.07.2021 02:59;18.9;1.1; 0.66 ; 5.25 ;17.48825179;14.5913242;;;;;
24.07.2021 03:59;18.8;1.2; 0.72 ; 5.25 ;19.07809286;14.5913242;;;;;
24.07.2021 04:59;19.3;0.7; 0.42 ; 5.25 ;11.1288875;14.5913242;;;;;
24.07.2021 05:59;20.7;0; -   ; 5.25 ;0;14.5913242;;;;;
24.07.2021 06:59;22.3;0; -   ; 5.25 ;0;14.5913242;;;;;
24.07.2021 07:59;24.1;0; -   ; 5.25 ;0;14.5913242;;;;;
24.07.2021 08:59;26;0; -   ; 5.25 ;0;14.5913242;;;;;
24.07.2021 09:59;27.9;0; -   ; 5.25 ;0;14.5913242;;;;;
24.07.2021 10:59;29.4;0; -   ; 5.25 ;0;14.5913242;;;;;
24.07.2021 11:59;30.9;0; -   ; 5.25 ;0;14.5913242;;;;;
24.07.2021 12:59;31.9;0; -   ; 5.25 ;0;14.5913242;;;;;
24.07.2021 13:59;32.5;0; -   ; 5.25 ;0;14.5913242;;;;;
24.07.2021 14:59;32.7;0; -   ; 5.25 ;0;14.5913242;;;;;
24.07.2021 15:59;32.6;0; -   ; 5.25 ;0;14.5913242;;;;;
24.07.2021 16:59;32;0; -   ; 5.25 ;0;14.5913242;;;;;
24.07.2021 17:59;30.9;0; -   ; 5.25 ;0;14.5913242;;;;;
24.07.2021 18:59;29.5;0; -   ; 5.25 ;0;14.5913242;;;;;
24.07.2021 19:59;28;0; -   ; 5.25 ;0;14.5913242;;;;;
24.07.2021 20:59;26.3;0; -   ; 5.25 ;0;14.5913242;;;;;
24.07.2021 21:59;24.5;0; -   ; 5.25 ;0;14.5913242;;;;;
24.07.2021 22:59;22.8;0; -   ; 5.25 ;0;14.5913242;;;;;
24.07.2021 23:59;22;0; -   ; 5.25 ;0;14.5913242;;;;;
25.07.2021 00:59;21.1;0; -   ; 5.25 ;0;14.5913242;;;;;
25.07.2021 01:59;20.6;0; -   ; 5.25 ;0;14.5913242;;;;;
25.07.2021 02:59;20.2;0; -   ; 5.25 ;0;14.5913242;;;;;
25.07.2021 03:59;19.8;0.2; 0.12 ; 5.25 ;3.179682143;14.5913242;;;;;
25.07.2021 04:59;20.2;0; -   ; 5.25 ;0;14.5913242;;;;;
25.07.2021 05:59;21.1;0; -   ; 5.25 ;0;14.5913242;;;;;
25.07.2021 06:59;21.9;0; -   ; 5.25 ;0;14.5913242;;;;;
25.07.2021 07:59;22.7;0; -   ; 5.25 ;0;14.5913242;;;;;
25.07.2021 08:59;24.4;0; -   ; 5.25 ;0;14.5913242;;;;;
25.07.2021 09:59;25.9;0; -   ; 5.25 ;0;14.5913242;;;;;
25.07.2021 10:59;27.1;0; -   ; 5.25 ;0;14.5913242;;;;;
25.07.2021 11:59;28.3;0; -   ; 5.25 ;0;14.5913242;;;;;
25.07.2021 12:59;29;0; -   ; 5.25 ;0;14.5913242;;;;;
25.07.2021 13:59;29.6;0; -   ; 5.25 ;0;14.5913242;;;;;
25.07.2021 14:59;29.9;0; -   ; 5.25 ;0;14.5913242;;;;;
25.07.2021 15:59;29.6;0; -   ; 5.25 ;0;14.5913242;;;;;
25.07.2021 16:59;29.1;0; -   ; 5.25 ;0;14.5913242;;;;;
25.07.2021 17:59;28.3;0; -   ; 5.25 ;0;14.5913242;;;;;
25.07.2021 18:59;27.4;0; -   ; 5.25 ;0;14.5913242;;;;;
25.07.2021 19:59;26.3;0; -   ; 5.25 ;0;14.5913242;;;;;
25.07.2021 20:59;24.6;0; -   ; 5.25 ;0;14.5913242;;;;;
25.07.2021 21:59;22.9;0; -   ; 5.25 ;0;14.5913242;;;;;
25.07.2021 22:59;21.2;0; -   ; 5.25 ;0;14.5913242;;;;;
25.07.2021 23:59;19.8;0.2; 0.12 ; 5.25 ;3.179682143;14.5913242;;;;;
26.07.2021 00:59;18.2;1.8; 1.08 ; 5.25 ;28.61713929;14.5913242;;;;;
26.07.2021 01:59;17.3;2.7; 1.63 ; 5.25 ;42.92570893;14.5913242;;;;;
26.07.2021 02:59;16.5;3.5; 2.11 ; 5.25 ;55.64443751;14.5913242;;;;;
26.07.2021 03:59;15.9;4.1; 2.47 ; 5.25 ;65.18348394;14.5913242;;;;;
26.07.2021 04:59;16.3;3.7; 2.23 ; 5.25 ;58.82411965;14.5913242;;;;;
26.07.2021 05:59;17.9;2.1; 1.26 ; 5.25 ;33.3866625;14.5913242;;;;;
26.07.2021 06:59;19.6;0.4; 0.24 ; 5.25 ;6.359364287;14.5913242;;;;;
26.07.2021 07:59;21.3;0; -   ; 5.25 ;0;14.5913242;;;;;
26.07.2021 08:59;23;0; -   ; 5.25 ;0;14.5913242;;;;;
26.07.2021 09:59;24.5;0; -   ; 5.25 ;0;14.5913242;;;;;
26.07.2021 10:59;25.7;0; -   ; 5.25 ;0;14.5913242;;;;;
26.07.2021 11:59;26.8;0; -   ; 5.25 ;0;14.5913242;;;;;
26.07.2021 12:59;27.6;0; -   ; 5.25 ;0;14.5913242;;;;;
26.07.2021 13:59;28;0; -   ; 5.25 ;0;14.5913242;;;;;
26.07.2021 14:59;28.1;0; -   ; 5.25 ;0;14.5913242;;;;;
26.07.2021 15:59;27.8;0; -   ; 5.25 ;0;14.5913242;;;;;
26.07.2021 16:59;27;0; -   ; 5.25 ;0;14.5913242;;;;;
26.07.2021 17:59;25.8;0; -   ; 5.25 ;0;14.5913242;;;;;
26.07.2021 18:59;24.4;0; -   ; 5.25 ;0;14.5913242;;;;;
26.07.2021 19:59;23;0; -   ; 5.25 ;0;14.5913242;;;;;
26.07.2021 20:59;21.1;0; -   ; 5.25 ;0;14.5913242;;;;;
26.07.2021 21:59;19.1;0.9; 0.54 ; 5.25 ;14.30856964;14.5913242;;;;;
26.07.2021 22:59;17.1;2.9; 1.75 ; 5.25 ;46.10539108;14.5913242;;;;;
26.07.2021 23:59;15.9;4.1; 2.47 ; 5.25 ;65.18348394;14.5913242;;;;;
27.07.2021 00:59;14.5;5.5; 3.31 ; 5.25 ;87.44125894;14.5913242;;;;;
27.07.2021 01:59;13.9;6.1; 3.67 ; 5.25 ;96.98030537;14.5913242;;;;;
27.07.2021 02:59;13.3;6.7; 4.03 ; 5.25 ;106.5193518;14.5913242;;;;;
27.07.2021 03:59;12.8;7.2; 4.33 ; 5.25 ;114.4685572;14.5913242;;;;;
27.07.2021 04:59;13.1;6.9; 4.15 ; 5.25 ;109.6990339;14.5913242;;;;;
27.07.2021 05:59;14.4;5.6; 3.37 ; 5.25 ;89.03110001;14.5913242;;;;;
27.07.2021 06:59;16.1;3.9; 2.35 ; 5.25 ;62.00380179;14.5913242;;;;;
27.07.2021 07:59;18;2; 1.20 ; 5.25 ;31.79682143;14.5913242;;;;;
27.07.2021 08:59;19.7;0.3; 0.18 ; 5.25 ;4.769523215;14.5913242;;;;;
27.07.2021 09:59;21.4;0; -   ; 5.25 ;0;14.5913242;;;;;
27.07.2021 10:59;22.8;0; -   ; 5.25 ;0;14.5913242;;;;;
27.07.2021 11:59;23.8;0; -   ; 5.25 ;0;14.5913242;;;;;
27.07.2021 12:59;24.4;0; -   ; 5.25 ;0;14.5913242;;;;;
27.07.2021 13:59;24.7;0; -   ; 5.25 ;0;14.5913242;;;;;
27.07.2021 14:59;24.7;0; -   ; 5.25 ;0;14.5913242;;;;;
27.07.2021 15:59;24.4;0; -   ; 5.25 ;0;14.5913242;;;;;
27.07.2021 16:59;23.5;0; -   ; 5.25 ;0;14.5913242;;;;;
27.07.2021 17:59;22.3;0; -   ; 5.25 ;0;14.5913242;;;;;
27.07.2021 18:59;20.9;0; -   ; 5.25 ;0;14.5913242;;;;;
27.07.2021 19:59;19.6;0.4; 0.24 ; 5.25 ;6.359364287;14.5913242;;;;;
27.07.2021 20:59;17.7;2.3; 1.38 ; 5.25 ;36.56634465;14.5913242;;;;;
27.07.2021 21:59;15.9;4.1; 2.47 ; 5.25 ;65.18348394;14.5913242;;;;;
27.07.2021 22:59;14.1;5.9; 3.55 ; 5.25 ;93.80062323;14.5913242;;;;;
27.07.2021 23:59;13.1;6.9; 4.15 ; 5.25 ;109.6990339;14.5913242;;;;;
28.07.2021 00:59;12;8; 4.82 ; 5.25 ;127.1872857;14.5913242;;;;;
28.07.2021 01:59;11.3;8.7; 5.24 ; 5.25 ;138.3161732;14.5913242;;;;;
28.07.2021 02:59;10.7;9.3; 5.60 ; 5.25 ;147.8552197;14.5913242;;;;;
28.07.2021 03:59;10.2;9.8; 5.90 ; 5.25 ;155.804425;14.5913242;;;;;
28.07.2021 04:59;10.5;9.5; 5.72 ; 5.25 ;151.0349018;14.5913242;;;;;
28.07.2021 05:59;11.7;8.3; 5.00 ; 5.25 ;131.9568089;14.5913242;;;;;
28.07.2021 06:59;13.2;6.8; 4.09 ; 5.25 ;108.1091929;14.5913242;;;;;
28.07.2021 07:59;14.8;5.2; 3.13 ; 5.25 ;82.67173573;14.5913242;;;;;
28.07.2021 08:59;16.3;3.7; 2.23 ; 5.25 ;58.82411965;14.5913242;;;;;
28.07.2021 09:59;17.7;2.3; 1.38 ; 5.25 ;36.56634465;14.5913242;;;;;
28.07.2021 10:59;19.1;0.9; 0.54 ; 5.25 ;14.30856964;14.5913242;;;;;
28.07.2021 11:59;20.1;0; -   ; 5.25 ;0;14.5913242;;;;;
28.07.2021 12:59;20.8;0; -   ; 5.25 ;0;14.5913242;;;;;
28.07.2021 13:59;21;0; -   ; 5.25 ;0;14.5913242;;;;;
28.07.2021 14:59;21.1;0; -   ; 5.25 ;0;14.5913242;;;;;
28.07.2021 15:59;20.9;0; -   ; 5.25 ;0;14.5913242;;;;;
28.07.2021 16:59;20.2;0; -   ; 5.25 ;0;14.5913242;;;;;
28.07.2021 17:59;19.1;0.9; 0.54 ; 5.25 ;14.30856964;14.5913242;;;;;
28.07.2021 18:59;17.8;2.2; 1.32 ; 5.25 ;34.97650358;14.5913242;;;;;
28.07.2021 19:59;16.5;3.5; 2.11 ; 5.25 ;55.64443751;14.5913242;;;;;
28.07.2021 20:59;15.3;4.7; 2.83 ; 5.25 ;74.72253037;14.5913242;;;;;
28.07.2021 21:59;14.1;5.9; 3.55 ; 5.25 ;93.80062323;14.5913242;;;;;
28.07.2021 22:59;13.1;6.9; 4.15 ; 5.25 ;109.6990339;14.5913242;;;;;
28.07.2021 23:59;12.6;7.4; 4.46 ; 5.25 ;117.6482393;14.5913242;;;;;
29.07.2021 00:59;12.2;7.8; 4.70 ; 5.25 ;124.0076036;14.5913242;;;;;
29.07.2021 01:59;12;8; 4.82 ; 5.25 ;127.1872857;14.5913242;;;;;
29.07.2021 02:59;11.7;8.3; 5.00 ; 5.25 ;131.9568089;14.5913242;;;;;
29.07.2021 03:59;11.6;8.4; 5.06 ; 5.25 ;133.54665;14.5913242;;;;;
29.07.2021 04:59;11.8;8.2; 4.94 ; 5.25 ;130.3669679;14.5913242;;;;;
29.07.2021 05:59;12.8;7.2; 4.33 ; 5.25 ;114.4685572;14.5913242;;;;;
29.07.2021 06:59;13.9;6.1; 3.67 ; 5.25 ;96.98030537;14.5913242;;;;;
29.07.2021 07:59;15.7;4.3; 2.59 ; 5.25 ;68.36316608;14.5913242;;;;;
29.07.2021 08:59;17.2;2.8; 1.69 ; 5.25 ;44.51555001;14.5913242;;;;;
29.07.2021 09:59;19.5;0.5; 0.30 ; 5.25 ;7.949205358;14.5913242;;;;;
29.07.2021 10:59;20.9;0; -   ; 5.25 ;0;14.5913242;;;;;
29.07.2021 11:59;21.9;0; -   ; 5.25 ;0;14.5913242;;;;;
29.07.2021 12:59;21.8;0; -   ; 5.25 ;0;14.5913242;;;;;
29.07.2021 13:59;21.5;0; -   ; 5.25 ;0;14.5913242;;;;;
29.07.2021 14:59;21.4;0; -   ; 5.25 ;0;14.5913242;;;;;
29.07.2021 15:59;20.5;0; -   ; 5.25 ;0;14.5913242;;;;;
29.07.2021 16:59;19.4;0.6; 0.36 ; 5.25 ;9.53904643;14.5913242;;;;;
29.07.2021 17:59;18.2;1.8; 1.08 ; 5.25 ;28.61713929;14.5913242;;;;;
29.07.2021 18:59;17.2;2.8; 1.69 ; 5.25 ;44.51555001;14.5913242;;;;;
29.07.2021 19:59;16.4;3.6; 2.17 ; 5.25 ;57.23427858;14.5913242;;;;;
29.07.2021 20:59;15.6;4.4; 2.65 ; 5.25 ;69.95300715;14.5913242;;;;;
29.07.2021 21:59;14.8;5.2; 3.13 ; 5.25 ;82.67173573;14.5913242;;;;;
29.07.2021 22:59;14;6; 3.61 ; 5.25 ;95.3904643;14.5913242;;;;;
29.07.2021 23:59;12.9;7.1; 4.27 ; 5.25 ;112.8787161;14.5913242;;;;;
30.07.2021 00:59;12.7;7.3; 4.39 ; 5.25 ;116.0583982;14.5913242;;;;;
30.07.2021 01:59;12.5;7.5; 4.52 ; 5.25 ;119.2380804;14.5913242;;;;;
30.07.2021 02:59;12.2;7.8; 4.70 ; 5.25 ;124.0076036;14.5913242;;;;;
30.07.2021 03:59;11.9;8.1; 4.88 ; 5.25 ;128.7771268;14.5913242;;;;;
30.07.2021 04:59;12;8; 4.82 ; 5.25 ;127.1872857;14.5913242;;;;;
30.07.2021 05:59;12.8;7.2; 4.33 ; 5.25 ;114.4685572;14.5913242;;;;;
30.07.2021 06:59;13.6;6.4; 3.85 ; 5.25 ;101.7498286;14.5913242;;;;;
30.07.2021 07:59;14.4;5.6; 3.37 ; 5.25 ;89.03110001;14.5913242;;;;;
30.07.2021 08:59;15.4;4.6; 2.77 ; 5.25 ;73.1326893;14.5913242;;;;;
30.07.2021 09:59;16.4;3.6; 2.17 ; 5.25 ;57.23427858;14.5913242;;;;;
30.07.2021 10:59;17.1;2.9; 1.75 ; 5.25 ;46.10539108;14.5913242;;;;;
30.07.2021 11:59;17.7;2.3; 1.38 ; 5.25 ;36.56634465;14.5913242;;;;;
30.07.2021 12:59;17.9;2.1; 1.26 ; 5.25 ;33.3866625;14.5913242;;;;;
30.07.2021 13:59;18.1;1.9; 1.14 ; 5.25 ;30.20698036;14.5913242;;;;;
30.07.2021 14:59;18.1;1.9; 1.14 ; 5.25 ;30.20698036;14.5913242;;;;;
30.07.2021 15:59;17.7;2.3; 1.38 ; 5.25 ;36.56634465;14.5913242;;;;;
30.07.2021 16:59;17.1;2.9; 1.75 ; 5.25 ;46.10539108;14.5913242;;;;;
30.07.2021 17:59;16.5;3.5; 2.11 ; 5.25 ;55.64443751;14.5913242;;;;;
30.07.2021 18:59;15.8;4.2; 2.53 ; 5.25 ;66.77332501;14.5913242;;;;;
30.07.2021 19:59;14.8;5.2; 3.13 ; 5.25 ;82.67173573;14.5913242;;;;;
30.07.2021 20:59;13.9;6.1; 3.67 ; 5.25 ;96.98030537;14.5913242;;;;;
30.07.2021 21:59;13.2;6.8; 4.09 ; 5.25 ;108.1091929;14.5913242;;;;;
30.07.2021 22:59;12.3;7.7; 4.64 ; 5.25 ;122.4177625;14.5913242;;;;;
30.07.2021 23:59;11.7;8.3; 5.00 ; 5.25 ;131.9568089;14.5913242;;;;;
31.07.2021 00:59;11.1;8.9; 5.36 ; 5.25 ;141.4958554;14.5913242;;;;;
31.07.2021 01:59;10.7;9.3; 5.60 ; 5.25 ;147.8552197;14.5913242;;;;;
31.07.2021 02:59;10.3;9.7; 5.84 ; 5.25 ;154.2145839;14.5913242;;;;;
31.07.2021 03:59;10.1;9.9; 5.96 ; 5.25 ;157.3942661;14.5913242;;;;;
31.07.2021 04:59;10.4;9.6; 5.78 ; 5.25 ;152.6247429;14.5913242;;;;;
31.07.2021 05:59;12.1;7.9; 4.76 ; 5.25 ;125.5974447;14.5913242;;;;;
31.07.2021 06:59;13.9;6.1; 3.67 ; 5.25 ;96.98030537;14.5913242;;;;;
31.07.2021 07:59;16;4; 2.41 ; 5.25 ;63.59364287;14.5913242;;;;;
31.07.2021 08:59;18;2; 1.20 ; 5.25 ;31.79682143;14.5913242;;;;;
31.07.2021 09:59;19.9;0.1; 0.06 ; 5.25 ;1.589841072;14.5913242;;;;;
31.07.2021 10:59;21.5;0; -   ; 5.25 ;0;14.5913242;;;;;
31.07.2021 11:59;22.7;0; -   ; 5.25 ;0;14.5913242;;;;;
31.07.2021 12:59;23.6;0; -   ; 5.25 ;0;14.5913242;;;;;
31.07.2021 13:59;24.1;0; -   ; 5.25 ;0;14.5913242;;;;;
31.07.2021 14:59;24.2;0; -   ; 5.25 ;0;14.5913242;;;;;
31.07.2021 15:59;23.9;0; -   ; 5.25 ;0;14.5913242;;;;;
31.07.2021 16:59;23;0; -   ; 5.25 ;0;14.5913242;;;;;
31.07.2021 17:59;21.7;0; -   ; 5.25 ;0;14.5913242;;;;;
31.07.2021 18:59;20;0; -   ; 5.25 ;0;14.5913242;;;;;
31.07.2021 19:59;18.4;1.6; 0.96 ; 5.25 ;25.43745715;14.5913242;;;;;
31.07.2021 20:59;16.8;3.2; 1.93 ; 5.25 ;50.87491429;14.5913242;;;;;
31.07.2021 21:59;15.5;4.5; 2.71 ; 5.25 ;71.54284822;14.5913242;;;;;
31.07.2021 22:59;14.3;5.7; 3.43 ; 5.25 ;90.62094108;14.5913242;;;;;
31.07.2021 23:59;13.2;6.8; 4.09 ; 5.25 ;108.1091929;14.5913242;;;;;
01.08.2021 00:59;12.1;7.9; 4.76 ; 5.25 ;125.5974447;14.5913242;;;;;
01.08.2021 01:59;10.9;9.1; 5.48 ; 5.25 ;144.6755375;14.5913242;;;;;
01.08.2021 02:59;10.3;9.7; 5.84 ; 5.25 ;154.2145839;14.5913242;;;;;
01.08.2021 03:59;9.8;10.2; 6.14 ; 5.25 ;162.1637893;14.5913242;;;;;
01.08.2021 04:59;10;10; 6.02 ; 5.25 ;158.9841072;14.5913242;;;;;
01.08.2021 05:59;11.8;8.2; 4.94 ; 5.25 ;130.3669679;14.5913242;;;;;
01.08.2021 06:59;13.6;6.4; 3.85 ; 5.25 ;101.7498286;14.5913242;;;;;
01.08.2021 07:59;15.5;4.5; 2.71 ; 5.25 ;71.54284822;14.5913242;;;;;
01.08.2021 08:59;17.6;2.4; 1.44 ; 5.25 ;38.15618572;14.5913242;;;;;
01.08.2021 09:59;19.5;0.5; 0.30 ; 5.25 ;7.949205358;14.5913242;;;;;
01.08.2021 10:59;21;0; -   ; 5.25 ;0;14.5913242;;;;;
01.08.2021 11:59;22.3;0; -   ; 5.25 ;0;14.5913242;;;;;
01.08.2021 12:59;23.1;0; -   ; 5.25 ;0;14.5913242;;;;;
01.08.2021 13:59;23.6;0; -   ; 5.25 ;0;14.5913242;;;;;
01.08.2021 14:59;23.7;0; -   ; 5.25 ;0;14.5913242;;;;;
01.08.2021 15:59;23.3;0; -   ; 5.25 ;0;14.5913242;;;;;
01.08.2021 16:59;22.4;0; -   ; 5.25 ;0;14.5913242;;;;;
01.08.2021 17:59;21;0; -   ; 5.25 ;0;14.5913242;;;;;
01.08.2021 18:59;19.3;0.7; 0.42 ; 5.25 ;11.1288875;14.5913242;;;;;
01.08.2021 19:59;17.9;2.1; 1.26 ; 5.25 ;33.3866625;14.5913242;;;;;
01.08.2021 20:59;16.5;3.5; 2.11 ; 5.25 ;55.64443751;14.5913242;;;;;
01.08.2021 21:59;15.2;4.8; 2.89 ; 5.25 ;76.31237144;14.5913242;;;;;
01.08.2021 22:59;13.9;6.1; 3.67 ; 5.25 ;96.98030537;14.5913242;;;;;
01.08.2021 23:59;13.4;6.6; 3.97 ; 5.25 ;104.9295107;14.5913242;;;;;
02.08.2021 00:59;12.8;7.2; 4.33 ; 5.25 ;114.4685572;14.5913242;;;;;
02.08.2021 01:59;12.4;7.6; 4.58 ; 5.25 ;120.8279214;14.5913242;;;;;
02.08.2021 02:59;12.1;7.9; 4.76 ; 5.25 ;125.5974447;14.5913242;;;;;
02.08.2021 03:59;11.8;8.2; 4.94 ; 5.25 ;130.3669679;14.5913242;;;;;
02.08.2021 04:59;12.1;7.9; 4.76 ; 5.25 ;125.5974447;14.5913242;;;;;
02.08.2021 05:59;13.9;6.1; 3.67 ; 5.25 ;96.98030537;14.5913242;;;;;
02.08.2021 06:59;16.3;3.7; 2.23 ; 5.25 ;58.82411965;14.5913242;;;;;
02.08.2021 07:59;18.8;1.2; 0.72 ; 5.25 ;19.07809286;14.5913242;;;;;
02.08.2021 08:59;21.2;0; -   ; 5.25 ;0;14.5913242;;;;;
02.08.2021 09:59;23.4;0; -   ; 5.25 ;0;14.5913242;;;;;
02.08.2021 10:59;25.3;0; -   ; 5.25 ;0;14.5913242;;;;;
02.08.2021 11:59;26.9;0; -   ; 5.25 ;0;14.5913242;;;;;
02.08.2021 12:59;28;0; -   ; 5.25 ;0;14.5913242;;;;;
02.08.2021 13:59;28.6;0; -   ; 5.25 ;0;14.5913242;;;;;
02.08.2021 14:59;28.8;0; -   ; 5.25 ;0;14.5913242;;;;;
02.08.2021 15:59;28.4;0; -   ; 5.25 ;0;14.5913242;;;;;
02.08.2021 16:59;27.4;0; -   ; 5.25 ;0;14.5913242;;;;;
02.08.2021 17:59;25.9;0; -   ; 5.25 ;0;14.5913242;;;;;
02.08.2021 18:59;24;0; -   ; 5.25 ;0;14.5913242;;;;;
02.08.2021 19:59;22.2;0; -   ; 5.25 ;0;14.5913242;;;;;
02.08.2021 20:59;20.5;0; -   ; 5.25 ;0;14.5913242;;;;;
02.08.2021 21:59;18.7;1.3; 0.78 ; 5.25 ;20.66793393;14.5913242;;;;;
02.08.2021 22:59;17;3; 1.81 ; 5.25 ;47.69523215;14.5913242;;;;;
02.08.2021 23:59;15.6;4.4; 2.65 ; 5.25 ;69.95300715;14.5913242;;;;;
03.08.2021 00:59;14.1;5.9; 3.55 ; 5.25 ;93.80062323;14.5913242;;;;;
03.08.2021 01:59;13.5;6.5; 3.91 ; 5.25 ;103.3396697;14.5913242;;;;;
03.08.2021 02:59;12.8;7.2; 4.33 ; 5.25 ;114.4685572;14.5913242;;;;;
03.08.2021 03:59;12.2;7.8; 4.70 ; 5.25 ;124.0076036;14.5913242;;;;;
03.08.2021 04:59;12.4;7.6; 4.58 ; 5.25 ;120.8279214;14.5913242;;;;;
03.08.2021 05:59;14.1;5.9; 3.55 ; 5.25 ;93.80062323;14.5913242;;;;;
03.08.2021 06:59;16.3;3.7; 2.23 ; 5.25 ;58.82411965;14.5913242;;;;;
03.08.2021 07:59;18.5;1.5; 0.90 ; 5.25 ;23.84761607;14.5913242;;;;;
03.08.2021 08:59;20.6;0; -   ; 5.25 ;0;14.5913242;;;;;
03.08.2021 09:59;22.6;0; -   ; 5.25 ;0;14.5913242;;;;;
03.08.2021 10:59;24.2;0; -   ; 5.25 ;0;14.5913242;;;;;
03.08.2021 11:59;25.5;0; -   ; 5.25 ;0;14.5913242;;;;;
03.08.2021 12:59;26.4;0; -   ; 5.25 ;0;14.5913242;;;;;
03.08.2021 13:59;26.9;0; -   ; 5.25 ;0;14.5913242;;;;;
03.08.2021 14:59;27;0; -   ; 5.25 ;0;14.5913242;;;;;
03.08.2021 15:59;26.6;0; -   ; 5.25 ;0;14.5913242;;;;;
03.08.2021 16:59;25.6;0; -   ; 5.25 ;0;14.5913242;;;;;
03.08.2021 17:59;24.1;0; -   ; 5.25 ;0;14.5913242;;;;;
03.08.2021 18:59;22.3;0; -   ; 5.25 ;0;14.5913242;;;;;
03.08.2021 19:59;20.7;0; -   ; 5.25 ;0;14.5913242;;;;;
03.08.2021 20:59;19.2;0.8; 0.48 ; 5.25 ;12.71872857;14.5913242;;;;;
03.08.2021 21:59;17.6;2.4; 1.44 ; 5.25 ;38.15618572;14.5913242;;;;;
03.08.2021 22:59;16.1;3.9; 2.35 ; 5.25 ;62.00380179;14.5913242;;;;;
03.08.2021 23:59;15.3;4.7; 2.83 ; 5.25 ;74.72253037;14.5913242;;;;;
04.08.2021 00:59;14.5;5.5; 3.31 ; 5.25 ;87.44125894;14.5913242;;;;;
04.08.2021 01:59;14;6; 3.61 ; 5.25 ;95.3904643;14.5913242;;;;;
04.08.2021 02:59;13.7;6.3; 3.79 ; 5.25 ;100.1599875;14.5913242;;;;;
04.08.2021 03:59;13.4;6.6; 3.97 ; 5.25 ;104.9295107;14.5913242;;;;;
04.08.2021 04:59;13.5;6.5; 3.91 ; 5.25 ;103.3396697;14.5913242;;;;;
04.08.2021 05:59;14.7;5.3; 3.19 ; 5.25 ;84.2615768;14.5913242;;;;;
04.08.2021 06:59;15.9;4.1; 2.47 ; 5.25 ;65.18348394;14.5913242;;;;;
04.08.2021 07:59;16.5;3.5; 2.11 ; 5.25 ;55.64443751;14.5913242;;;;;
04.08.2021 08:59;16.7;3.3; 1.99 ; 5.25 ;52.46475536;14.5913242;;;;;
04.08.2021 09:59;17;3; 1.81 ; 5.25 ;47.69523215;14.5913242;;;;;
04.08.2021 10:59;17.8;2.2; 1.32 ; 5.25 ;34.97650358;14.5913242;;;;;
04.08.2021 11:59;19.5;0.5; 0.30 ; 5.25 ;7.949205358;14.5913242;;;;;
04.08.2021 12:59;20.2;0; -   ; 5.25 ;0;14.5913242;;;;;
04.08.2021 13:59;20.5;0; -   ; 5.25 ;0;14.5913242;;;;;
04.08.2021 14:59;20.6;0; -   ; 5.25 ;0;14.5913242;;;;;
04.08.2021 15:59;20.6;0; -   ; 5.25 ;0;14.5913242;;;;;
04.08.2021 16:59;20.7;0; -   ; 5.25 ;0;14.5913242;;;;;
04.08.2021 17:59;20.3;0; -   ; 5.25 ;0;14.5913242;;;;;
04.08.2021 18:59;19.3;0.7; 0.42 ; 5.25 ;11.1288875;14.5913242;;;;;
04.08.2021 19:59;18.7;1.3; 0.78 ; 5.25 ;20.66793393;14.5913242;;;;;
04.08.2021 20:59;18.1;1.9; 1.14 ; 5.25 ;30.20698036;14.5913242;;;;;
04.08.2021 21:59;17.6;2.4; 1.44 ; 5.25 ;38.15618572;14.5913242;;;;;
04.08.2021 22:59;17;3; 1.81 ; 5.25 ;47.69523215;14.5913242;;;;;
04.08.2021 23:59;16.9;3.1; 1.87 ; 5.25 ;49.28507322;14.5913242;;;;;
05.08.2021 00:59;16.9;3.1; 1.87 ; 5.25 ;49.28507322;14.5913242;;;;;
05.08.2021 01:59;16.8;3.2; 1.93 ; 5.25 ;50.87491429;14.5913242;;;;;
05.08.2021 02:59;16.8;3.2; 1.93 ; 5.25 ;50.87491429;14.5913242;;;;;
05.08.2021 03:59;16.8;3.2; 1.93 ; 5.25 ;50.87491429;14.5913242;;;;;
05.08.2021 04:59;16.9;3.1; 1.87 ; 5.25 ;49.28507322;14.5913242;;;;;
05.08.2021 05:59;17.4;2.6; 1.57 ; 5.25 ;41.33586786;14.5913242;;;;;
05.08.2021 06:59;18.2;1.8; 1.08 ; 5.25 ;28.61713929;14.5913242;;;;;
05.08.2021 07:59;18.8;1.2; 0.72 ; 5.25 ;19.07809286;14.5913242;;;;;
05.08.2021 08:59;19.4;0.6; 0.36 ; 5.25 ;9.53904643;14.5913242;;;;;
05.08.2021 09:59;20.2;0; -   ; 5.25 ;0;14.5913242;;;;;
05.08.2021 10:59;20.6;0; -   ; 5.25 ;0;14.5913242;;;;;
05.08.2021 11:59;21.1;0; -   ; 5.25 ;0;14.5913242;;;;;
05.08.2021 12:59;21.2;0; -   ; 5.25 ;0;14.5913242;;;;;
05.08.2021 13:59;21.2;0; -   ; 5.25 ;0;14.5913242;;;;;
05.08.2021 14:59;20.9;0; -   ; 5.25 ;0;14.5913242;;;;;
05.08.2021 15:59;20.8;0; -   ; 5.25 ;0;14.5913242;;;;;
05.08.2021 16:59;20.4;0; -   ; 5.25 ;0;14.5913242;;;;;
05.08.2021 17:59;19.9;0.1; 0.06 ; 5.25 ;1.589841072;14.5913242;;;;;
05.08.2021 18:59;18.3;1.7; 1.02 ; 5.25 ;27.02729822;14.5913242;;;;;
05.08.2021 19:59;19;1; 0.60 ; 5.25 ;15.89841072;14.5913242;;;;;
05.08.2021 20:59;18.9;1.1; 0.66 ; 5.25 ;17.48825179;14.5913242;;;;;
05.08.2021 21:59;18.7;1.3; 0.78 ; 5.25 ;20.66793393;14.5913242;;;;;
05.08.2021 22:59;18;2; 1.20 ; 5.25 ;31.79682143;14.5913242;;;;;
05.08.2021 23:59;18.1;1.9; 1.14 ; 5.25 ;30.20698036;14.5913242;;;;;
06.08.2021 00:59;17.8;2.2; 1.32 ; 5.25 ;34.97650358;14.5913242;;;;;
06.08.2021 01:59;17.7;2.3; 1.38 ; 5.25 ;36.56634465;14.5913242;;;;;
06.08.2021 02:59;16.6;3.4; 2.05 ; 5.25 ;54.05459644;14.5913242;;;;;
06.08.2021 03:59;15.9;4.1; 2.47 ; 5.25 ;65.18348394;14.5913242;;;;;
06.08.2021 04:59;17.4;2.6; 1.57 ; 5.25 ;41.33586786;14.5913242;;;;;
06.08.2021 05:59;18.2;1.8; 1.08 ; 5.25 ;28.61713929;14.5913242;;;;;
06.08.2021 06:59;17.9;2.1; 1.26 ; 5.25 ;33.3866625;14.5913242;;;;;
06.08.2021 07:59;18.6;1.4; 0.84 ; 5.25 ;22.257775;14.5913242;;;;;
06.08.2021 08:59;19.6;0.4; 0.24 ; 5.25 ;6.359364287;14.5913242;;;;;
06.08.2021 09:59;20;0; -   ; 5.25 ;0;14.5913242;;;;;
06.08.2021 10:59;20.3;0; -   ; 5.25 ;0;14.5913242;;;;;
06.08.2021 11:59;20.7;0; -   ; 5.25 ;0;14.5913242;;;;;
06.08.2021 12:59;20.8;0; -   ; 5.25 ;0;14.5913242;;;;;
06.08.2021 13:59;20.7;0; -   ; 5.25 ;0;14.5913242;;;;;
06.08.2021 14:59;20.9;0; -   ; 5.25 ;0;14.5913242;;;;;
06.08.2021 15:59;20.8;0; -   ; 5.25 ;0;14.5913242;;;;;
06.08.2021 16:59;20.6;0; -   ; 5.25 ;0;14.5913242;;;;;
06.08.2021 17:59;20.3;0; -   ; 5.25 ;0;14.5913242;;;;;
06.08.2021 18:59;20;0; -   ; 5.25 ;0;14.5913242;;;;;
06.08.2021 19:59;19.4;0.6; 0.36 ; 5.25 ;9.53904643;14.5913242;;;;;
06.08.2021 20:59;18.8;1.2; 0.72 ; 5.25 ;19.07809286;14.5913242;;;;;
06.08.2021 21:59;18;2; 1.20 ; 5.25 ;31.79682143;14.5913242;;;;;
06.08.2021 22:59;17.4;2.6; 1.57 ; 5.25 ;41.33586786;14.5913242;;;;;
06.08.2021 23:59;16.7;3.3; 1.99 ; 5.25 ;52.46475536;14.5913242;;;;;
07.08.2021 00:59;15.8;4.2; 2.53 ; 5.25 ;66.77332501;14.5913242;;;;;
07.08.2021 01:59;15.3;4.7; 2.83 ; 5.25 ;74.72253037;14.5913242;;;;;
07.08.2021 02:59;14.8;5.2; 3.13 ; 5.25 ;82.67173573;14.5913242;;;;;
07.08.2021 03:59;14.5;5.5; 3.31 ; 5.25 ;87.44125894;14.5913242;;;;;
07.08.2021 04:59;14.6;5.4; 3.25 ; 5.25 ;85.85141787;14.5913242;;;;;
07.08.2021 05:59;16.2;3.8; 2.29 ; 5.25 ;60.41396072;14.5913242;;;;;
07.08.2021 06:59;18.3;1.7; 1.02 ; 5.25 ;27.02729822;14.5913242;;;;;
07.08.2021 07:59;20.4;0; -   ; 5.25 ;0;14.5913242;;;;;
07.08.2021 08:59;22.6;0; -   ; 5.25 ;0;14.5913242;;;;;
07.08.2021 09:59;24.5;0; -   ; 5.25 ;0;14.5913242;;;;;
07.08.2021 10:59;26;0; -   ; 5.25 ;0;14.5913242;;;;;
07.08.2021 11:59;27.1;0; -   ; 5.25 ;0;14.5913242;;;;;
07.08.2021 12:59;27.9;0; -   ; 5.25 ;0;14.5913242;;;;;
07.08.2021 13:59;28.3;0; -   ; 5.25 ;0;14.5913242;;;;;
07.08.2021 14:59;28.3;0; -   ; 5.25 ;0;14.5913242;;;;;
07.08.2021 15:59;27.8;0; -   ; 5.25 ;0;14.5913242;;;;;
07.08.2021 16:59;26.8;0; -   ; 5.25 ;0;14.5913242;;;;;
07.08.2021 17:59;25.5;0; -   ; 5.25 ;0;14.5913242;;;;;
07.08.2021 18:59;23.9;0; -   ; 5.25 ;0;14.5913242;;;;;
07.08.2021 19:59;22.7;0; -   ; 5.25 ;0;14.5913242;;;;;
07.08.2021 20:59;21.4;0; -   ; 5.25 ;0;14.5913242;;;;;
07.08.2021 21:59;20.1;0; -   ; 5.25 ;0;14.5913242;;;;;
07.08.2021 22:59;18.9;1.1; 0.66 ; 5.25 ;17.48825179;14.5913242;;;;;
07.08.2021 23:59;18.1;1.9; 1.14 ; 5.25 ;30.20698036;14.5913242;;;;;
08.08.2021 00:59;17.3;2.7; 1.63 ; 5.25 ;42.92570893;14.5913242;;;;;
08.08.2021 01:59;16.8;3.2; 1.93 ; 5.25 ;50.87491429;14.5913242;;;;;
08.08.2021 02:59;16.3;3.7; 2.23 ; 5.25 ;58.82411965;14.5913242;;;;;
08.08.2021 03:59;16;4; 2.41 ; 5.25 ;63.59364287;14.5913242;;;;;
08.08.2021 04:59;16.2;3.8; 2.29 ; 5.25 ;60.41396072;14.5913242;;;;;
08.08.2021 05:59;17.8;2.2; 1.32 ; 5.25 ;34.97650358;14.5913242;;;;;
08.08.2021 06:59;19.6;0.4; 0.24 ; 5.25 ;6.359364287;14.5913242;;;;;
08.08.2021 07:59;21.7;0; -   ; 5.25 ;0;14.5913242;;;;;
08.08.2021 08:59;23.7;0; -   ; 5.25 ;0;14.5913242;;;;;
08.08.2021 09:59;25.3;0; -   ; 5.25 ;0;14.5913242;;;;;
08.08.2021 10:59;26.7;0; -   ; 5.25 ;0;14.5913242;;;;;
08.08.2021 11:59;27.8;0; -   ; 5.25 ;0;14.5913242;;;;;
08.08.2021 12:59;28.7;0; -   ; 5.25 ;0;14.5913242;;;;;
08.08.2021 13:59;29.4;0; -   ; 5.25 ;0;14.5913242;;;;;
08.08.2021 14:59;29.7;0; -   ; 5.25 ;0;14.5913242;;;;;
08.08.2021 15:59;29.5;0; -   ; 5.25 ;0;14.5913242;;;;;
08.08.2021 16:59;28.8;0; -   ; 5.25 ;0;14.5913242;;;;;
08.08.2021 17:59;27.6;0; -   ; 5.25 ;0;14.5913242;;;;;
08.08.2021 18:59;26;0; -   ; 5.25 ;0;14.5913242;;;;;
08.08.2021 19:59;24.4;0; -   ; 5.25 ;0;14.5913242;;;;;
08.08.2021 20:59;22.8;0; -   ; 5.25 ;0;14.5913242;;;;;
08.08.2021 21:59;21.2;0; -   ; 5.25 ;0;14.5913242;;;;;
08.08.2021 22:59;19.6;0.4; 0.24 ; 5.25 ;6.359364287;14.5913242;;;;;
08.08.2021 23:59;18.5;1.5; 0.90 ; 5.25 ;23.84761607;14.5913242;;;;;
09.08.2021 00:59;17.2;2.8; 1.69 ; 5.25 ;44.51555001;14.5913242;;;;;
09.08.2021 01:59;16.5;3.5; 2.11 ; 5.25 ;55.64443751;14.5913242;;;;;
09.08.2021 02:59;15.7;4.3; 2.59 ; 5.25 ;68.36316608;14.5913242;;;;;
09.08.2021 03:59;15.2;4.8; 2.89 ; 5.25 ;76.31237144;14.5913242;;;;;
09.08.2021 04:59;15.3;4.7; 2.83 ; 5.25 ;74.72253037;14.5913242;;;;;
09.08.2021 05:59;17;3; 1.81 ; 5.25 ;47.69523215;14.5913242;;;;;
09.08.2021 06:59;18.9;1.1; 0.66 ; 5.25 ;17.48825179;14.5913242;;;;;
09.08.2021 07:59;21;0; -   ; 5.25 ;0;14.5913242;;;;;
09.08.2021 08:59;22.9;0; -   ; 5.25 ;0;14.5913242;;;;;
09.08.2021 09:59;24.7;0; -   ; 5.25 ;0;14.5913242;;;;;
09.08.2021 10:59;26.3;0; -   ; 5.25 ;0;14.5913242;;;;;
09.08.2021 11:59;27.5;0; -   ; 5.25 ;0;14.5913242;;;;;
09.08.2021 12:59;28.3;0; -   ; 5.25 ;0;14.5913242;;;;;
09.08.2021 13:59;28.8;0; -   ; 5.25 ;0;14.5913242;;;;;
09.08.2021 14:59;28.8;0; -   ; 5.25 ;0;14.5913242;;;;;
09.08.2021 15:59;28.4;0; -   ; 5.25 ;0;14.5913242;;;;;
09.08.2021 16:59;27.5;0; -   ; 5.25 ;0;14.5913242;;;;;
09.08.2021 17:59;26.1;0; -   ; 5.25 ;0;14.5913242;;;;;
09.08.2021 18:59;24.5;0; -   ; 5.25 ;0;14.5913242;;;;;
09.08.2021 19:59;23.3;0; -   ; 5.25 ;0;14.5913242;;;;;
09.08.2021 20:59;22.2;0; -   ; 5.25 ;0;14.5913242;;;;;
09.08.2021 21:59;21;0; -   ; 5.25 ;0;14.5913242;;;;;
09.08.2021 22:59;19.8;0.2; 0.12 ; 5.25 ;3.179682143;14.5913242;;;;;
09.08.2021 23:59;19.3;0.7; 0.42 ; 5.25 ;11.1288875;14.5913242;;;;;
10.08.2021 00:59;18.8;1.2; 0.72 ; 5.25 ;19.07809286;14.5913242;;;;;
10.08.2021 01:59;18.5;1.5; 0.90 ; 5.25 ;23.84761607;14.5913242;;;;;
10.08.2021 02:59;18.3;1.7; 1.02 ; 5.25 ;27.02729822;14.5913242;;;;;
10.08.2021 03:59;18.1;1.9; 1.14 ; 5.25 ;30.20698036;14.5913242;;;;;
10.08.2021 04:59;18.2;1.8; 1.08 ; 5.25 ;28.61713929;14.5913242;;;;;
10.08.2021 05:59;19.5;0.5; 0.30 ; 5.25 ;7.949205358;14.5913242;;;;;
10.08.2021 06:59;21;0; -   ; 5.25 ;0;14.5913242;;;;;
10.08.2021 07:59;22.9;0; -   ; 5.25 ;0;14.5913242;;;;;
10.08.2021 08:59;24.9;0; -   ; 5.25 ;0;14.5913242;;;;;
10.08.2021 09:59;26.6;0; -   ; 5.25 ;0;14.5913242;;;;;
10.08.2021 10:59;28.3;0; -   ; 5.25 ;0;14.5913242;;;;;
10.08.2021 11:59;29.9;0; -   ; 5.25 ;0;14.5913242;;;;;
10.08.2021 12:59;30.6;0; -   ; 5.25 ;0;14.5913242;;;;;
10.08.2021 13:59;31;0; -   ; 5.25 ;0;14.5913242;;;;;
10.08.2021 14:59;31.2;0; -   ; 5.25 ;0;14.5913242;;;;;
10.08.2021 15:59;30.8;0; -   ; 5.25 ;0;14.5913242;;;;;
10.08.2021 16:59;30;0; -   ; 5.25 ;0;14.5913242;;;;;
10.08.2021 17:59;28.9;0; -   ; 5.25 ;0;14.5913242;;;;;
10.08.2021 18:59;27.5;0; -   ; 5.25 ;0;14.5913242;;;;;
10.08.2021 19:59;26.2;0; -   ; 5.25 ;0;14.5913242;;;;;
10.08.2021 20:59;24.9;0; -   ; 5.25 ;0;14.5913242;;;;;
10.08.2021 21:59;23.6;0; -   ; 5.25 ;0;14.5913242;;;;;
10.08.2021 22:59;22.3;0; -   ; 5.25 ;0;14.5913242;;;;;
10.08.2021 23:59;21.2;0; -   ; 5.25 ;0;14.5913242;;;;;
11.08.2021 00:59;20.1;0; -   ; 5.25 ;0;14.5913242;;;;;
11.08.2021 01:59;19.5;0.5; 0.30 ; 5.25 ;7.949205358;14.5913242;;;;;
11.08.2021 02:59;19;1; 0.60 ; 5.25 ;15.89841072;14.5913242;;;;;
11.08.2021 03:59;18.6;1.4; 0.84 ; 5.25 ;22.257775;14.5913242;;;;;
11.08.2021 04:59;18.7;1.3; 0.78 ; 5.25 ;20.66793393;14.5913242;;;;;
11.08.2021 05:59;20.3;0; -   ; 5.25 ;0;14.5913242;;;;;
11.08.2021 06:59;22.2;0; -   ; 5.25 ;0;14.5913242;;;;;
11.08.2021 07:59;24.2;0; -   ; 5.25 ;0;14.5913242;;;;;
11.08.2021 08:59;26.2;0; -   ; 5.25 ;0;14.5913242;;;;;
11.08.2021 09:59;28;0; -   ; 5.25 ;0;14.5913242;;;;;
11.08.2021 10:59;29.6;0; -   ; 5.25 ;0;14.5913242;;;;;
11.08.2021 11:59;30.8;0; -   ; 5.25 ;0;14.5913242;;;;;
11.08.2021 12:59;31.7;0; -   ; 5.25 ;0;14.5913242;;;;;
11.08.2021 13:59;32.2;0; -   ; 5.25 ;0;14.5913242;;;;;
11.08.2021 14:59;32.4;0; -   ; 5.25 ;0;14.5913242;;;;;
11.08.2021 15:59;32;0; -   ; 5.25 ;0;14.5913242;;;;;
11.08.2021 16:59;31.1;0; -   ; 5.25 ;0;14.5913242;;;;;
11.08.2021 17:59;29.9;0; -   ; 5.25 ;0;14.5913242;;;;;
11.08.2021 18:59;28.4;0; -   ; 5.25 ;0;14.5913242;;;;;
11.08.2021 19:59;27;0; -   ; 5.25 ;0;14.5913242;;;;;
11.08.2021 20:59;25.5;0; -   ; 5.25 ;0;14.5913242;;;;;
11.08.2021 21:59;24.1;0; -   ; 5.25 ;0;14.5913242;;;;;
11.08.2021 22:59;22.7;0; -   ; 5.25 ;0;14.5913242;;;;;
11.08.2021 23:59;21.4;0; -   ; 5.25 ;0;14.5913242;;;;;
12.08.2021 00:59;20.1;0; -   ; 5.25 ;0;14.5913242;;;;;
12.08.2021 01:59;19.4;0.6; 0.36 ; 5.25 ;9.53904643;14.5913242;;;;;
12.08.2021 02:59;18.7;1.3; 0.78 ; 5.25 ;20.66793393;14.5913242;;;;;
12.08.2021 03:59;18.2;1.8; 1.08 ; 5.25 ;28.61713929;14.5913242;;;;;
12.08.2021 04:59;18.3;1.7; 1.02 ; 5.25 ;27.02729822;14.5913242;;;;;
12.08.2021 05:59;19.6;0.4; 0.24 ; 5.25 ;6.359364287;14.5913242;;;;;
12.08.2021 06:59;21.4;0; -   ; 5.25 ;0;14.5913242;;;;;
12.08.2021 07:59;23.4;0; -   ; 5.25 ;0;14.5913242;;;;;
12.08.2021 08:59;25.6;0; -   ; 5.25 ;0;14.5913242;;;;;
12.08.2021 09:59;27.3;0; -   ; 5.25 ;0;14.5913242;;;;;
12.08.2021 10:59;28.7;0; -   ; 5.25 ;0;14.5913242;;;;;
12.08.2021 11:59;29.6;0; -   ; 5.25 ;0;14.5913242;;;;;
12.08.2021 12:59;29.6;0; -   ; 5.25 ;0;14.5913242;;;;;
12.08.2021 13:59;29.4;0; -   ; 5.25 ;0;14.5913242;;;;;
12.08.2021 14:59;28.9;0; -   ; 5.25 ;0;14.5913242;;;;;
12.08.2021 15:59;28;0; -   ; 5.25 ;0;14.5913242;;;;;
12.08.2021 16:59;27;0; -   ; 5.25 ;0;14.5913242;;;;;
12.08.2021 17:59;25.8;0; -   ; 5.25 ;0;14.5913242;;;;;
12.08.2021 18:59;24.5;0; -   ; 5.25 ;0;14.5913242;;;;;
12.08.2021 19:59;23;0; -   ; 5.25 ;0;14.5913242;;;;;
12.08.2021 20:59;21.4;0; -   ; 5.25 ;0;14.5913242;;;;;
12.08.2021 21:59;19.9;0.1; 0.06 ; 5.25 ;1.589841072;14.5913242;;;;;
12.08.2021 22:59;18.4;1.6; 0.96 ; 5.25 ;25.43745715;14.5913242;;;;;
12.08.2021 23:59;17.3;2.7; 1.63 ; 5.25 ;42.92570893;14.5913242;;;;;
13.08.2021 00:59;16.2;3.8; 2.29 ; 5.25 ;60.41396072;14.5913242;;;;;
13.08.2021 01:59;15.6;4.4; 2.65 ; 5.25 ;69.95300715;14.5913242;;;;;
13.08.2021 02:59;15;5; 3.01 ; 5.25 ;79.49205358;14.5913242;;;;;
13.08.2021 03:59;14.5;5.5; 3.31 ; 5.25 ;87.44125894;14.5913242;;;;;
13.08.2021 04:59;14.6;5.4; 3.25 ; 5.25 ;85.85141787;14.5913242;;;;;
13.08.2021 05:59;16.1;3.9; 2.35 ; 5.25 ;62.00380179;14.5913242;;;;;
13.08.2021 06:59;17.9;2.1; 1.26 ; 5.25 ;33.3866625;14.5913242;;;;;
13.08.2021 07:59;19.9;0.1; 0.06 ; 5.25 ;1.589841072;14.5913242;;;;;
13.08.2021 08:59;21.9;0; -   ; 5.25 ;0;14.5913242;;;;;
13.08.2021 09:59;23.7;0; -   ; 5.25 ;0;14.5913242;;;;;
13.08.2021 10:59;25.3;0; -   ; 5.25 ;0;14.5913242;;;;;
13.08.2021 11:59;26.6;0; -   ; 5.25 ;0;14.5913242;;;;;
13.08.2021 12:59;27.5;0; -   ; 5.25 ;0;14.5913242;;;;;
13.08.2021 13:59;28;0; -   ; 5.25 ;0;14.5913242;;;;;
13.08.2021 14:59;28.2;0; -   ; 5.25 ;0;14.5913242;;;;;
13.08.2021 15:59;27.8;0; -   ; 5.25 ;0;14.5913242;;;;;
13.08.2021 16:59;26.9;0; -   ; 5.25 ;0;14.5913242;;;;;
13.08.2021 17:59;25.6;0; -   ; 5.25 ;0;14.5913242;;;;;
13.08.2021 18:59;24;0; -   ; 5.25 ;0;14.5913242;;;;;
13.08.2021 19:59;22.2;0; -   ; 5.25 ;0;14.5913242;;;;;
13.08.2021 20:59;20.4;0; -   ; 5.25 ;0;14.5913242;;;;;
13.08.2021 21:59;18.7;1.3; 0.78 ; 5.25 ;20.66793393;14.5913242;;;;;
13.08.2021 22:59;16.9;3.1; 1.87 ; 5.25 ;49.28507322;14.5913242;;;;;
13.08.2021 23:59;15.5;4.5; 2.71 ; 5.25 ;71.54284822;14.5913242;;;;;
14.08.2021 00:59;14.1;5.9; 3.55 ; 5.25 ;93.80062323;14.5913242;;;;;
14.08.2021 01:59;13.5;6.5; 3.91 ; 5.25 ;103.3396697;14.5913242;;;;;
14.08.2021 02:59;12.8;7.2; 4.33 ; 5.25 ;114.4685572;14.5913242;;;;;
14.08.2021 03:59;12.3;7.7; 4.64 ; 5.25 ;122.4177625;14.5913242;;;;;
14.08.2021 04:59;12.3;7.7; 4.64 ; 5.25 ;122.4177625;14.5913242;;;;;
14.08.2021 05:59;13.4;6.6; 3.97 ; 5.25 ;104.9295107;14.5913242;;;;;
14.08.2021 06:59;14.9;5.1; 3.07 ; 5.25 ;81.08189465;14.5913242;;;;;
14.08.2021 07:59;16.6;3.4; 2.05 ; 5.25 ;54.05459644;14.5913242;;;;;
14.08.2021 08:59;18.5;1.5; 0.90 ; 5.25 ;23.84761607;14.5913242;;;;;
14.08.2021 09:59;20.3;0; -   ; 5.25 ;0;14.5913242;;;;;
14.08.2021 10:59;21.6;0; -   ; 5.25 ;0;14.5913242;;;;;
14.08.2021 11:59;22.5;0; -   ; 5.25 ;0;14.5913242;;;;;
14.08.2021 12:59;23.1;0; -   ; 5.25 ;0;14.5913242;;;;;
14.08.2021 13:59;23.2;0; -   ; 5.25 ;0;14.5913242;;;;;
14.08.2021 14:59;23.2;0; -   ; 5.25 ;0;14.5913242;;;;;
14.08.2021 15:59;22.6;0; -   ; 5.25 ;0;14.5913242;;;;;
14.08.2021 16:59;21.6;0; -   ; 5.25 ;0;14.5913242;;;;;
14.08.2021 17:59;20.4;0; -   ; 5.25 ;0;14.5913242;;;;;
14.08.2021 18:59;19;1; 0.60 ; 5.25 ;15.89841072;14.5913242;;;;;
14.08.2021 19:59;17.7;2.3; 1.38 ; 5.25 ;36.56634465;14.5913242;;;;;
14.08.2021 20:59;16.3;3.7; 2.23 ; 5.25 ;58.82411965;14.5913242;;;;;
14.08.2021 21:59;15;5; 3.01 ; 5.25 ;79.49205358;14.5913242;;;;;
14.08.2021 22:59;13.8;6.2; 3.73 ; 5.25 ;98.57014644;14.5913242;;;;;
14.08.2021 23:59;13.2;6.8; 4.09 ; 5.25 ;108.1091929;14.5913242;;;;;
15.08.2021 00:59;12.5;7.5; 4.52 ; 5.25 ;119.2380804;14.5913242;;;;;
15.08.2021 01:59;12.2;7.8; 4.70 ; 5.25 ;124.0076036;14.5913242;;;;;
15.08.2021 02:59;11.8;8.2; 4.94 ; 5.25 ;130.3669679;14.5913242;;;;;
15.08.2021 03:59;11.5;8.5; 5.12 ; 5.25 ;135.1364911;14.5913242;;;;;
15.08.2021 04:59;11.5;8.5; 5.12 ; 5.25 ;135.1364911;14.5913242;;;;;
15.08.2021 05:59;13;7; 4.21 ; 5.25 ;111.288875;14.5913242;;;;;
15.08.2021 06:59;14.9;5.1; 3.07 ; 5.25 ;81.08189465;14.5913242;;;;;
15.08.2021 07:59;17.1;2.9; 1.75 ; 5.25 ;46.10539108;14.5913242;;;;;
15.08.2021 08:59;19.3;0.7; 0.42 ; 5.25 ;11.1288875;14.5913242;;;;;
15.08.2021 09:59;21.3;0; -   ; 5.25 ;0;14.5913242;;;;;
15.08.2021 10:59;23;0; -   ; 5.25 ;0;14.5913242;;;;;
15.08.2021 11:59;24.3;0; -   ; 5.25 ;0;14.5913242;;;;;
15.08.2021 12:59;25.3;0; -   ; 5.25 ;0;14.5913242;;;;;
15.08.2021 13:59;25.8;0; -   ; 5.25 ;0;14.5913242;;;;;
15.08.2021 14:59;25.9;0; -   ; 5.25 ;0;14.5913242;;;;;
15.08.2021 15:59;25.4;0; -   ; 5.25 ;0;14.5913242;;;;;
15.08.2021 16:59;24.3;0; -   ; 5.25 ;0;14.5913242;;;;;
15.08.2021 17:59;22.8;0; -   ; 5.25 ;0;14.5913242;;;;;
15.08.2021 18:59;21.2;0; -   ; 5.25 ;0;14.5913242;;;;;
15.08.2021 19:59;20.3;0; -   ; 5.25 ;0;14.5913242;;;;;
15.08.2021 20:59;19.5;0.5; 0.30 ; 5.25 ;7.949205358;14.5913242;;;;;
15.08.2021 21:59;18.7;1.3; 0.78 ; 5.25 ;20.66793393;14.5913242;;;;;
15.08.2021 22:59;17.8;2.2; 1.32 ; 5.25 ;34.97650358;14.5913242;;;;;
15.08.2021 23:59;17.5;2.5; 1.51 ; 5.25 ;39.74602679;14.5913242;;;;;
16.08.2021 00:59;17.1;2.9; 1.75 ; 5.25 ;46.10539108;14.5913242;;;;;
16.08.2021 01:59;16.9;3.1; 1.87 ; 5.25 ;49.28507322;14.5913242;;;;;
16.08.2021 02:59;16.6;3.4; 2.05 ; 5.25 ;54.05459644;14.5913242;;;;;
16.08.2021 03:59;16.5;3.5; 2.11 ; 5.25 ;55.64443751;14.5913242;;;;;
16.08.2021 04:59;16.5;3.5; 2.11 ; 5.25 ;55.64443751;14.5913242;;;;;
16.08.2021 05:59;17.5;2.5; 1.51 ; 5.25 ;39.74602679;14.5913242;;;;;
16.08.2021 06:59;18.3;1.7; 1.02 ; 5.25 ;27.02729822;14.5913242;;;;;
16.08.2021 07:59;19.8;0.2; 0.12 ; 5.25 ;3.179682143;14.5913242;;;;;
16.08.2021 08:59;21.3;0; -   ; 5.25 ;0;14.5913242;;;;;
16.08.2021 09:59;22.5;0; -   ; 5.25 ;0;14.5913242;;;;;
16.08.2021 10:59;23.4;0; -   ; 5.25 ;0;14.5913242;;;;;
16.08.2021 11:59;24;0; -   ; 5.25 ;0;14.5913242;;;;;
16.08.2021 12:59;24.5;0; -   ; 5.25 ;0;14.5913242;;;;;
16.08.2021 13:59;24.8;0; -   ; 5.25 ;0;14.5913242;;;;;
16.08.2021 14:59;24.8;0; -   ; 5.25 ;0;14.5913242;;;;;
16.08.2021 15:59;24.5;0; -   ; 5.25 ;0;14.5913242;;;;;
16.08.2021 16:59;23.9;0; -   ; 5.25 ;0;14.5913242;;;;;
16.08.2021 17:59;23.1;0; -   ; 5.25 ;0;14.5913242;;;;;
16.08.2021 18:59;22.2;0; -   ; 5.25 ;0;14.5913242;;;;;
16.08.2021 19:59;21.2;0; -   ; 5.25 ;0;14.5913242;;;;;
16.08.2021 20:59;20.2;0; -   ; 5.25 ;0;14.5913242;;;;;
16.08.2021 21:59;19.2;0.8; 0.48 ; 5.25 ;12.71872857;14.5913242;;;;;
16.08.2021 22:59;18.1;1.9; 1.14 ; 5.25 ;30.20698036;14.5913242;;;;;
16.08.2021 23:59;17.3;2.7; 1.63 ; 5.25 ;42.92570893;14.5913242;;;;;
17.08.2021 00:59;16.4;3.6; 2.17 ; 5.25 ;57.23427858;14.5913242;;;;;
17.08.2021 01:59;15.4;4.6; 2.77 ; 5.25 ;73.1326893;14.5913242;;;;;
17.08.2021 02:59;15.3;4.7; 2.83 ; 5.25 ;74.72253037;14.5913242;;;;;
17.08.2021 03:59;15;5; 3.01 ; 5.25 ;79.49205358;14.5913242;;;;;
17.08.2021 04:59;15;5; 3.01 ; 5.25 ;79.49205358;14.5913242;;;;;
17.08.2021 05:59;15.7;4.3; 2.59 ; 5.25 ;68.36316608;14.5913242;;;;;
17.08.2021 06:59;16.6;3.4; 2.05 ; 5.25 ;54.05459644;14.5913242;;;;;
17.08.2021 07:59;17.9;2.1; 1.26 ; 5.25 ;33.3866625;14.5913242;;;;;
17.08.2021 08:59;19;1; 0.60 ; 5.25 ;15.89841072;14.5913242;;;;;
17.08.2021 09:59;19.9;0.1; 0.06 ; 5.25 ;1.589841072;14.5913242;;;;;
17.08.2021 10:59;20.5;0; -   ; 5.25 ;0;14.5913242;;;;;
17.08.2021 11:59;21;0; -   ; 5.25 ;0;14.5913242;;;;;
17.08.2021 12:59;21.4;0; -   ; 5.25 ;0;14.5913242;;;;;
17.08.2021 13:59;21.7;0; -   ; 5.25 ;0;14.5913242;;;;;
17.08.2021 14:59;21.7;0; -   ; 5.25 ;0;14.5913242;;;;;
17.08.2021 15:59;21.6;0; -   ; 5.25 ;0;14.5913242;;;;;
17.08.2021 16:59;21.1;0; -   ; 5.25 ;0;14.5913242;;;;;
17.08.2021 17:59;20.3;0; -   ; 5.25 ;0;14.5913242;;;;;
17.08.2021 18:59;19.5;0.5; 0.30 ; 5.25 ;7.949205358;14.5913242;;;;;
17.08.2021 19:59;18.6;1.4; 0.84 ; 5.25 ;22.257775;14.5913242;;;;;
17.08.2021 20:59;17.9;2.1; 1.26 ; 5.25 ;33.3866625;14.5913242;;;;;
17.08.2021 21:59;17.1;2.9; 1.75 ; 5.25 ;46.10539108;14.5913242;;;;;
17.08.2021 22:59;16.2;3.8; 2.29 ; 5.25 ;60.41396072;14.5913242;;;;;
17.08.2021 23:59;15.8;4.2; 2.53 ; 5.25 ;66.77332501;14.5913242;;;;;
18.08.2021 00:59;15.3;4.7; 2.83 ; 5.25 ;74.72253037;14.5913242;;;;;
18.08.2021 01:59;15.4;4.6; 2.77 ; 5.25 ;73.1326893;14.5913242;;;;;
18.08.2021 02:59;15;5; 3.01 ; 5.25 ;79.49205358;14.5913242;;;;;
18.08.2021 03:59;15;5; 3.01 ; 5.25 ;79.49205358;14.5913242;;;;;
18.08.2021 04:59;15.1;4.9; 2.95 ; 5.25 ;77.90221251;14.5913242;;;;;
18.08.2021 05:59;15.2;4.8; 2.89 ; 5.25 ;76.31237144;14.5913242;;;;;
18.08.2021 06:59;15.4;4.6; 2.77 ; 5.25 ;73.1326893;14.5913242;;;;;
18.08.2021 07:59;15.8;4.2; 2.53 ; 5.25 ;66.77332501;14.5913242;;;;;
18.08.2021 08:59;16.3;3.7; 2.23 ; 5.25 ;58.82411965;14.5913242;;;;;
18.08.2021 09:59;16.8;3.2; 1.93 ; 5.25 ;50.87491429;14.5913242;;;;;
18.08.2021 10:59;17.6;2.4; 1.44 ; 5.25 ;38.15618572;14.5913242;;;;;
18.08.2021 11:59;18.3;1.7; 1.02 ; 5.25 ;27.02729822;14.5913242;;;;;
18.08.2021 12:59;18.7;1.3; 0.78 ; 5.25 ;20.66793393;14.5913242;;;;;
18.08.2021 13:59;18;2; 1.20 ; 5.25 ;31.79682143;14.5913242;;;;;
18.08.2021 14:59;18.8;1.2; 0.72 ; 5.25 ;19.07809286;14.5913242;;;;;
18.08.2021 15:59;19.2;0.8; 0.48 ; 5.25 ;12.71872857;14.5913242;;;;;
18.08.2021 16:59;19;1; 0.60 ; 5.25 ;15.89841072;14.5913242;;;;;
18.08.2021 17:59;18.6;1.4; 0.84 ; 5.25 ;22.257775;14.5913242;;;;;
18.08.2021 18:59;18.2;1.8; 1.08 ; 5.25 ;28.61713929;14.5913242;;;;;
18.08.2021 19:59;17.8;2.2; 1.32 ; 5.25 ;34.97650358;14.5913242;;;;;
18.08.2021 20:59;17.4;2.6; 1.57 ; 5.25 ;41.33586786;14.5913242;;;;;
18.08.2021 21:59;17;3; 1.81 ; 5.25 ;47.69523215;14.5913242;;;;;
18.08.2021 22:59;16.5;3.5; 2.11 ; 5.25 ;55.64443751;14.5913242;;;;;
18.08.2021 23:59;16.2;3.8; 2.29 ; 5.25 ;60.41396072;14.5913242;;;;;
19.08.2021 00:59;15.9;4.1; 2.47 ; 5.25 ;65.18348394;14.5913242;;;;;
19.08.2021 01:59;15.7;4.3; 2.59 ; 5.25 ;68.36316608;14.5913242;;;;;
19.08.2021 02:59;15.5;4.5; 2.71 ; 5.25 ;71.54284822;14.5913242;;;;;
19.08.2021 03:59;15.4;4.6; 2.77 ; 5.25 ;73.1326893;14.5913242;;;;;
19.08.2021 04:59;15.4;4.6; 2.77 ; 5.25 ;73.1326893;14.5913242;;;;;
19.08.2021 05:59;16.2;3.8; 2.29 ; 5.25 ;60.41396072;14.5913242;;;;;
19.08.2021 06:59;16.7;3.3; 1.99 ; 5.25 ;52.46475536;14.5913242;;;;;
19.08.2021 07:59;17.5;2.5; 1.51 ; 5.25 ;39.74602679;14.5913242;;;;;
19.08.2021 08:59;18.2;1.8; 1.08 ; 5.25 ;28.61713929;14.5913242;;;;;
19.08.2021 09:59;18.5;1.5; 0.90 ; 5.25 ;23.84761607;14.5913242;;;;;
19.08.2021 10:59;18.6;1.4; 0.84 ; 5.25 ;22.257775;14.5913242;;;;;
19.08.2021 11:59;18.9;1.1; 0.66 ; 5.25 ;17.48825179;14.5913242;;;;;
19.08.2021 12:59;19.3;0.7; 0.42 ; 5.25 ;11.1288875;14.5913242;;;;;
19.08.2021 13:59;19.6;0.4; 0.24 ; 5.25 ;6.359364287;14.5913242;;;;;
19.08.2021 14:59;20.2;0; -   ; 5.25 ;0;14.5913242;;;;;
19.08.2021 15:59;20.4;0; -   ; 5.25 ;0;14.5913242;;;;;
19.08.2021 16:59;19.5;0.5; 0.30 ; 5.25 ;7.949205358;14.5913242;;;;;
19.08.2021 17:59;19.6;0.4; 0.24 ; 5.25 ;6.359364287;14.5913242;;;;;
19.08.2021 18:59;18.9;1.1; 0.66 ; 5.25 ;17.48825179;14.5913242;;;;;
19.08.2021 19:59;18.5;1.5; 0.90 ; 5.25 ;23.84761607;14.5913242;;;;;
19.08.2021 20:59;18.1;1.9; 1.14 ; 5.25 ;30.20698036;14.5913242;;;;;
19.08.2021 21:59;17.6;2.4; 1.44 ; 5.25 ;38.15618572;14.5913242;;;;;
19.08.2021 22:59;17;3; 1.81 ; 5.25 ;47.69523215;14.5913242;;;;;
19.08.2021 23:59;16.7;3.3; 1.99 ; 5.25 ;52.46475536;14.5913242;;;;;
20.08.2021 00:59;16.2;3.8; 2.29 ; 5.25 ;60.41396072;14.5913242;;;;;
20.08.2021 01:59;16;4; 2.41 ; 5.25 ;63.59364287;14.5913242;;;;;
20.08.2021 02:59;15.8;4.2; 2.53 ; 5.25 ;66.77332501;14.5913242;;;;;
20.08.2021 03:59;15.6;4.4; 2.65 ; 5.25 ;69.95300715;14.5913242;;;;;
20.08.2021 04:59;15.6;4.4; 2.65 ; 5.25 ;69.95300715;14.5913242;;;;;
20.08.2021 05:59;16.4;3.6; 2.17 ; 5.25 ;57.23427858;14.5913242;;;;;
20.08.2021 06:59;17.7;2.3; 1.38 ; 5.25 ;36.56634465;14.5913242;;;;;
20.08.2021 07:59;19;1; 0.60 ; 5.25 ;15.89841072;14.5913242;;;;;
20.08.2021 08:59;20.2;0; -   ; 5.25 ;0;14.5913242;;;;;
20.08.2021 09:59;21.4;0; -   ; 5.25 ;0;14.5913242;;;;;
20.08.2021 10:59;22.3;0; -   ; 5.25 ;0;14.5913242;;;;;
20.08.2021 11:59;23.3;0; -   ; 5.25 ;0;14.5913242;;;;;
20.08.2021 12:59;23.9;0; -   ; 5.25 ;0;14.5913242;;;;;
20.08.2021 13:59;24.3;0; -   ; 5.25 ;0;14.5913242;;;;;
20.08.2021 14:59;24.4;0; -   ; 5.25 ;0;14.5913242;;;;;
20.08.2021 15:59;24.1;0; -   ; 5.25 ;0;14.5913242;;;;;
20.08.2021 16:59;23.5;0; -   ; 5.25 ;0;14.5913242;;;;;
20.08.2021 17:59;22.6;0; -   ; 5.25 ;0;14.5913242;;;;;
20.08.2021 18:59;21.7;0; -   ; 5.25 ;0;14.5913242;;;;;
20.08.2021 19:59;21;0; -   ; 5.25 ;0;14.5913242;;;;;
20.08.2021 20:59;20;0; -   ; 5.25 ;0;14.5913242;;;;;
20.08.2021 21:59;19.4;0.6; 0.36 ; 5.25 ;9.53904643;14.5913242;;;;;
20.08.2021 22:59;18.6;1.4; 0.84 ; 5.25 ;22.257775;14.5913242;;;;;
20.08.2021 23:59;18.1;1.9; 1.14 ; 5.25 ;30.20698036;14.5913242;;;;;
21.08.2021 00:59;17.5;2.5; 1.51 ; 5.25 ;39.74602679;14.5913242;;;;;
21.08.2021 01:59;17.1;2.9; 1.75 ; 5.25 ;46.10539108;14.5913242;;;;;
21.08.2021 02:59;16.8;3.2; 1.93 ; 5.25 ;50.87491429;14.5913242;;;;;
21.08.2021 03:59;16.6;3.4; 2.05 ; 5.25 ;54.05459644;14.5913242;;;;;
21.08.2021 04:59;16.6;3.4; 2.05 ; 5.25 ;54.05459644;14.5913242;;;;;
21.08.2021 05:59;17.5;2.5; 1.51 ; 5.25 ;39.74602679;14.5913242;;;;;
21.08.2021 06:59;18.8;1.2; 0.72 ; 5.25 ;19.07809286;14.5913242;;;;;
21.08.2021 07:59;20.2;0; -   ; 5.25 ;0;14.5913242;;;;;
21.08.2021 08:59;21.6;0; -   ; 5.25 ;0;14.5913242;;;;;
21.08.2021 09:59;22.8;0; -   ; 5.25 ;0;14.5913242;;;;;
21.08.2021 10:59;23.8;0; -   ; 5.25 ;0;14.5913242;;;;;
21.08.2021 11:59;24.6;0; -   ; 5.25 ;0;14.5913242;;;;;
21.08.2021 12:59;25.2;0; -   ; 5.25 ;0;14.5913242;;;;;
21.08.2021 13:59;25.6;0; -   ; 5.25 ;0;14.5913242;;;;;
21.08.2021 14:59;25.7;0; -   ; 5.25 ;0;14.5913242;;;;;
21.08.2021 15:59;25.3;0; -   ; 5.25 ;0;14.5913242;;;;;
21.08.2021 16:59;24.7;0; -   ; 5.25 ;0;14.5913242;;;;;
21.08.2021 17:59;23.8;0; -   ; 5.25 ;0;14.5913242;;;;;
21.08.2021 18:59;22.9;0; -   ; 5.25 ;0;14.5913242;;;;;
21.08.2021 19:59;21.5;0; -   ; 5.25 ;0;14.5913242;;;;;
21.08.2021 20:59;20.1;0; -   ; 5.25 ;0;14.5913242;;;;;
21.08.2021 21:59;18.7;1.3; 0.78 ; 5.25 ;20.66793393;14.5913242;;;;;
21.08.2021 22:59;17.3;2.7; 1.63 ; 5.25 ;42.92570893;14.5913242;;;;;
21.08.2021 23:59;16;4; 2.41 ; 5.25 ;63.59364287;14.5913242;;;;;
22.08.2021 00:59;14.7;5.3; 3.19 ; 5.25 ;84.2615768;14.5913242;;;;;
22.08.2021 01:59;14;6; 3.61 ; 5.25 ;95.3904643;14.5913242;;;;;
22.08.2021 02:59;13.5;6.5; 3.91 ; 5.25 ;103.3396697;14.5913242;;;;;
22.08.2021 03:59;13.1;6.9; 4.15 ; 5.25 ;109.6990339;14.5913242;;;;;
22.08.2021 04:59;13;7; 4.21 ; 5.25 ;111.288875;14.5913242;;;;;
22.08.2021 05:59;13.1;6.9; 4.15 ; 5.25 ;109.6990339;14.5913242;;;;;
22.08.2021 06:59;13.8;6.2; 3.73 ; 5.25 ;98.57014644;14.5913242;;;;;
22.08.2021 07:59;14.5;5.5; 3.31 ; 5.25 ;87.44125894;14.5913242;;;;;
22.08.2021 08:59;16;4; 2.41 ; 5.25 ;63.59364287;14.5913242;;;;;
22.08.2021 09:59;17.9;2.1; 1.26 ; 5.25 ;33.3866625;14.5913242;;;;;
22.08.2021 10:59;19.5;0.5; 0.30 ; 5.25 ;7.949205358;14.5913242;;;;;
22.08.2021 11:59;20.4;0; -   ; 5.25 ;0;14.5913242;;;;;
22.08.2021 12:59;21;0; -   ; 5.25 ;0;14.5913242;;;;;
22.08.2021 13:59;20.8;0; -   ; 5.25 ;0;14.5913242;;;;;
22.08.2021 14:59;20.4;0; -   ; 5.25 ;0;14.5913242;;;;;
22.08.2021 15:59;19.9;0.1; 0.06 ; 5.25 ;1.589841072;14.5913242;;;;;
22.08.2021 16:59;19.2;0.8; 0.48 ; 5.25 ;12.71872857;14.5913242;;;;;
22.08.2021 17:59;18.3;1.7; 1.02 ; 5.25 ;27.02729822;14.5913242;;;;;
22.08.2021 18:59;17.4;2.6; 1.57 ; 5.25 ;41.33586786;14.5913242;;;;;
22.08.2021 19:59;16.4;3.6; 2.17 ; 5.25 ;57.23427858;14.5913242;;;;;
22.08.2021 20:59;15.4;4.6; 2.77 ; 5.25 ;73.1326893;14.5913242;;;;;
22.08.2021 21:59;14.4;5.6; 3.37 ; 5.25 ;89.03110001;14.5913242;;;;;
22.08.2021 22:59;13.6;6.4; 3.85 ; 5.25 ;101.7498286;14.5913242;;;;;
22.08.2021 23:59;13.1;6.9; 4.15 ; 5.25 ;109.6990339;14.5913242;;;;;
23.08.2021 00:59;12.5;7.5; 4.52 ; 5.25 ;119.2380804;14.5913242;;;;;
23.08.2021 01:59;12.1;7.9; 4.76 ; 5.25 ;125.5974447;14.5913242;;;;;
23.08.2021 02:59;11.8;8.2; 4.94 ; 5.25 ;130.3669679;14.5913242;;;;;
23.08.2021 03:59;11.6;8.4; 5.06 ; 5.25 ;133.54665;14.5913242;;;;;
23.08.2021 04:59;11.5;8.5; 5.12 ; 5.25 ;135.1364911;14.5913242;;;;;
23.08.2021 05:59;12.7;7.3; 4.39 ; 5.25 ;116.0583982;14.5913242;;;;;
23.08.2021 06:59;14.3;5.7; 3.43 ; 5.25 ;90.62094108;14.5913242;;;;;
23.08.2021 07:59;16.5;3.5; 2.11 ; 5.25 ;55.64443751;14.5913242;;;;;
23.08.2021 08:59;18.6;1.4; 0.84 ; 5.25 ;22.257775;14.5913242;;;;;
23.08.2021 09:59;20.5;0; -   ; 5.25 ;0;14.5913242;;;;;
23.08.2021 10:59;22.1;0; -   ; 5.25 ;0;14.5913242;;;;;
23.08.2021 11:59;23.4;0; -   ; 5.25 ;0;14.5913242;;;;;
23.08.2021 12:59;24.3;0; -   ; 5.25 ;0;14.5913242;;;;;
23.08.2021 13:59;24.8;0; -   ; 5.25 ;0;14.5913242;;;;;
23.08.2021 14:59;24.9;0; -   ; 5.25 ;0;14.5913242;;;;;
23.08.2021 15:59;24.6;0; -   ; 5.25 ;0;14.5913242;;;;;
23.08.2021 16:59;23.6;0; -   ; 5.25 ;0;14.5913242;;;;;
23.08.2021 17:59;22.2;0; -   ; 5.25 ;0;14.5913242;;;;;
23.08.2021 18:59;20.7;0; -   ; 5.25 ;0;14.5913242;;;;;
23.08.2021 19:59;19.7;0.3; 0.18 ; 5.25 ;4.769523215;14.5913242;;;;;
23.08.2021 20:59;18.6;1.4; 0.84 ; 5.25 ;22.257775;14.5913242;;;;;
23.08.2021 21:59;17.6;2.4; 1.44 ; 5.25 ;38.15618572;14.5913242;;;;;
23.08.2021 22:59;16.6;3.4; 2.05 ; 5.25 ;54.05459644;14.5913242;;;;;
23.08.2021 23:59;15.9;4.1; 2.47 ; 5.25 ;65.18348394;14.5913242;;;;;
24.08.2021 00:59;15.2;4.8; 2.89 ; 5.25 ;76.31237144;14.5913242;;;;;
24.08.2021 01:59;14.8;5.2; 3.13 ; 5.25 ;82.67173573;14.5913242;;;;;
24.08.2021 02:59;14.5;5.5; 3.31 ; 5.25 ;87.44125894;14.5913242;;;;;
24.08.2021 03:59;14.2;5.8; 3.49 ; 5.25 ;92.21078215;14.5913242;;;;;
24.08.2021 04:59;14.2;5.8; 3.49 ; 5.25 ;92.21078215;14.5913242;;;;;
24.08.2021 05:59;14.3;5.7; 3.43 ; 5.25 ;90.62094108;14.5913242;;;;;
24.08.2021 06:59;14.3;5.7; 3.43 ; 5.25 ;90.62094108;14.5913242;;;;;
24.08.2021 07:59;14.6;5.4; 3.25 ; 5.25 ;85.85141787;14.5913242;;;;;
24.08.2021 08:59;15;5; 3.01 ; 5.25 ;79.49205358;14.5913242;;;;;
24.08.2021 09:59;15.3;4.7; 2.83 ; 5.25 ;74.72253037;14.5913242;;;;;
24.08.2021 10:59;15.7;4.3; 2.59 ; 5.25 ;68.36316608;14.5913242;;;;;
24.08.2021 11:59;15.8;4.2; 2.53 ; 5.25 ;66.77332501;14.5913242;;;;;
24.08.2021 12:59;15.9;4.1; 2.47 ; 5.25 ;65.18348394;14.5913242;;;;;
24.08.2021 13:59;16.3;3.7; 2.23 ; 5.25 ;58.82411965;14.5913242;;;;;
24.08.2021 14:59;15.7;4.3; 2.59 ; 5.25 ;68.36316608;14.5913242;;;;;
24.08.2021 15:59;16.3;3.7; 2.23 ; 5.25 ;58.82411965;14.5913242;;;;;
24.08.2021 16:59;16.1;3.9; 2.35 ; 5.25 ;62.00380179;14.5913242;;;;;
24.08.2021 17:59;15.7;4.3; 2.59 ; 5.25 ;68.36316608;14.5913242;;;;;
24.08.2021 18:59;15.4;4.6; 2.77 ; 5.25 ;73.1326893;14.5913242;;;;;
24.08.2021 19:59;14.9;5.1; 3.07 ; 5.25 ;81.08189465;14.5913242;;;;;
24.08.2021 20:59;14.3;5.7; 3.43 ; 5.25 ;90.62094108;14.5913242;;;;;
24.08.2021 21:59;13.4;6.6; 3.97 ; 5.25 ;104.9295107;14.5913242;;;;;
24.08.2021 22:59;11.8;8.2; 4.94 ; 5.25 ;130.3669679;14.5913242;;;;;
24.08.2021 23:59;13.1;6.9; 4.15 ; 5.25 ;109.6990339;14.5913242;;;;;
25.08.2021 00:59;12.6;7.4; 4.46 ; 5.25 ;117.6482393;14.5913242;;;;;
25.08.2021 01:59;12.1;7.9; 4.76 ; 5.25 ;125.5974447;14.5913242;;;;;
25.08.2021 02:59;12.4;7.6; 4.58 ; 5.25 ;120.8279214;14.5913242;;;;;
25.08.2021 03:59;12.4;7.6; 4.58 ; 5.25 ;120.8279214;14.5913242;;;;;
25.08.2021 04:59;12.4;7.6; 4.58 ; 5.25 ;120.8279214;14.5913242;;;;;
25.08.2021 05:59;12.9;7.1; 4.27 ; 5.25 ;112.8787161;14.5913242;;;;;
25.08.2021 06:59;13.7;6.3; 3.79 ; 5.25 ;100.1599875;14.5913242;;;;;
25.08.2021 07:59;14.5;5.5; 3.31 ; 5.25 ;87.44125894;14.5913242;;;;;
25.08.2021 08:59;15.4;4.6; 2.77 ; 5.25 ;73.1326893;14.5913242;;;;;
25.08.2021 09:59;16.6;3.4; 2.05 ; 5.25 ;54.05459644;14.5913242;;;;;
25.08.2021 10:59;17.5;2.5; 1.51 ; 5.25 ;39.74602679;14.5913242;;;;;
25.08.2021 11:59;18.3;1.7; 1.02 ; 5.25 ;27.02729822;14.5913242;;;;;
25.08.2021 12:59;18.9;1.1; 0.66 ; 5.25 ;17.48825179;14.5913242;;;;;
25.08.2021 13:59;19.2;0.8; 0.48 ; 5.25 ;12.71872857;14.5913242;;;;;
25.08.2021 14:59;19.3;0.7; 0.42 ; 5.25 ;11.1288875;14.5913242;;;;;
25.08.2021 15:59;19.1;0.9; 0.54 ; 5.25 ;14.30856964;14.5913242;;;;;
25.08.2021 16:59;18.6;1.4; 0.84 ; 5.25 ;22.257775;14.5913242;;;;;
25.08.2021 17:59;17.9;2.1; 1.26 ; 5.25 ;33.3866625;14.5913242;;;;;
25.08.2021 18:59;17.2;2.8; 1.69 ; 5.25 ;44.51555001;14.5913242;;;;;
25.08.2021 19:59;16.4;3.6; 2.17 ; 5.25 ;57.23427858;14.5913242;;;;;
25.08.2021 20:59;15.7;4.3; 2.59 ; 5.25 ;68.36316608;14.5913242;;;;;
25.08.2021 21:59;15;5; 3.01 ; 5.25 ;79.49205358;14.5913242;;;;;
25.08.2021 22:59;14.2;5.8; 3.49 ; 5.25 ;92.21078215;14.5913242;;;;;
25.08.2021 23:59;13.7;6.3; 3.79 ; 5.25 ;100.1599875;14.5913242;;;;;
26.08.2021 00:59;13.1;6.9; 4.15 ; 5.25 ;109.6990339;14.5913242;;;;;
26.08.2021 01:59;12.9;7.1; 4.27 ; 5.25 ;112.8787161;14.5913242;;;;;
26.08.2021 02:59;12.7;7.3; 4.39 ; 5.25 ;116.0583982;14.5913242;;;;;
26.08.2021 03:59;12.5;7.5; 4.52 ; 5.25 ;119.2380804;14.5913242;;;;;
26.08.2021 04:59;12.5;7.5; 4.52 ; 5.25 ;119.2380804;14.5913242;;;;;
26.08.2021 05:59;12.7;7.3; 4.39 ; 5.25 ;116.0583982;14.5913242;;;;;
26.08.2021 06:59;12.8;7.2; 4.33 ; 5.25 ;114.4685572;14.5913242;;;;;
26.08.2021 07:59;14.7;5.3; 3.19 ; 5.25 ;84.2615768;14.5913242;;;;;
26.08.2021 08:59;15.8;4.2; 2.53 ; 5.25 ;66.77332501;14.5913242;;;;;
26.08.2021 09:59;16.6;3.4; 2.05 ; 5.25 ;54.05459644;14.5913242;;;;;
26.08.2021 10:59;17.8;2.2; 1.32 ; 5.25 ;34.97650358;14.5913242;;;;;
26.08.2021 11:59;19.9;0.1; 0.06 ; 5.25 ;1.589841072;14.5913242;;;;;
26.08.2021 12:59;21;0; -   ; 5.25 ;0;14.5913242;;;;;
26.08.2021 13:59;20.8;0; -   ; 5.25 ;0;14.5913242;;;;;
26.08.2021 14:59;20.3;0; -   ; 5.25 ;0;14.5913242;;;;;
26.08.2021 15:59;19.3;0.7; 0.42 ; 5.25 ;11.1288875;14.5913242;;;;;
26.08.2021 16:59;18.5;1.5; 0.90 ; 5.25 ;23.84761607;14.5913242;;;;;
26.08.2021 17:59;17.7;2.3; 1.38 ; 5.25 ;36.56634465;14.5913242;;;;;
26.08.2021 18:59;16.9;3.1; 1.87 ; 5.25 ;49.28507322;14.5913242;;;;;
26.08.2021 19:59;16.2;3.8; 2.29 ; 5.25 ;60.41396072;14.5913242;;;;;
26.08.2021 20:59;15.5;4.5; 2.71 ; 5.25 ;71.54284822;14.5913242;;;;;
26.08.2021 21:59;14.7;5.3; 3.19 ; 5.25 ;84.2615768;14.5913242;;;;;
26.08.2021 22:59;14;6; 3.61 ; 5.25 ;95.3904643;14.5913242;;;;;
26.08.2021 23:59;13.3;6.7; 4.03 ; 5.25 ;106.5193518;14.5913242;;;;;
27.08.2021 00:59;12.5;7.5; 4.52 ; 5.25 ;119.2380804;14.5913242;;;;;
27.08.2021 01:59;12;8; 4.82 ; 5.25 ;127.1872857;14.5913242;;;;;
27.08.2021 02:59;10.8;9.2; 5.54 ; 5.25 ;146.2653786;14.5913242;;;;;
27.08.2021 03:59;11.4;8.6; 5.18 ; 5.25 ;136.7263322;14.5913242;;;;;
27.08.2021 04:59;11.4;8.6; 5.18 ; 5.25 ;136.7263322;14.5913242;;;;;
27.08.2021 05:59;11.4;8.6; 5.18 ; 5.25 ;136.7263322;14.5913242;;;;;
27.08.2021 06:59;11.6;8.4; 5.06 ; 5.25 ;133.54665;14.5913242;;;;;
27.08.2021 07:59;11.7;8.3; 5.00 ; 5.25 ;131.9568089;14.5913242;;;;;
27.08.2021 08:59;11.8;8.2; 4.94 ; 5.25 ;130.3669679;14.5913242;;;;;
27.08.2021 09:59;12;8; 4.82 ; 5.25 ;127.1872857;14.5913242;;;;;
27.08.2021 10:59;12.5;7.5; 4.52 ; 5.25 ;119.2380804;14.5913242;;;;;
27.08.2021 11:59;13.6;6.4; 3.85 ; 5.25 ;101.7498286;14.5913242;;;;;
27.08.2021 12:59;13.9;6.1; 3.67 ; 5.25 ;96.98030537;14.5913242;;;;;
27.08.2021 13:59;14.5;5.5; 3.31 ; 5.25 ;87.44125894;14.5913242;;;;;
27.08.2021 14:59;14.7;5.3; 3.19 ; 5.25 ;84.2615768;14.5913242;;;;;
27.08.2021 15:59;14.7;5.3; 3.19 ; 5.25 ;84.2615768;14.5913242;;;;;
27.08.2021 16:59;14.5;5.5; 3.31 ; 5.25 ;87.44125894;14.5913242;;;;;
27.08.2021 17:59;14;6; 3.61 ; 5.25 ;95.3904643;14.5913242;;;;;
27.08.2021 18:59;13.5;6.5; 3.91 ; 5.25 ;103.3396697;14.5913242;;;;;
27.08.2021 19:59;13.2;6.8; 4.09 ; 5.25 ;108.1091929;14.5913242;;;;;
27.08.2021 20:59;12.7;7.3; 4.39 ; 5.25 ;116.0583982;14.5913242;;;;;
27.08.2021 21:59;11.9;8.1; 4.88 ; 5.25 ;128.7771268;14.5913242;;;;;
27.08.2021 22:59;11.7;8.3; 5.00 ; 5.25 ;131.9568089;14.5913242;;;;;
27.08.2021 23:59;11.5;8.5; 5.12 ; 5.25 ;135.1364911;14.5913242;;;;;
28.08.2021 00:59;11.2;8.8; 5.30 ; 5.25 ;139.9060143;14.5913242;;;;;
28.08.2021 01:59;11;9; 5.42 ; 5.25 ;143.0856964;14.5913242;;;;;
28.08.2021 02:59;10.8;9.2; 5.54 ; 5.25 ;146.2653786;14.5913242;;;;;
28.08.2021 03:59;10.8;9.2; 5.54 ; 5.25 ;146.2653786;14.5913242;;;;;
28.08.2021 04:59;10.8;9.2; 5.54 ; 5.25 ;146.2653786;14.5913242;;;;;
28.08.2021 05:59;11.4;8.6; 5.18 ; 5.25 ;136.7263322;14.5913242;;;;;
28.08.2021 06:59;12.5;7.5; 4.52 ; 5.25 ;119.2380804;14.5913242;;;;;
28.08.2021 07:59;13.8;6.2; 3.73 ; 5.25 ;98.57014644;14.5913242;;;;;
28.08.2021 08:59;14.9;5.1; 3.07 ; 5.25 ;81.08189465;14.5913242;;;;;
28.08.2021 09:59;16.1;3.9; 2.35 ; 5.25 ;62.00380179;14.5913242;;;;;
28.08.2021 10:59;17.2;2.8; 1.69 ; 5.25 ;44.51555001;14.5913242;;;;;
28.08.2021 11:59;18.2;1.8; 1.08 ; 5.25 ;28.61713929;14.5913242;;;;;
28.08.2021 12:59;18.9;1.1; 0.66 ; 5.25 ;17.48825179;14.5913242;;;;;
28.08.2021 13:59;19.2;0.8; 0.48 ; 5.25 ;12.71872857;14.5913242;;;;;
28.08.2021 14:59;19.2;0.8; 0.48 ; 5.25 ;12.71872857;14.5913242;;;;;
28.08.2021 15:59;19;1; 0.60 ; 5.25 ;15.89841072;14.5913242;;;;;
28.08.2021 16:59;18.4;1.6; 0.96 ; 5.25 ;25.43745715;14.5913242;;;;;
28.08.2021 17:59;17.5;2.5; 1.51 ; 5.25 ;39.74602679;14.5913242;;;;;
28.08.2021 18:59;16.5;3.5; 2.11 ; 5.25 ;55.64443751;14.5913242;;;;;
28.08.2021 19:59;15.6;4.4; 2.65 ; 5.25 ;69.95300715;14.5913242;;;;;
28.08.2021 20:59;14.8;5.2; 3.13 ; 5.25 ;82.67173573;14.5913242;;;;;
28.08.2021 21:59;13.9;6.1; 3.67 ; 5.25 ;96.98030537;14.5913242;;;;;
28.08.2021 22:59;13.3;6.7; 4.03 ; 5.25 ;106.5193518;14.5913242;;;;;
28.08.2021 23:59;12.6;7.4; 4.46 ; 5.25 ;117.6482393;14.5913242;;;;;
29.08.2021 00:59;12;8; 4.82 ; 5.25 ;127.1872857;14.5913242;;;;;
29.08.2021 01:59;11.6;8.4; 5.06 ; 5.25 ;133.54665;14.5913242;;;;;
29.08.2021 02:59;11.2;8.8; 5.30 ; 5.25 ;139.9060143;14.5913242;;;;;
29.08.2021 03:59;11;9; 5.42 ; 5.25 ;143.0856964;14.5913242;;;;;
29.08.2021 04:59;11;9; 5.42 ; 5.25 ;143.0856964;14.5913242;;;;;
29.08.2021 05:59;11.7;8.3; 5.00 ; 5.25 ;131.9568089;14.5913242;;;;;
29.08.2021 06:59;13;7; 4.21 ; 5.25 ;111.288875;14.5913242;;;;;
29.08.2021 07:59;14.5;5.5; 3.31 ; 5.25 ;87.44125894;14.5913242;;;;;
29.08.2021 08:59;16.3;3.7; 2.23 ; 5.25 ;58.82411965;14.5913242;;;;;
29.08.2021 09:59;18;2; 1.20 ; 5.25 ;31.79682143;14.5913242;;;;;
29.08.2021 10:59;19.5;0.5; 0.30 ; 5.25 ;7.949205358;14.5913242;;;;;
29.08.2021 11:59;20.7;0; -   ; 5.25 ;0;14.5913242;;;;;
29.08.2021 12:59;21.6;0; -   ; 5.25 ;0;14.5913242;;;;;
29.08.2021 13:59;22.2;0; -   ; 5.25 ;0;14.5913242;;;;;
29.08.2021 14:59;22.3;0; -   ; 5.25 ;0;14.5913242;;;;;
29.08.2021 15:59;21.9;0; -   ; 5.25 ;0;14.5913242;;;;;
29.08.2021 16:59;21;0; -   ; 5.25 ;0;14.5913242;;;;;
29.08.2021 17:59;19.7;0.3; 0.18 ; 5.25 ;4.769523215;14.5913242;;;;;
29.08.2021 18:59;18.5;1.5; 0.90 ; 5.25 ;23.84761607;14.5913242;;;;;
29.08.2021 19:59;17.2;2.8; 1.69 ; 5.25 ;44.51555001;14.5913242;;;;;
29.08.2021 20:59;15.9;4.1; 2.47 ; 5.25 ;65.18348394;14.5913242;;;;;
29.08.2021 21:59;14.6;5.4; 3.25 ; 5.25 ;85.85141787;14.5913242;;;;;
29.08.2021 22:59;13.5;6.5; 3.91 ; 5.25 ;103.3396697;14.5913242;;;;;
29.08.2021 23:59;12.6;7.4; 4.46 ; 5.25 ;117.6482393;14.5913242;;;;;
30.08.2021 00:59;11.6;8.4; 5.06 ; 5.25 ;133.54665;14.5913242;;;;;
30.08.2021 01:59;11;9; 5.42 ; 5.25 ;143.0856964;14.5913242;;;;;
30.08.2021 02:59;10.5;9.5; 5.72 ; 5.25 ;151.0349018;14.5913242;;;;;
30.08.2021 03:59;10.1;9.9; 5.96 ; 5.25 ;157.3942661;14.5913242;;;;;
30.08.2021 04:59;10;10; 6.02 ; 5.25 ;158.9841072;14.5913242;;;;;
30.08.2021 05:59;10.7;9.3; 5.60 ; 5.25 ;147.8552197;14.5913242;;;;;
30.08.2021 06:59;11.9;8.1; 4.88 ; 5.25 ;128.7771268;14.5913242;;;;;
30.08.2021 07:59;13.3;6.7; 4.03 ; 5.25 ;106.5193518;14.5913242;;;;;
30.08.2021 08:59;14.6;5.4; 3.25 ; 5.25 ;85.85141787;14.5913242;;;;;
30.08.2021 09:59;16;4; 2.41 ; 5.25 ;63.59364287;14.5913242;;;;;
30.08.2021 10:59;17.2;2.8; 1.69 ; 5.25 ;44.51555001;14.5913242;;;;;
30.08.2021 11:59;18.1;1.9; 1.14 ; 5.25 ;30.20698036;14.5913242;;;;;
30.08.2021 12:59;18.8;1.2; 0.72 ; 5.25 ;19.07809286;14.5913242;;;;;
30.08.2021 13:59;19.2;0.8; 0.48 ; 5.25 ;12.71872857;14.5913242;;;;;
30.08.2021 14:59;19.2;0.8; 0.48 ; 5.25 ;12.71872857;14.5913242;;;;;
30.08.2021 15:59;18.8;1.2; 0.72 ; 5.25 ;19.07809286;14.5913242;;;;;
30.08.2021 16:59;18;2; 1.20 ; 5.25 ;31.79682143;14.5913242;;;;;
30.08.2021 17:59;16.9;3.1; 1.87 ; 5.25 ;49.28507322;14.5913242;;;;;
30.08.2021 18:59;15.8;4.2; 2.53 ; 5.25 ;66.77332501;14.5913242;;;;;
30.08.2021 19:59;14.7;5.3; 3.19 ; 5.25 ;84.2615768;14.5913242;;;;;
30.08.2021 20:59;13.7;6.3; 3.79 ; 5.25 ;100.1599875;14.5913242;;;;;
30.08.2021 21:59;12.8;7.2; 4.33 ; 5.25 ;114.4685572;14.5913242;;;;;
30.08.2021 22:59;11.8;8.2; 4.94 ; 5.25 ;130.3669679;14.5913242;;;;;
30.08.2021 23:59;11.2;8.8; 5.30 ; 5.25 ;139.9060143;14.5913242;;;;;
31.08.2021 00:59;10.7;9.3; 5.60 ; 5.25 ;147.8552197;14.5913242;;;;;
31.08.2021 01:59;10.4;9.6; 5.78 ; 5.25 ;152.6247429;14.5913242;;;;;
31.08.2021 02:59;10.1;9.9; 5.96 ; 5.25 ;157.3942661;14.5913242;;;;;
31.08.2021 03:59;9.9;10.1; 6.08 ; 5.25 ;160.5739482;14.5913242;;;;;
31.08.2021 04:59;9.9;10.1; 6.08 ; 5.25 ;160.5739482;14.5913242;;;;;
31.08.2021 05:59;10.4;9.6; 5.78 ; 5.25 ;152.6247429;14.5913242;;;;;
31.08.2021 06:59;11;9; 5.42 ; 5.25 ;143.0856964;14.5913242;;;;;
31.08.2021 07:59;11.6;8.4; 5.06 ; 5.25 ;133.54665;14.5913242;;;;;
31.08.2021 08:59;12.4;7.6; 4.58 ; 5.25 ;120.8279214;14.5913242;;;;;
31.08.2021 09:59;13.6;6.4; 3.85 ; 5.25 ;101.7498286;14.5913242;;;;;
31.08.2021 10:59;14.9;5.1; 3.07 ; 5.25 ;81.08189465;14.5913242;;;;;
31.08.2021 11:59;17.1;2.9; 1.75 ; 5.25 ;46.10539108;14.5913242;;;;;
31.08.2021 12:59;18.4;1.6; 0.96 ; 5.25 ;25.43745715;14.5913242;;;;;
31.08.2021 13:59;18.6;1.4; 0.84 ; 5.25 ;22.257775;14.5913242;;;;;
31.08.2021 14:59;18.5;1.5; 0.90 ; 5.25 ;23.84761607;14.5913242;;;;;
31.08.2021 15:59;17.8;2.2; 1.32 ; 5.25 ;34.97650358;14.5913242;;;;;
31.08.2021 16:59;17.2;2.8; 1.69 ; 5.25 ;44.51555001;14.5913242;;;;;
31.08.2021 17:59;16.5;3.5; 2.11 ; 5.25 ;55.64443751;14.5913242;;;;;
31.08.2021 18:59;15.6;4.4; 2.65 ; 5.25 ;69.95300715;14.5913242;;;;;
31.08.2021 19:59;14.4;5.6; 3.37 ; 5.25 ;89.03110001;14.5913242;;;;;
31.08.2021 20:59;13.4;6.6; 3.97 ; 5.25 ;104.9295107;14.5913242;;;;;
31.08.2021 21:59;12.4;7.6; 4.58 ; 5.25 ;120.8279214;14.5913242;;;;;
31.08.2021 22:59;11.5;8.5; 5.12 ; 5.25 ;135.1364911;14.5913242;;;;;
31.08.2021 23:59;10.5;9.5; 5.72 ; 5.25 ;151.0349018;14.5913242;;;;;
01.09.2021 00:59;9.5;10.5; 6.32 ; 5.25 ;166.9333125;14.5913242;;;;;
01.09.2021 01:59;8.5;11.5; 6.92 ; 5.25 ;182.8317232;14.5913242;;;;;
01.09.2021 02:59;7.9;12.1; 7.28 ; 5.25 ;192.3707697;14.5913242;;;;;
01.09.2021 03:59;7.5;12.5; 7.53 ; 5.25 ;198.730134;14.5913242;;;;;
01.09.2021 04:59;7.4;12.6; 7.59 ; 5.25 ;200.319975;14.5913242;;;;;
01.09.2021 05:59;8.5;11.5; 6.92 ; 5.25 ;182.8317232;14.5913242;;;;;
01.09.2021 06:59;10.2;9.8; 5.90 ; 5.25 ;155.804425;14.5913242;;;;;
01.09.2021 07:59;12.2;7.8; 4.70 ; 5.25 ;124.0076036;14.5913242;;;;;
01.09.2021 08:59;14;6; 3.61 ; 5.25 ;95.3904643;14.5913242;;;;;
01.09.2021 09:59;16;4; 2.41 ; 5.25 ;63.59364287;14.5913242;;;;;
01.09.2021 10:59;17.5;2.5; 1.51 ; 5.25 ;39.74602679;14.5913242;;;;;
01.09.2021 11:59;19;1; 0.60 ; 5.25 ;15.89841072;14.5913242;;;;;
01.09.2021 12:59;20;0; -   ; 5.25 ;0;14.5913242;;;;;
01.09.2021 13:59;20.6;0; -   ; 5.25 ;0;14.5913242;;;;;
01.09.2021 14:59;20.7;0; -   ; 5.25 ;0;14.5913242;;;;;
01.09.2021 15:59;20.3;0; -   ; 5.25 ;0;14.5913242;;;;;
01.09.2021 16:59;19.1;0.9; 0.54 ; 5.25 ;14.30856964;14.5913242;;;;;
01.09.2021 17:59;17.6;2.4; 1.44 ; 5.25 ;38.15618572;14.5913242;;;;;
01.09.2021 18:59;15.9;4.1; 2.47 ; 5.25 ;65.18348394;14.5913242;;;;;
01.09.2021 19:59;14.5;5.5; 3.31 ; 5.25 ;87.44125894;14.5913242;;;;;
01.09.2021 20:59;13.4;6.6; 3.97 ; 5.25 ;104.9295107;14.5913242;;;;;
01.09.2021 21:59;12.1;7.9; 4.76 ; 5.25 ;125.5974447;14.5913242;;;;;
01.09.2021 22:59;10.9;9.1; 5.48 ; 5.25 ;144.6755375;14.5913242;;;;;
01.09.2021 23:59;10.1;9.9; 5.96 ; 5.25 ;157.3942661;14.5913242;;;;;
02.09.2021 00:59;9.3;10.7; 6.44 ; 5.25 ;170.1129947;14.5913242;;;;;
02.09.2021 01:59;8.9;11.1; 6.68 ; 5.25 ;176.472359;14.5913242;;;;;
02.09.2021 02:59;8.4;11.6; 6.98 ; 5.25 ;184.4215643;14.5913242;;;;;
02.09.2021 03:59;8.1;11.9; 7.16 ; 5.25 ;189.1910875;14.5913242;;;;;
02.09.2021 04:59;8;12; 7.22 ; 5.25 ;190.7809286;14.5913242;;;;;
02.09.2021 05:59;8.7;11.3; 6.80 ; 5.25 ;179.6520411;14.5913242;;;;;
02.09.2021 06:59;9.8;10.2; 6.14 ; 5.25 ;162.1637893;14.5913242;;;;;
02.09.2021 07:59;11.1;8.9; 5.36 ; 5.25 ;141.4958554;14.5913242;;;;;
02.09.2021 08:59;12.4;7.6; 4.58 ; 5.25 ;120.8279214;14.5913242;;;;;
02.09.2021 09:59;13.7;6.3; 3.79 ; 5.25 ;100.1599875;14.5913242;;;;;
02.09.2021 10:59;14.7;5.3; 3.19 ; 5.25 ;84.2615768;14.5913242;;;;;
02.09.2021 11:59;15.8;4.2; 2.53 ; 5.25 ;66.77332501;14.5913242;;;;;
02.09.2021 12:59;16.9;3.1; 1.87 ; 5.25 ;49.28507322;14.5913242;;;;;
02.09.2021 13:59;17.7;2.3; 1.38 ; 5.25 ;36.56634465;14.5913242;;;;;
02.09.2021 14:59;18.1;1.9; 1.14 ; 5.25 ;30.20698036;14.5913242;;;;;
02.09.2021 15:59;18.1;1.9; 1.14 ; 5.25 ;30.20698036;14.5913242;;;;;
02.09.2021 16:59;17.7;2.3; 1.38 ; 5.25 ;36.56634465;14.5913242;;;;;
02.09.2021 17:59;16.5;3.5; 2.11 ; 5.25 ;55.64443751;14.5913242;;;;;
02.09.2021 18:59;15.2;4.8; 2.89 ; 5.25 ;76.31237144;14.5913242;;;;;
02.09.2021 19:59;14.5;5.5; 3.31 ; 5.25 ;87.44125894;14.5913242;;;;;
02.09.2021 20:59;14;6; 3.61 ; 5.25 ;95.3904643;14.5913242;;;;;
02.09.2021 21:59;13.4;6.6; 3.97 ; 5.25 ;104.9295107;14.5913242;;;;;
02.09.2021 22:59;12.8;7.2; 4.33 ; 5.25 ;114.4685572;14.5913242;;;;;
02.09.2021 23:59;12.5;7.5; 4.52 ; 5.25 ;119.2380804;14.5913242;;;;;
03.09.2021 00:59;12.3;7.7; 4.64 ; 5.25 ;122.4177625;14.5913242;;;;;
03.09.2021 01:59;12.2;7.8; 4.70 ; 5.25 ;124.0076036;14.5913242;;;;;
03.09.2021 02:59;12.1;7.9; 4.76 ; 5.25 ;125.5974447;14.5913242;;;;;
03.09.2021 03:59;12;8; 4.82 ; 5.25 ;127.1872857;14.5913242;;;;;
03.09.2021 04:59;12;8; 4.82 ; 5.25 ;127.1872857;14.5913242;;;;;
03.09.2021 05:59;12.5;7.5; 4.52 ; 5.25 ;119.2380804;14.5913242;;;;;
03.09.2021 06:59;13.5;6.5; 3.91 ; 5.25 ;103.3396697;14.5913242;;;;;
03.09.2021 07:59;13.9;6.1; 3.67 ; 5.25 ;96.98030537;14.5913242;;;;;
03.09.2021 08:59;15;5; 3.01 ; 5.25 ;79.49205358;14.5913242;;;;;
03.09.2021 09:59;16.2;3.8; 2.29 ; 5.25 ;60.41396072;14.5913242;;;;;
03.09.2021 10:59;17.1;2.9; 1.75 ; 5.25 ;46.10539108;14.5913242;;;;;
03.09.2021 11:59;17;3; 1.81 ; 5.25 ;47.69523215;14.5913242;;;;;
03.09.2021 12:59;17.1;2.9; 1.75 ; 5.25 ;46.10539108;14.5913242;;;;;
03.09.2021 13:59;17.4;2.6; 1.57 ; 5.25 ;41.33586786;14.5913242;;;;;
03.09.2021 14:59;17.3;2.7; 1.63 ; 5.25 ;42.92570893;14.5913242;;;;;
03.09.2021 15:59;16.9;3.1; 1.87 ; 5.25 ;49.28507322;14.5913242;;;;;
03.09.2021 16:59;16.1;3.9; 2.35 ; 5.25 ;62.00380179;14.5913242;;;;;
03.09.2021 17:59;15.7;4.3; 2.59 ; 5.25 ;68.36316608;14.5913242;;;;;
03.09.2021 18:59;15.1;4.9; 2.95 ; 5.25 ;77.90221251;14.5913242;;;;;
03.09.2021 19:59;14.3;5.7; 3.43 ; 5.25 ;90.62094108;14.5913242;;;;;
03.09.2021 20:59;13.8;6.2; 3.73 ; 5.25 ;98.57014644;14.5913242;;;;;
03.09.2021 21:59;13.1;6.9; 4.15 ; 5.25 ;109.6990339;14.5913242;;;;;
03.09.2021 22:59;12.5;7.5; 4.52 ; 5.25 ;119.2380804;14.5913242;;;;;
03.09.2021 23:59;11.9;8.1; 4.88 ; 5.25 ;128.7771268;14.5913242;;;;;
04.09.2021 00:59;11.2;8.8; 5.30 ; 5.25 ;139.9060143;14.5913242;;;;;
04.09.2021 01:59;10.9;9.1; 5.48 ; 5.25 ;144.6755375;14.5913242;;;;;
04.09.2021 02:59;10.6;9.4; 5.66 ; 5.25 ;149.4450607;14.5913242;;;;;
04.09.2021 03:59;10.4;9.6; 5.78 ; 5.25 ;152.6247429;14.5913242;;;;;
04.09.2021 04:59;10.4;9.6; 5.78 ; 5.25 ;152.6247429;14.5913242;;;;;
04.09.2021 05:59;10.6;9.4; 5.66 ; 5.25 ;149.4450607;14.5913242;;;;;
04.09.2021 06:59;11.1;8.9; 5.36 ; 5.25 ;141.4958554;14.5913242;;;;;
04.09.2021 07:59;11.7;8.3; 5.00 ; 5.25 ;131.9568089;14.5913242;;;;;
04.09.2021 08:59;12.5;7.5; 4.52 ; 5.25 ;119.2380804;14.5913242;;;;;
04.09.2021 09:59;12.9;7.1; 4.27 ; 5.25 ;112.8787161;14.5913242;;;;;
04.09.2021 10:59;13.8;6.2; 3.73 ; 5.25 ;98.57014644;14.5913242;;;;;
04.09.2021 11:59;14.3;5.7; 3.43 ; 5.25 ;90.62094108;14.5913242;;;;;
04.09.2021 12:59;14.8;5.2; 3.13 ; 5.25 ;82.67173573;14.5913242;;;;;
04.09.2021 13:59;15.5;4.5; 2.71 ; 5.25 ;71.54284822;14.5913242;;;;;
04.09.2021 14:59;15.9;4.1; 2.47 ; 5.25 ;65.18348394;14.5913242;;;;;
04.09.2021 15:59;15.9;4.1; 2.47 ; 5.25 ;65.18348394;14.5913242;;;;;
04.09.2021 16:59;15.6;4.4; 2.65 ; 5.25 ;69.95300715;14.5913242;;;;;
04.09.2021 17:59;14.9;5.1; 3.07 ; 5.25 ;81.08189465;14.5913242;;;;;
04.09.2021 18:59;13.9;6.1; 3.67 ; 5.25 ;96.98030537;14.5913242;;;;;
04.09.2021 19:59;12.9;7.1; 4.27 ; 5.25 ;112.8787161;14.5913242;;;;;
04.09.2021 20:59;11.9;8.1; 4.88 ; 5.25 ;128.7771268;14.5913242;;;;;
04.09.2021 21:59;10.9;9.1; 5.48 ; 5.25 ;144.6755375;14.5913242;;;;;
04.09.2021 22:59;9.9;10.1; 6.08 ; 5.25 ;160.5739482;14.5913242;;;;;
04.09.2021 23:59;9;11; 6.62 ; 5.25 ;174.8825179;14.5913242;;;;;
05.09.2021 00:59;8;12; 7.22 ; 5.25 ;190.7809286;14.5913242;;;;;
05.09.2021 01:59;7.4;12.6; 7.59 ; 5.25 ;200.319975;14.5913242;;;;;
05.09.2021 02:59;6.9;13.1; 7.89 ; 5.25 ;208.2691804;14.5913242;;;;;
05.09.2021 03:59;6.5;13.5; 8.13 ; 5.25 ;214.6285447;14.5913242;;;;;
05.09.2021 04:59;6.4;13.6; 8.19 ; 5.25 ;216.2183857;14.5913242;;;;;
05.09.2021 05:59;7.5;12.5; 7.53 ; 5.25 ;198.730134;14.5913242;;;;;
05.09.2021 06:59;9.5;10.5; 6.32 ; 5.25 ;166.9333125;14.5913242;;;;;
05.09.2021 07:59;11.8;8.2; 4.94 ; 5.25 ;130.3669679;14.5913242;;;;;
05.09.2021 08:59;14.1;5.9; 3.55 ; 5.25 ;93.80062323;14.5913242;;;;;
05.09.2021 09:59;16.6;3.4; 2.05 ; 5.25 ;54.05459644;14.5913242;;;;;
05.09.2021 10:59;18.7;1.3; 0.78 ; 5.25 ;20.66793393;14.5913242;;;;;
05.09.2021 11:59;20.4;0; -   ; 5.25 ;0;14.5913242;;;;;
05.09.2021 12:59;21.5;0; -   ; 5.25 ;0;14.5913242;;;;;
05.09.2021 13:59;22.1;0; -   ; 5.25 ;0;14.5913242;;;;;
05.09.2021 14:59;22.1;0; -   ; 5.25 ;0;14.5913242;;;;;
05.09.2021 15:59;21.4;0; -   ; 5.25 ;0;14.5913242;;;;;
05.09.2021 16:59;19.9;0.1; 0.06 ; 5.25 ;1.589841072;14.5913242;;;;;
05.09.2021 17:59;17.9;2.1; 1.26 ; 5.25 ;33.3866625;14.5913242;;;;;
05.09.2021 18:59;16.6;3.4; 2.05 ; 5.25 ;54.05459644;14.5913242;;;;;
05.09.2021 19:59;15.3;4.7; 2.83 ; 5.25 ;74.72253037;14.5913242;;;;;
05.09.2021 20:59;13.9;6.1; 3.67 ; 5.25 ;96.98030537;14.5913242;;;;;
05.09.2021 21:59;12.9;7.1; 4.27 ; 5.25 ;112.8787161;14.5913242;;;;;
05.09.2021 22:59;11.7;8.3; 5.00 ; 5.25 ;131.9568089;14.5913242;;;;;
05.09.2021 23:59;10.9;9.1; 5.48 ; 5.25 ;144.6755375;14.5913242;;;;;
06.09.2021 00:59;10.1;9.9; 5.96 ; 5.25 ;157.3942661;14.5913242;;;;;
06.09.2021 01:59;9.6;10.4; 6.26 ; 5.25 ;165.3434715;14.5913242;;;;;
06.09.2021 02:59;9.2;10.8; 6.50 ; 5.25 ;171.7028357;14.5913242;;;;;
06.09.2021 03:59;8.9;11.1; 6.68 ; 5.25 ;176.472359;14.5913242;;;;;
06.09.2021 04:59;8.8;11.2; 6.74 ; 5.25 ;178.0622;14.5913242;;;;;
06.09.2021 05:59;9.7;10.3; 6.20 ; 5.25 ;163.7536304;14.5913242;;;;;
06.09.2021 06:59;11.6;8.4; 5.06 ; 5.25 ;133.54665;14.5913242;;;;;
06.09.2021 07:59;13.8;6.2; 3.73 ; 5.25 ;98.57014644;14.5913242;;;;;
06.09.2021 08:59;16.2;3.8; 2.29 ; 5.25 ;60.41396072;14.5913242;;;;;
06.09.2021 09:59;18.6;1.4; 0.84 ; 5.25 ;22.257775;14.5913242;;;;;
06.09.2021 10:59;20.6;0; -   ; 5.25 ;0;14.5913242;;;;;
06.09.2021 11:59;22.2;0; -   ; 5.25 ;0;14.5913242;;;;;
06.09.2021 12:59;23.3;0; -   ; 5.25 ;0;14.5913242;;;;;
06.09.2021 13:59;23.9;0; -   ; 5.25 ;0;14.5913242;;;;;
06.09.2021 14:59;24;0; -   ; 5.25 ;0;14.5913242;;;;;
06.09.2021 15:59;23.4;0; -   ; 5.25 ;0;14.5913242;;;;;
06.09.2021 16:59;22;0; -   ; 5.25 ;0;14.5913242;;;;;
06.09.2021 17:59;20.1;0; -   ; 5.25 ;0;14.5913242;;;;;
06.09.2021 18:59;19.1;0.9; 0.54 ; 5.25 ;14.30856964;14.5913242;;;;;
06.09.2021 19:59;18.1;1.9; 1.14 ; 5.25 ;30.20698036;14.5913242;;;;;
06.09.2021 20:59;17.2;2.8; 1.69 ; 5.25 ;44.51555001;14.5913242;;;;;
06.09.2021 21:59;16.2;3.8; 2.29 ; 5.25 ;60.41396072;14.5913242;;;;;
06.09.2021 22:59;15.2;4.8; 2.89 ; 5.25 ;76.31237144;14.5913242;;;;;
06.09.2021 23:59;14.7;5.3; 3.19 ; 5.25 ;84.2615768;14.5913242;;;;;
07.09.2021 00:59;14.1;5.9; 3.55 ; 5.25 ;93.80062323;14.5913242;;;;;
07.09.2021 01:59;13.8;6.2; 3.73 ; 5.25 ;98.57014644;14.5913242;;;;;
07.09.2021 02:59;13.5;6.5; 3.91 ; 5.25 ;103.3396697;14.5913242;;;;;
07.09.2021 03:59;13.3;6.7; 4.03 ; 5.25 ;106.5193518;14.5913242;;;;;
07.09.2021 04:59;13.2;6.8; 4.09 ; 5.25 ;108.1091929;14.5913242;;;;;
07.09.2021 05:59;14.3;5.7; 3.43 ; 5.25 ;90.62094108;14.5913242;;;;;
07.09.2021 06:59;17;3; 1.81 ; 5.25 ;47.69523215;14.5913242;;;;;
07.09.2021 07:59;18.9;1.1; 0.66 ; 5.25 ;17.48825179;14.5913242;;;;;
07.09.2021 08:59;21.5;0; -   ; 5.25 ;0;14.5913242;;;;;
07.09.2021 09:59;24.3;0; -   ; 5.25 ;0;14.5913242;;;;;
07.09.2021 10:59;26.3;0; -   ; 5.25 ;0;14.5913242;;;;;
07.09.2021 11:59;26.6;0; -   ; 5.25 ;0;14.5913242;;;;;
07.09.2021 12:59;26.2;0; -   ; 5.25 ;0;14.5913242;;;;;
07.09.2021 13:59;25.4;0; -   ; 5.25 ;0;14.5913242;;;;;
07.09.2021 14:59;23.9;0; -   ; 5.25 ;0;14.5913242;;;;;
07.09.2021 15:59;22.6;0; -   ; 5.25 ;0;14.5913242;;;;;
07.09.2021 16:59;21.3;0; -   ; 5.25 ;0;14.5913242;;;;;
07.09.2021 17:59;19.8;0.2; 0.12 ; 5.25 ;3.179682143;14.5913242;;;;;
07.09.2021 18:59;19.2;0.8; 0.48 ; 5.25 ;12.71872857;14.5913242;;;;;
07.09.2021 19:59;18.6;1.4; 0.84 ; 5.25 ;22.257775;14.5913242;;;;;
07.09.2021 20:59;18;2; 1.20 ; 5.25 ;31.79682143;14.5913242;;;;;
07.09.2021 21:59;17.4;2.6; 1.57 ; 5.25 ;41.33586786;14.5913242;;;;;
07.09.2021 22:59;16.8;3.2; 1.93 ; 5.25 ;50.87491429;14.5913242;;;;;
07.09.2021 23:59;16.8;3.2; 1.93 ; 5.25 ;50.87491429;14.5913242;;;;;
08.09.2021 00:59;17;3; 1.81 ; 5.25 ;47.69523215;14.5913242;;;;;
08.09.2021 01:59;17.1;2.9; 1.75 ; 5.25 ;46.10539108;14.5913242;;;;;
08.09.2021 02:59;17.2;2.8; 1.69 ; 5.25 ;44.51555001;14.5913242;;;;;
08.09.2021 03:59;17.3;2.7; 1.63 ; 5.25 ;42.92570893;14.5913242;;;;;
08.09.2021 04:59;17.3;2.7; 1.63 ; 5.25 ;42.92570893;14.5913242;;;;;
08.09.2021 05:59;18.7;1.3; 0.78 ; 5.25 ;20.66793393;14.5913242;;;;;
08.09.2021 06:59;20.2;0; -   ; 5.25 ;0;14.5913242;;;;;
08.09.2021 07:59;20.8;0; -   ; 5.25 ;0;14.5913242;;;;;
08.09.2021 08:59;20.6;0; -   ; 5.25 ;0;14.5913242;;;;;
08.09.2021 09:59;20.6;0; -   ; 5.25 ;0;14.5913242;;;;;
08.09.2021 10:59;20.7;0; -   ; 5.25 ;0;14.5913242;;;;;
08.09.2021 11:59;21.1;0; -   ; 5.25 ;0;14.5913242;;;;;
08.09.2021 12:59;21.8;0; -   ; 5.25 ;0;14.5913242;;;;;
08.09.2021 13:59;23.4;0; -   ; 5.25 ;0;14.5913242;;;;;
08.09.2021 14:59;25.2;0; -   ; 5.25 ;0;14.5913242;;;;;
08.09.2021 15:59;26.1;0; -   ; 5.25 ;0;14.5913242;;;;;
08.09.2021 16:59;26.3;0; -   ; 5.25 ;0;14.5913242;;;;;
08.09.2021 17:59;25.6;0; -   ; 5.25 ;0;14.5913242;;;;;
08.09.2021 18:59;24.3;0; -   ; 5.25 ;0;14.5913242;;;;;
08.09.2021 19:59;22.9;0; -   ; 5.25 ;0;14.5913242;;;;;
08.09.2021 20:59;21.6;0; -   ; 5.25 ;0;14.5913242;;;;;
08.09.2021 21:59;20.2;0; -   ; 5.25 ;0;14.5913242;;;;;
08.09.2021 22:59;18.9;1.1; 0.66 ; 5.25 ;17.48825179;14.5913242;;;;;
08.09.2021 23:59;16;4; 2.41 ; 5.25 ;63.59364287;14.5913242;;;;;
09.09.2021 00:59;13.2;6.8; 4.09 ; 5.25 ;108.1091929;14.5913242;;;;;
09.09.2021 01:59;11.7;8.3; 5.00 ; 5.25 ;131.9568089;14.5913242;;;;;
09.09.2021 02:59;10.2;9.8; 5.90 ; 5.25 ;155.804425;14.5913242;;;;;
09.09.2021 03:59;9.2;10.8; 6.50 ; 5.25 ;171.7028357;14.5913242;;;;;
09.09.2021 04:59;9;11; 6.62 ; 5.25 ;174.8825179;14.5913242;;;;;
09.09.2021 05:59;9.5;10.5; 6.32 ; 5.25 ;166.9333125;14.5913242;;;;;
09.09.2021 06:59;10.5;9.5; 5.72 ; 5.25 ;151.0349018;14.5913242;;;;;
09.09.2021 07:59;11.7;8.3; 5.00 ; 5.25 ;131.9568089;14.5913242;;;;;
09.09.2021 08:59;12.6;7.4; 4.46 ; 5.25 ;117.6482393;14.5913242;;;;;
09.09.2021 09:59;13.9;6.1; 3.67 ; 5.25 ;96.98030537;14.5913242;;;;;
09.09.2021 10:59;14.6;5.4; 3.25 ; 5.25 ;85.85141787;14.5913242;;;;;
09.09.2021 11:59;15.4;4.6; 2.77 ; 5.25 ;73.1326893;14.5913242;;;;;
09.09.2021 12:59;15.6;4.4; 2.65 ; 5.25 ;69.95300715;14.5913242;;;;;
09.09.2021 13:59;15.6;4.4; 2.65 ; 5.25 ;69.95300715;14.5913242;;;;;
09.09.2021 14:59;15.6;4.4; 2.65 ; 5.25 ;69.95300715;14.5913242;;;;;
09.09.2021 15:59;15.2;4.8; 2.89 ; 5.25 ;76.31237144;14.5913242;;;;;
09.09.2021 16:59;14.4;5.6; 3.37 ; 5.25 ;89.03110001;14.5913242;;;;;
09.09.2021 17:59;13.3;6.7; 4.03 ; 5.25 ;106.5193518;14.5913242;;;;;
09.09.2021 18:59;11.9;8.1; 4.88 ; 5.25 ;128.7771268;14.5913242;;;;;
09.09.2021 19:59;10.5;9.5; 5.72 ; 5.25 ;151.0349018;14.5913242;;;;;
09.09.2021 20:59;9.2;10.8; 6.50 ; 5.25 ;171.7028357;14.5913242;;;;;
09.09.2021 21:59;7.8;12.2; 7.34 ; 5.25 ;193.9606107;14.5913242;;;;;
09.09.2021 22:59;6.4;13.6; 8.19 ; 5.25 ;216.2183857;14.5913242;;;;;
09.09.2021 23:59;6.2;13.8; 8.31 ; 5.25 ;219.3980679;14.5913242;;;;;
10.09.2021 00:59;5.8;14.2; 8.55 ; 5.25 ;225.7574322;14.5913242;;;;;
10.09.2021 01:59;5.5;14.5; 8.73 ; 5.25 ;230.5269554;14.5913242;;;;;
10.09.2021 02:59;5.3;14.7; 8.85 ; 5.25 ;233.7066375;14.5913242;;;;;
10.09.2021 03:59;5.1;14.9; 8.97 ; 5.25 ;236.8863197;14.5913242;;;;;
10.09.2021 04:59;4.9;15.1; 9.09 ; 5.25 ;240.0660018;14.5913242;;;;;
10.09.2021 05:59;5.5;14.5; 8.73 ; 5.25 ;230.5269554;14.5913242;;;;;
10.09.2021 06:59;8.1;11.9; 7.16 ; 5.25 ;189.1910875;14.5913242;;;;;
10.09.2021 07:59;10.6;9.4; 5.66 ; 5.25 ;149.4450607;14.5913242;;;;;
10.09.2021 08:59;13;7; 4.21 ; 5.25 ;111.288875;14.5913242;;;;;
10.09.2021 09:59;14.9;5.1; 3.07 ; 5.25 ;81.08189465;14.5913242;;;;;
10.09.2021 10:59;16.8;3.2; 1.93 ; 5.25 ;50.87491429;14.5913242;;;;;
10.09.2021 11:59;18.2;1.8; 1.08 ; 5.25 ;28.61713929;14.5913242;;;;;
10.09.2021 12:59;19;1; 0.60 ; 5.25 ;15.89841072;14.5913242;;;;;
10.09.2021 13:59;19.3;0.7; 0.42 ; 5.25 ;11.1288875;14.5913242;;;;;
10.09.2021 14:59;19.1;0.9; 0.54 ; 5.25 ;14.30856964;14.5913242;;;;;
10.09.2021 15:59;18.2;1.8; 1.08 ; 5.25 ;28.61713929;14.5913242;;;;;
10.09.2021 16:59;16.6;3.4; 2.05 ; 5.25 ;54.05459644;14.5913242;;;;;
10.09.2021 17:59;14.5;5.5; 3.31 ; 5.25 ;87.44125894;14.5913242;;;;;
10.09.2021 18:59;13.7;6.3; 3.79 ; 5.25 ;100.1599875;14.5913242;;;;;
10.09.2021 19:59;12.9;7.1; 4.27 ; 5.25 ;112.8787161;14.5913242;;;;;
10.09.2021 20:59;12.1;7.9; 4.76 ; 5.25 ;125.5974447;14.5913242;;;;;
10.09.2021 21:59;11.2;8.8; 5.30 ; 5.25 ;139.9060143;14.5913242;;;;;
10.09.2021 22:59;10.4;9.6; 5.78 ; 5.25 ;152.6247429;14.5913242;;;;;
10.09.2021 23:59;10;10; 6.02 ; 5.25 ;158.9841072;14.5913242;;;;;
11.09.2021 00:59;9.7;10.3; 6.20 ; 5.25 ;163.7536304;14.5913242;;;;;
11.09.2021 01:59;9.3;10.7; 6.44 ; 5.25 ;170.1129947;14.5913242;;;;;
11.09.2021 02:59;9.1;10.9; 6.56 ; 5.25 ;173.2926768;14.5913242;;;;;
11.09.2021 03:59;8.9;11.1; 6.68 ; 5.25 ;176.472359;14.5913242;;;;;
11.09.2021 04:59;8.8;11.2; 6.74 ; 5.25 ;178.0622;14.5913242;;;;;
11.09.2021 05:59;8.9;11.1; 6.68 ; 5.25 ;176.472359;14.5913242;;;;;
11.09.2021 06:59;9.4;10.6; 6.38 ; 5.25 ;168.5231536;14.5913242;;;;;
11.09.2021 07:59;9.6;10.4; 6.26 ; 5.25 ;165.3434715;14.5913242;;;;;
11.09.2021 08:59;10.7;9.3; 5.60 ; 5.25 ;147.8552197;14.5913242;;;;;
11.09.2021 09:59;11.2;8.8; 5.30 ; 5.25 ;139.9060143;14.5913242;;;;;
11.09.2021 10:59;11.7;8.3; 5.00 ; 5.25 ;131.9568089;14.5913242;;;;;
11.09.2021 11:59;11.9;8.1; 4.88 ; 5.25 ;128.7771268;14.5913242;;;;;
11.09.2021 12:59;12.2;7.8; 4.70 ; 5.25 ;124.0076036;14.5913242;;;;;
11.09.2021 13:59;12.3;7.7; 4.64 ; 5.25 ;122.4177625;14.5913242;;;;;
11.09.2021 14:59;12.3;7.7; 4.64 ; 5.25 ;122.4177625;14.5913242;;;;;
11.09.2021 15:59;12.1;7.9; 4.76 ; 5.25 ;125.5974447;14.5913242;;;;;
11.09.2021 16:59;11.7;8.3; 5.00 ; 5.25 ;131.9568089;14.5913242;;;;;
11.09.2021 17:59;11.3;8.7; 5.24 ; 5.25 ;138.3161732;14.5913242;;;;;
11.09.2021 18:59;10.7;9.3; 5.60 ; 5.25 ;147.8552197;14.5913242;;;;;
11.09.2021 19:59;10;10; 6.02 ; 5.25 ;158.9841072;14.5913242;;;;;
11.09.2021 20:59;9.4;10.6; 6.38 ; 5.25 ;168.5231536;14.5913242;;;;;
11.09.2021 21:59;8.8;11.2; 6.74 ; 5.25 ;178.0622;14.5913242;;;;;
11.09.2021 22:59;8.2;11.8; 7.10 ; 5.25 ;187.6012465;14.5913242;;;;;
11.09.2021 23:59;7.7;12.3; 7.41 ; 5.25 ;195.5504518;14.5913242;;;;;
12.09.2021 00:59;7;13; 7.83 ; 5.25 ;206.6793393;14.5913242;;;;;
12.09.2021 01:59;6.3;13.7; 8.25 ; 5.25 ;217.8082268;14.5913242;;;;;
12.09.2021 02:59;5.9;14.1; 8.49 ; 5.25 ;224.1675911;14.5913242;;;;;
12.09.2021 03:59;5.5;14.5; 8.73 ; 5.25 ;230.5269554;14.5913242;;;;;
12.09.2021 04:59;5.1;14.9; 8.97 ; 5.25 ;236.8863197;14.5913242;;;;;
12.09.2021 05:59;5.5;14.5; 8.73 ; 5.25 ;230.5269554;14.5913242;;;;;
12.09.2021 06:59;7.3;12.7; 7.65 ; 5.25 ;201.9098161;14.5913242;;;;;
12.09.2021 07:59;9;11; 6.62 ; 5.25 ;174.8825179;14.5913242;;;;;
12.09.2021 08:59;10.7;9.3; 5.60 ; 5.25 ;147.8552197;14.5913242;;;;;
12.09.2021 09:59;12.1;7.9; 4.76 ; 5.25 ;125.5974447;14.5913242;;;;;
12.09.2021 10:59;13.3;6.7; 4.03 ; 5.25 ;106.5193518;14.5913242;;;;;
12.09.2021 11:59;14;6; 3.61 ; 5.25 ;95.3904643;14.5913242;;;;;
12.09.2021 12:59;14.5;5.5; 3.31 ; 5.25 ;87.44125894;14.5913242;;;;;
12.09.2021 13:59;14.8;5.2; 3.13 ; 5.25 ;82.67173573;14.5913242;;;;;
12.09.2021 14:59;14.7;5.3; 3.19 ; 5.25 ;84.2615768;14.5913242;;;;;
12.09.2021 15:59;14;6; 3.61 ; 5.25 ;95.3904643;14.5913242;;;;;
12.09.2021 16:59;13;7; 4.21 ; 5.25 ;111.288875;14.5913242;;;;;
12.09.2021 17:59;11.5;8.5; 5.12 ; 5.25 ;135.1364911;14.5913242;;;;;
12.09.2021 18:59;10.5;9.5; 5.72 ; 5.25 ;151.0349018;14.5913242;;;;;
12.09.2021 19:59;9.5;10.5; 6.32 ; 5.25 ;166.9333125;14.5913242;;;;;
12.09.2021 20:59;8.5;11.5; 6.92 ; 5.25 ;182.8317232;14.5913242;;;;;
12.09.2021 21:59;7.5;12.5; 7.53 ; 5.25 ;198.730134;14.5913242;;;;;
12.09.2021 22:59;6.5;13.5; 8.13 ; 5.25 ;214.6285447;14.5913242;;;;;
12.09.2021 23:59;6.3;13.7; 8.25 ; 5.25 ;217.8082268;14.5913242;;;;;
13.09.2021 00:59;6;14; 8.43 ; 5.25 ;222.57775;14.5913242;;;;;
13.09.2021 01:59;5.7;14.3; 8.61 ; 5.25 ;227.3472732;14.5913242;;;;;
13.09.2021 02:59;5.5;14.5; 8.73 ; 5.25 ;230.5269554;14.5913242;;;;;
13.09.2021 03:59;5.3;14.7; 8.85 ; 5.25 ;233.7066375;14.5913242;;;;;
13.09.2021 04:59;5.2;14.8; 8.91 ; 5.25 ;235.2964786;14.5913242;;;;;
13.09.2021 05:59;5.7;14.3; 8.61 ; 5.25 ;227.3472732;14.5913242;;;;;
13.09.2021 06:59;7.9;12.1; 7.28 ; 5.25 ;192.3707697;14.5913242;;;;;
13.09.2021 07:59;10.1;9.9; 5.96 ; 5.25 ;157.3942661;14.5913242;;;;;
13.09.2021 08:59;12.3;7.7; 4.64 ; 5.25 ;122.4177625;14.5913242;;;;;
13.09.2021 09:59;14.4;5.6; 3.37 ; 5.25 ;89.03110001;14.5913242;;;;;
13.09.2021 10:59;16.2;3.8; 2.29 ; 5.25 ;60.41396072;14.5913242;;;;;
13.09.2021 11:59;17.2;2.8; 1.69 ; 5.25 ;44.51555001;14.5913242;;;;;
13.09.2021 12:59;17.6;2.4; 1.44 ; 5.25 ;38.15618572;14.5913242;;;;;
13.09.2021 13:59;17.7;2.3; 1.38 ; 5.25 ;36.56634465;14.5913242;;;;;
13.09.2021 14:59;17.1;2.9; 1.75 ; 5.25 ;46.10539108;14.5913242;;;;;
13.09.2021 15:59;16.3;3.7; 2.23 ; 5.25 ;58.82411965;14.5913242;;;;;
13.09.2021 16:59;14.9;5.1; 3.07 ; 5.25 ;81.08189465;14.5913242;;;;;
13.09.2021 17:59;13.4;6.6; 3.97 ; 5.25 ;104.9295107;14.5913242;;;;;
13.09.2021 18:59;12.9;7.1; 4.27 ; 5.25 ;112.8787161;14.5913242;;;;;
13.09.2021 19:59;12.3;7.7; 4.64 ; 5.25 ;122.4177625;14.5913242;;;;;
13.09.2021 20:59;11.8;8.2; 4.94 ; 5.25 ;130.3669679;14.5913242;;;;;
13.09.2021 21:59;11.3;8.7; 5.24 ; 5.25 ;138.3161732;14.5913242;;;;;
13.09.2021 22:59;10.7;9.3; 5.60 ; 5.25 ;147.8552197;14.5913242;;;;;
13.09.2021 23:59;10.4;9.6; 5.78 ; 5.25 ;152.6247429;14.5913242;;;;;
14.09.2021 00:59;10;10; 6.02 ; 5.25 ;158.9841072;14.5913242;;;;;
14.09.2021 01:59;9.7;10.3; 6.20 ; 5.25 ;163.7536304;14.5913242;;;;;
14.09.2021 02:59;9.5;10.5; 6.32 ; 5.25 ;166.9333125;14.5913242;;;;;
14.09.2021 03:59;9.3;10.7; 6.44 ; 5.25 ;170.1129947;14.5913242;;;;;
14.09.2021 04:59;9.2;10.8; 6.50 ; 5.25 ;171.7028357;14.5913242;;;;;
14.09.2021 05:59;9.4;10.6; 6.38 ; 5.25 ;168.5231536;14.5913242;;;;;
14.09.2021 06:59;10.3;9.7; 5.84 ; 5.25 ;154.2145839;14.5913242;;;;;
14.09.2021 07:59;11.1;8.9; 5.36 ; 5.25 ;141.4958554;14.5913242;;;;;
14.09.2021 08:59;11.6;8.4; 5.06 ; 5.25 ;133.54665;14.5913242;;;;;
14.09.2021 09:59;12;8; 4.82 ; 5.25 ;127.1872857;14.5913242;;;;;
14.09.2021 10:59;12.2;7.8; 4.70 ; 5.25 ;124.0076036;14.5913242;;;;;
14.09.2021 11:59;12.6;7.4; 4.46 ; 5.25 ;117.6482393;14.5913242;;;;;
14.09.2021 12:59;12.5;7.5; 4.52 ; 5.25 ;119.2380804;14.5913242;;;;;
14.09.2021 13:59;12.7;7.3; 4.39 ; 5.25 ;116.0583982;14.5913242;;;;;
14.09.2021 14:59;12.5;7.5; 4.52 ; 5.25 ;119.2380804;14.5913242;;;;;
14.09.2021 15:59;11.9;8.1; 4.88 ; 5.25 ;128.7771268;14.5913242;;;;;
14.09.2021 16:59;11.8;8.2; 4.94 ; 5.25 ;130.3669679;14.5913242;;;;;
14.09.2021 17:59;11.4;8.6; 5.18 ; 5.25 ;136.7263322;14.5913242;;;;;
14.09.2021 18:59;10.9;9.1; 5.48 ; 5.25 ;144.6755375;14.5913242;;;;;
14.09.2021 19:59;10.4;9.6; 5.78 ; 5.25 ;152.6247429;14.5913242;;;;;
14.09.2021 20:59;9.9;10.1; 6.08 ; 5.25 ;160.5739482;14.5913242;;;;;
14.09.2021 21:59;9.4;10.6; 6.38 ; 5.25 ;168.5231536;14.5913242;;;;;
14.09.2021 22:59;8.9;11.1; 6.68 ; 5.25 ;176.472359;14.5913242;;;;;
14.09.2021 23:59;8.4;11.6; 6.98 ; 5.25 ;184.4215643;14.5913242;;;;;
15.09.2021 00:59;7.9;12.1; 7.28 ; 5.25 ;192.3707697;14.5913242;;;;;
15.09.2021 01:59;7.4;12.6; 7.59 ; 5.25 ;200.319975;14.5913242;;;;;
15.09.2021 02:59;7.2;12.8; 7.71 ; 5.25 ;203.4996572;14.5913242;;;;;
15.09.2021 03:59;6.9;13.1; 7.89 ; 5.25 ;208.2691804;14.5913242;;;;;
15.09.2021 04:59;6.7;13.3; 8.01 ; 5.25 ;211.4488625;14.5913242;;;;;
15.09.2021 05:59;7.1;12.9; 7.77 ; 5.25 ;205.0894982;14.5913242;;;;;
15.09.2021 06:59;10.1;9.9; 5.96 ; 5.25 ;157.3942661;14.5913242;;;;;
15.09.2021 07:59;12.8;7.2; 4.33 ; 5.25 ;114.4685572;14.5913242;;;;;
15.09.2021 08:59;15.4;4.6; 2.77 ; 5.25 ;73.1326893;14.5913242;;;;;
15.09.2021 09:59;18;2; 1.20 ; 5.25 ;31.79682143;14.5913242;;;;;
15.09.2021 10:59;20.1;0; -   ; 5.25 ;0;14.5913242;;;;;
15.09.2021 11:59;21.6;0; -   ; 5.25 ;0;14.5913242;;;;;
15.09.2021 12:59;22.6;0; -   ; 5.25 ;0;14.5913242;;;;;
15.09.2021 13:59;23.1;0; -   ; 5.25 ;0;14.5913242;;;;;
15.09.2021 14:59;22.9;0; -   ; 5.25 ;0;14.5913242;;;;;
15.09.2021 15:59;21.9;0; -   ; 5.25 ;0;14.5913242;;;;;
15.09.2021 16:59;20.1;0; -   ; 5.25 ;0;14.5913242;;;;;
15.09.2021 17:59;17.9;2.1; 1.26 ; 5.25 ;33.3866625;14.5913242;;;;;
15.09.2021 18:59;17.2;2.8; 1.69 ; 5.25 ;44.51555001;14.5913242;;;;;
15.09.2021 19:59;16.5;3.5; 2.11 ; 5.25 ;55.64443751;14.5913242;;;;;
15.09.2021 20:59;15.8;4.2; 2.53 ; 5.25 ;66.77332501;14.5913242;;;;;
15.09.2021 21:59;15.1;4.9; 2.95 ; 5.25 ;77.90221251;14.5913242;;;;;
15.09.2021 22:59;14.4;5.6; 3.37 ; 5.25 ;89.03110001;14.5913242;;;;;
15.09.2021 23:59;14;6; 3.61 ; 5.25 ;95.3904643;14.5913242;;;;;
16.09.2021 00:59;13.7;6.3; 3.79 ; 5.25 ;100.1599875;14.5913242;;;;;
16.09.2021 01:59;13.3;6.7; 4.03 ; 5.25 ;106.5193518;14.5913242;;;;;
16.09.2021 02:59;13.2;6.8; 4.09 ; 5.25 ;108.1091929;14.5913242;;;;;
16.09.2021 03:59;13;7; 4.21 ; 5.25 ;111.288875;14.5913242;;;;;
16.09.2021 04:59;12.8;7.2; 4.33 ; 5.25 ;114.4685572;14.5913242;;;;;
16.09.2021 05:59;12.9;7.1; 4.27 ; 5.25 ;112.8787161;14.5913242;;;;;
16.09.2021 06:59;12.9;7.1; 4.27 ; 5.25 ;112.8787161;14.5913242;;;;;
16.09.2021 07:59;12.9;7.1; 4.27 ; 5.25 ;112.8787161;14.5913242;;;;;
16.09.2021 08:59;13;7; 4.21 ; 5.25 ;111.288875;14.5913242;;;;;
16.09.2021 09:59;13.5;6.5; 3.91 ; 5.25 ;103.3396697;14.5913242;;;;;
16.09.2021 10:59;13.6;6.4; 3.85 ; 5.25 ;101.7498286;14.5913242;;;;;
16.09.2021 11:59;13.5;6.5; 3.91 ; 5.25 ;103.3396697;14.5913242;;;;;
16.09.2021 12:59;13.6;6.4; 3.85 ; 5.25 ;101.7498286;14.5913242;;;;;
16.09.2021 13:59;13.8;6.2; 3.73 ; 5.25 ;98.57014644;14.5913242;;;;;
16.09.2021 14:59;13.8;6.2; 3.73 ; 5.25 ;98.57014644;14.5913242;;;;;
16.09.2021 15:59;13.7;6.3; 3.79 ; 5.25 ;100.1599875;14.5913242;;;;;
16.09.2021 16:59;13.5;6.5; 3.91 ; 5.25 ;103.3396697;14.5913242;;;;;
16.09.2021 17:59;13.3;6.7; 4.03 ; 5.25 ;106.5193518;14.5913242;;;;;
16.09.2021 18:59;12.8;7.2; 4.33 ; 5.25 ;114.4685572;14.5913242;;;;;
16.09.2021 19:59;12;8; 4.82 ; 5.25 ;127.1872857;14.5913242;;;;;
16.09.2021 20:59;11.3;8.7; 5.24 ; 5.25 ;138.3161732;14.5913242;;;;;
16.09.2021 21:59;10.2;9.8; 5.90 ; 5.25 ;155.804425;14.5913242;;;;;
16.09.2021 22:59;11.3;8.7; 5.24 ; 5.25 ;138.3161732;14.5913242;;;;;
16.09.2021 23:59;11.2;8.8; 5.30 ; 5.25 ;139.9060143;14.5913242;;;;;
17.09.2021 00:59;10.5;9.5; 5.72 ; 5.25 ;151.0349018;14.5913242;;;;;
17.09.2021 01:59;9.8;10.2; 6.14 ; 5.25 ;162.1637893;14.5913242;;;;;
17.09.2021 02:59;9.4;10.6; 6.38 ; 5.25 ;168.5231536;14.5913242;;;;;
17.09.2021 03:59;9;11; 6.62 ; 5.25 ;174.8825179;14.5913242;;;;;
17.09.2021 04:59;8.7;11.3; 6.80 ; 5.25 ;179.6520411;14.5913242;;;;;
17.09.2021 05:59;9;11; 6.62 ; 5.25 ;174.8825179;14.5913242;;;;;
17.09.2021 06:59;10.7;9.3; 5.60 ; 5.25 ;147.8552197;14.5913242;;;;;
17.09.2021 07:59;11.9;8.1; 4.88 ; 5.25 ;128.7771268;14.5913242;;;;;
17.09.2021 08:59;13.9;6.1; 3.67 ; 5.25 ;96.98030537;14.5913242;;;;;
17.09.2021 09:59;15.3;4.7; 2.83 ; 5.25 ;74.72253037;14.5913242;;;;;
17.09.2021 10:59;15.9;4.1; 2.47 ; 5.25 ;65.18348394;14.5913242;;;;;
17.09.2021 11:59;16.3;3.7; 2.23 ; 5.25 ;58.82411965;14.5913242;;;;;
17.09.2021 12:59;17.5;2.5; 1.51 ; 5.25 ;39.74602679;14.5913242;;;;;
17.09.2021 13:59;18.4;1.6; 0.96 ; 5.25 ;25.43745715;14.5913242;;;;;
17.09.2021 14:59;18.9;1.1; 0.66 ; 5.25 ;17.48825179;14.5913242;;;;;
17.09.2021 15:59;18.2;1.8; 1.08 ; 5.25 ;28.61713929;14.5913242;;;;;
17.09.2021 16:59;17;3; 1.81 ; 5.25 ;47.69523215;14.5913242;;;;;
17.09.2021 17:59;15.5;4.5; 2.71 ; 5.25 ;71.54284822;14.5913242;;;;;
17.09.2021 18:59;15.1;4.9; 2.95 ; 5.25 ;77.90221251;14.5913242;;;;;
17.09.2021 19:59;14.6;5.4; 3.25 ; 5.25 ;85.85141787;14.5913242;;;;;
17.09.2021 20:59;14.1;5.9; 3.55 ; 5.25 ;93.80062323;14.5913242;;;;;
17.09.2021 21:59;13.7;6.3; 3.79 ; 5.25 ;100.1599875;14.5913242;;;;;
17.09.2021 22:59;13.3;6.7; 4.03 ; 5.25 ;106.5193518;14.5913242;;;;;
17.09.2021 23:59;13.1;6.9; 4.15 ; 5.25 ;109.6990339;14.5913242;;;;;
18.09.2021 00:59;12.9;7.1; 4.27 ; 5.25 ;112.8787161;14.5913242;;;;;
18.09.2021 01:59;12.7;7.3; 4.39 ; 5.25 ;116.0583982;14.5913242;;;;;
18.09.2021 02:59;12.6;7.4; 4.46 ; 5.25 ;117.6482393;14.5913242;;;;;
18.09.2021 03:59;12.4;7.6; 4.58 ; 5.25 ;120.8279214;14.5913242;;;;;
18.09.2021 04:59;12.3;7.7; 4.64 ; 5.25 ;122.4177625;14.5913242;;;;;
18.09.2021 05:59;12.5;7.5; 4.52 ; 5.25 ;119.2380804;14.5913242;;;;;
18.09.2021 06:59;13.3;6.7; 4.03 ; 5.25 ;106.5193518;14.5913242;;;;;
18.09.2021 07:59;14.1;5.9; 3.55 ; 5.25 ;93.80062323;14.5913242;;;;;
18.09.2021 08:59;15;5; 3.01 ; 5.25 ;79.49205358;14.5913242;;;;;
18.09.2021 09:59;15.9;4.1; 2.47 ; 5.25 ;65.18348394;14.5913242;;;;;
18.09.2021 10:59;16.8;3.2; 1.93 ; 5.25 ;50.87491429;14.5913242;;;;;
18.09.2021 11:59;17.4;2.6; 1.57 ; 5.25 ;41.33586786;14.5913242;;;;;
18.09.2021 12:59;17.8;2.2; 1.32 ; 5.25 ;34.97650358;14.5913242;;;;;
18.09.2021 13:59;17.9;2.1; 1.26 ; 5.25 ;33.3866625;14.5913242;;;;;
18.09.2021 14:59;17.8;2.2; 1.32 ; 5.25 ;34.97650358;14.5913242;;;;;
18.09.2021 15:59;17.3;2.7; 1.63 ; 5.25 ;42.92570893;14.5913242;;;;;
18.09.2021 16:59;16.7;3.3; 1.99 ; 5.25 ;52.46475536;14.5913242;;;;;
18.09.2021 17:59;15.9;4.1; 2.47 ; 5.25 ;65.18348394;14.5913242;;;;;
18.09.2021 18:59;15.9;4.1; 2.47 ; 5.25 ;65.18348394;14.5913242;;;;;
18.09.2021 19:59;16;4; 2.41 ; 5.25 ;63.59364287;14.5913242;;;;;
18.09.2021 20:59;16;4; 2.41 ; 5.25 ;63.59364287;14.5913242;;;;;
18.09.2021 21:59;16;4; 2.41 ; 5.25 ;63.59364287;14.5913242;;;;;
18.09.2021 22:59;16;4; 2.41 ; 5.25 ;63.59364287;14.5913242;;;;;
18.09.2021 23:59;16.1;3.9; 2.35 ; 5.25 ;62.00380179;14.5913242;;;;;
19.09.2021 00:59;16.1;3.9; 2.35 ; 5.25 ;62.00380179;14.5913242;;;;;
19.09.2021 01:59;15.6;4.4; 2.65 ; 5.25 ;69.95300715;14.5913242;;;;;
19.09.2021 02:59;16.3;3.7; 2.23 ; 5.25 ;58.82411965;14.5913242;;;;;
19.09.2021 03:59;16.2;3.8; 2.29 ; 5.25 ;60.41396072;14.5913242;;;;;
19.09.2021 04:59;16.5;3.5; 2.11 ; 5.25 ;55.64443751;14.5913242;;;;;
19.09.2021 05:59;16.8;3.2; 1.93 ; 5.25 ;50.87491429;14.5913242;;;;;
19.09.2021 06:59;17.6;2.4; 1.44 ; 5.25 ;38.15618572;14.5913242;;;;;
19.09.2021 07:59;17.9;2.1; 1.26 ; 5.25 ;33.3866625;14.5913242;;;;;
19.09.2021 08:59;18.6;1.4; 0.84 ; 5.25 ;22.257775;14.5913242;;;;;
19.09.2021 09:59;19;1; 0.60 ; 5.25 ;15.89841072;14.5913242;;;;;
19.09.2021 10:59;19.5;0.5; 0.30 ; 5.25 ;7.949205358;14.5913242;;;;;
19.09.2021 11:59;20.1;0; -   ; 5.25 ;0;14.5913242;;;;;
19.09.2021 12:59;20.6;0; -   ; 5.25 ;0;14.5913242;;;;;
19.09.2021 13:59;20.9;0; -   ; 5.25 ;0;14.5913242;;;;;
19.09.2021 14:59;21;0; -   ; 5.25 ;0;14.5913242;;;;;
19.09.2021 15:59;20.8;0; -   ; 5.25 ;0;14.5913242;;;;;
19.09.2021 16:59;20.5;0; -   ; 5.25 ;0;14.5913242;;;;;
19.09.2021 17:59;20;0; -   ; 5.25 ;0;14.5913242;;;;;
19.09.2021 18:59;19.7;0.3; 0.18 ; 5.25 ;4.769523215;14.5913242;;;;;
19.09.2021 19:59;19.3;0.7; 0.42 ; 5.25 ;11.1288875;14.5913242;;;;;
19.09.2021 20:59;19;1; 0.60 ; 5.25 ;15.89841072;14.5913242;;;;;
19.09.2021 21:59;18.7;1.3; 0.78 ; 5.25 ;20.66793393;14.5913242;;;;;
19.09.2021 22:59;18.3;1.7; 1.02 ; 5.25 ;27.02729822;14.5913242;;;;;
19.09.2021 23:59;17.9;2.1; 1.26 ; 5.25 ;33.3866625;14.5913242;;;;;
20.09.2021 00:59;17.4;2.6; 1.57 ; 5.25 ;41.33586786;14.5913242;;;;;
20.09.2021 01:59;16.9;3.1; 1.87 ; 5.25 ;49.28507322;14.5913242;;;;;
20.09.2021 02:59;16.6;3.4; 2.05 ; 5.25 ;54.05459644;14.5913242;;;;;
20.09.2021 03:59;16.3;3.7; 2.23 ; 5.25 ;58.82411965;14.5913242;;;;;
20.09.2021 04:59;16.1;3.9; 2.35 ; 5.25 ;62.00380179;14.5913242;;;;;
20.09.2021 05:59;16.4;3.6; 2.17 ; 5.25 ;57.23427858;14.5913242;;;;;
20.09.2021 06:59;17.6;2.4; 1.44 ; 5.25 ;38.15618572;14.5913242;;;;;
20.09.2021 07:59;19.2;0.8; 0.48 ; 5.25 ;12.71872857;14.5913242;;;;;
20.09.2021 08:59;20.5;0; -   ; 5.25 ;0;14.5913242;;;;;
20.09.2021 09:59;21.9;0; -   ; 5.25 ;0;14.5913242;;;;;
20.09.2021 10:59;22.6;0; -   ; 5.25 ;0;14.5913242;;;;;
20.09.2021 11:59;23.4;0; -   ; 5.25 ;0;14.5913242;;;;;
20.09.2021 12:59;23.8;0; -   ; 5.25 ;0;14.5913242;;;;;
20.09.2021 13:59;24;0; -   ; 5.25 ;0;14.5913242;;;;;
20.09.2021 14:59;23.9;0; -   ; 5.25 ;0;14.5913242;;;;;
20.09.2021 15:59;23.3;0; -   ; 5.25 ;0;14.5913242;;;;;
20.09.2021 16:59;22.4;0; -   ; 5.25 ;0;14.5913242;;;;;
20.09.2021 17:59;21.4;0; -   ; 5.25 ;0;14.5913242;;;;;
20.09.2021 18:59;20.9;0; -   ; 5.25 ;0;14.5913242;;;;;
20.09.2021 19:59;20.4;0; -   ; 5.25 ;0;14.5913242;;;;;
20.09.2021 20:59;19.9;0.1; 0.06 ; 5.25 ;1.589841072;14.5913242;;;;;
20.09.2021 21:59;19.4;0.6; 0.36 ; 5.25 ;9.53904643;14.5913242;;;;;
20.09.2021 22:59;18.9;1.1; 0.66 ; 5.25 ;17.48825179;14.5913242;;;;;
20.09.2021 23:59;18.5;1.5; 0.90 ; 5.25 ;23.84761607;14.5913242;;;;;
21.09.2021 00:59;17.6;2.4; 1.44 ; 5.25 ;38.15618572;14.5913242;;;;;
21.09.2021 01:59;17.7;2.3; 1.38 ; 5.25 ;36.56634465;14.5913242;;;;;
21.09.2021 02:59;17.6;2.4; 1.44 ; 5.25 ;38.15618572;14.5913242;;;;;
21.09.2021 03:59;17.3;2.7; 1.63 ; 5.25 ;42.92570893;14.5913242;;;;;
21.09.2021 04:59;15.9;4.1; 2.47 ; 5.25 ;65.18348394;14.5913242;;;;;
21.09.2021 05:59;17.3;2.7; 1.63 ; 5.25 ;42.92570893;14.5913242;;;;;
21.09.2021 06:59;17.8;2.2; 1.32 ; 5.25 ;34.97650358;14.5913242;;;;;
21.09.2021 07:59;17.7;2.3; 1.38 ; 5.25 ;36.56634465;14.5913242;;;;;
21.09.2021 08:59;18.1;1.9; 1.14 ; 5.25 ;30.20698036;14.5913242;;;;;
21.09.2021 09:59;18.6;1.4; 0.84 ; 5.25 ;22.257775;14.5913242;;;;;
21.09.2021 10:59;18.9;1.1; 0.66 ; 5.25 ;17.48825179;14.5913242;;;;;
21.09.2021 11:59;19;1; 0.60 ; 5.25 ;15.89841072;14.5913242;;;;;
21.09.2021 12:59;19.1;0.9; 0.54 ; 5.25 ;14.30856964;14.5913242;;;;;
21.09.2021 13:59;19.2;0.8; 0.48 ; 5.25 ;12.71872857;14.5913242;;;;;
21.09.2021 14:59;19.1;0.9; 0.54 ; 5.25 ;14.30856964;14.5913242;;;;;
21.09.2021 15:59;19;1; 0.60 ; 5.25 ;15.89841072;14.5913242;;;;;
21.09.2021 16:59;18.8;1.2; 0.72 ; 5.25 ;19.07809286;14.5913242;;;;;
21.09.2021 17:59;18.5;1.5; 0.90 ; 5.25 ;23.84761607;14.5913242;;;;;
21.09.2021 18:59;18.1;1.9; 1.14 ; 5.25 ;30.20698036;14.5913242;;;;;
21.09.2021 19:59;17.7;2.3; 1.38 ; 5.25 ;36.56634465;14.5913242;;;;;
21.09.2021 20:59;17.2;2.8; 1.69 ; 5.25 ;44.51555001;14.5913242;;;;;
21.09.2021 21:59;16.8;3.2; 1.93 ; 5.25 ;50.87491429;14.5913242;;;;;
21.09.2021 22:59;16.5;3.5; 2.11 ; 5.25 ;55.64443751;14.5913242;;;;;
21.09.2021 23:59;15.8;4.2; 2.53 ; 5.25 ;66.77332501;14.5913242;;;;;
22.09.2021 00:59;15;5; 3.01 ; 5.25 ;79.49205358;14.5913242;;;;;
22.09.2021 01:59;14.9;5.1; 3.07 ; 5.25 ;81.08189465;14.5913242;;;;;
22.09.2021 02:59;14.5;5.5; 3.31 ; 5.25 ;87.44125894;14.5913242;;;;;
22.09.2021 03:59;14.1;5.9; 3.55 ; 5.25 ;93.80062323;14.5913242;;;;;
22.09.2021 04:59;14.1;5.9; 3.55 ; 5.25 ;93.80062323;14.5913242;;;;;
22.09.2021 05:59;14.1;5.9; 3.55 ; 5.25 ;93.80062323;14.5913242;;;;;
22.09.2021 06:59;14.3;5.7; 3.43 ; 5.25 ;90.62094108;14.5913242;;;;;
22.09.2021 07:59;14.7;5.3; 3.19 ; 5.25 ;84.2615768;14.5913242;;;;;
22.09.2021 08:59;14.9;5.1; 3.07 ; 5.25 ;81.08189465;14.5913242;;;;;
22.09.2021 09:59;15.1;4.9; 2.95 ; 5.25 ;77.90221251;14.5913242;;;;;
22.09.2021 10:59;15.3;4.7; 2.83 ; 5.25 ;74.72253037;14.5913242;;;;;
22.09.2021 11:59;15.4;4.6; 2.77 ; 5.25 ;73.1326893;14.5913242;;;;;
22.09.2021 12:59;15.5;4.5; 2.71 ; 5.25 ;71.54284822;14.5913242;;;;;
22.09.2021 13:59;15.5;4.5; 2.71 ; 5.25 ;71.54284822;14.5913242;;;;;
22.09.2021 14:59;15.4;4.6; 2.77 ; 5.25 ;73.1326893;14.5913242;;;;;
22.09.2021 15:59;15.3;4.7; 2.83 ; 5.25 ;74.72253037;14.5913242;;;;;
22.09.2021 16:59;15.1;4.9; 2.95 ; 5.25 ;77.90221251;14.5913242;;;;;
22.09.2021 17:59;14.8;5.2; 3.13 ; 5.25 ;82.67173573;14.5913242;;;;;
22.09.2021 18:59;13.4;6.6; 3.97 ; 5.25 ;104.9295107;14.5913242;;;;;
22.09.2021 19:59;14;6; 3.61 ; 5.25 ;95.3904643;14.5913242;;;;;
22.09.2021 20:59;13.7;6.3; 3.79 ; 5.25 ;100.1599875;14.5913242;;;;;
22.09.2021 21:59;13.3;6.7; 4.03 ; 5.25 ;106.5193518;14.5913242;;;;;
22.09.2021 22:59;12.9;7.1; 4.27 ; 5.25 ;112.8787161;14.5913242;;;;;
22.09.2021 23:59;11.6;8.4; 5.06 ; 5.25 ;133.54665;14.5913242;;;;;
23.09.2021 00:59;10.1;9.9; 5.96 ; 5.25 ;157.3942661;14.5913242;;;;;
23.09.2021 01:59;8.6;11.4; 6.86 ; 5.25 ;181.2418822;14.5913242;;;;;
23.09.2021 02:59;7.8;12.2; 7.34 ; 5.25 ;193.9606107;14.5913242;;;;;
23.09.2021 03:59;7;13; 7.83 ; 5.25 ;206.6793393;14.5913242;;;;;
23.09.2021 04:59;6.3;13.7; 8.25 ; 5.25 ;217.8082268;14.5913242;;;;;
23.09.2021 05:59;6.4;13.6; 8.19 ; 5.25 ;216.2183857;14.5913242;;;;;
23.09.2021 06:59;7.6;12.4; 7.47 ; 5.25 ;197.1402929;14.5913242;;;;;
23.09.2021 07:59;8.6;11.4; 6.86 ; 5.25 ;181.2418822;14.5913242;;;;;
23.09.2021 08:59;9.8;10.2; 6.14 ; 5.25 ;162.1637893;14.5913242;;;;;
23.09.2021 09:59;10.5;9.5; 5.72 ; 5.25 ;151.0349018;14.5913242;;;;;
23.09.2021 10:59;11.4;8.6; 5.18 ; 5.25 ;136.7263322;14.5913242;;;;;
23.09.2021 11:59;12;8; 4.82 ; 5.25 ;127.1872857;14.5913242;;;;;
23.09.2021 12:59;12.2;7.8; 4.70 ; 5.25 ;124.0076036;14.5913242;;;;;
23.09.2021 13:59;12.2;7.8; 4.70 ; 5.25 ;124.0076036;14.5913242;;;;;
23.09.2021 14:59;11.7;8.3; 5.00 ; 5.25 ;131.9568089;14.5913242;;;;;
23.09.2021 15:59;10.9;9.1; 5.48 ; 5.25 ;144.6755375;14.5913242;;;;;
23.09.2021 16:59;10;10; 6.02 ; 5.25 ;158.9841072;14.5913242;;;;;
23.09.2021 17:59;9;11; 6.62 ; 5.25 ;174.8825179;14.5913242;;;;;
23.09.2021 18:59;8.3;11.7; 7.04 ; 5.25 ;186.0114054;14.5913242;;;;;
23.09.2021 19:59;7.7;12.3; 7.41 ; 5.25 ;195.5504518;14.5913242;;;;;
23.09.2021 20:59;7;13; 7.83 ; 5.25 ;206.6793393;14.5913242;;;;;
23.09.2021 21:59;6.4;13.6; 8.19 ; 5.25 ;216.2183857;14.5913242;;;;;
23.09.2021 22:59;5.7;14.3; 8.61 ; 5.25 ;227.3472732;14.5913242;;;;;
23.09.2021 23:59;5.9;14.1; 8.49 ; 5.25 ;224.1675911;14.5913242;;;;;
24.09.2021 00:59;6.2;13.8; 8.31 ; 5.25 ;219.3980679;14.5913242;;;;;
24.09.2021 01:59;6.4;13.6; 8.19 ; 5.25 ;216.2183857;14.5913242;;;;;
24.09.2021 02:59;6.5;13.5; 8.13 ; 5.25 ;214.6285447;14.5913242;;;;;
24.09.2021 03:59;6.6;13.4; 8.07 ; 5.25 ;213.0387036;14.5913242;;;;;
24.09.2021 04:59;6.7;13.3; 8.01 ; 5.25 ;211.4488625;14.5913242;;;;;
24.09.2021 05:59;7;13; 7.83 ; 5.25 ;206.6793393;14.5913242;;;;;
24.09.2021 06:59;8.4;11.6; 6.98 ; 5.25 ;184.4215643;14.5913242;;;;;
24.09.2021 07:59;10.2;9.8; 5.90 ; 5.25 ;155.804425;14.5913242;;;;;
24.09.2021 08:59;11.7;8.3; 5.00 ; 5.25 ;131.9568089;14.5913242;;;;;
24.09.2021 09:59;12.9;7.1; 4.27 ; 5.25 ;112.8787161;14.5913242;;;;;
24.09.2021 10:59;14;6; 3.61 ; 5.25 ;95.3904643;14.5913242;;;;;
24.09.2021 11:59;15.6;4.4; 2.65 ; 5.25 ;69.95300715;14.5913242;;;;;
24.09.2021 12:59;17.3;2.7; 1.63 ; 5.25 ;42.92570893;14.5913242;;;;;
24.09.2021 13:59;18.1;1.9; 1.14 ; 5.25 ;30.20698036;14.5913242;;;;;
24.09.2021 14:59;18.5;1.5; 0.90 ; 5.25 ;23.84761607;14.5913242;;;;;
24.09.2021 15:59;18.3;1.7; 1.02 ; 5.25 ;27.02729822;14.5913242;;;;;
24.09.2021 16:59;17.2;2.8; 1.69 ; 5.25 ;44.51555001;14.5913242;;;;;
24.09.2021 17:59;15.7;4.3; 2.59 ; 5.25 ;68.36316608;14.5913242;;;;;
24.09.2021 18:59;15.5;4.5; 2.71 ; 5.25 ;71.54284822;14.5913242;;;;;
24.09.2021 19:59;15.3;4.7; 2.83 ; 5.25 ;74.72253037;14.5913242;;;;;
24.09.2021 20:59;15.1;4.9; 2.95 ; 5.25 ;77.90221251;14.5913242;;;;;
24.09.2021 21:59;14.9;5.1; 3.07 ; 5.25 ;81.08189465;14.5913242;;;;;
24.09.2021 22:59;14.7;5.3; 3.19 ; 5.25 ;84.2615768;14.5913242;;;;;
24.09.2021 23:59;14.3;5.7; 3.43 ; 5.25 ;90.62094108;14.5913242;;;;;
25.09.2021 00:59;14.1;5.9; 3.55 ; 5.25 ;93.80062323;14.5913242;;;;;
25.09.2021 01:59;13.9;6.1; 3.67 ; 5.25 ;96.98030537;14.5913242;;;;;
25.09.2021 02:59;13.8;6.2; 3.73 ; 5.25 ;98.57014644;14.5913242;;;;;
25.09.2021 03:59;13.6;6.4; 3.85 ; 5.25 ;101.7498286;14.5913242;;;;;
25.09.2021 04:59;13.6;6.4; 3.85 ; 5.25 ;101.7498286;14.5913242;;;;;
25.09.2021 05:59;13.7;6.3; 3.79 ; 5.25 ;100.1599875;14.5913242;;;;;
25.09.2021 06:59;13.8;6.2; 3.73 ; 5.25 ;98.57014644;14.5913242;;;;;
25.09.2021 07:59;13.8;6.2; 3.73 ; 5.25 ;98.57014644;14.5913242;;;;;
25.09.2021 08:59;14.2;5.8; 3.49 ; 5.25 ;92.21078215;14.5913242;;;;;
25.09.2021 09:59;14.4;5.6; 3.37 ; 5.25 ;89.03110001;14.5913242;;;;;
25.09.2021 10:59;14.6;5.4; 3.25 ; 5.25 ;85.85141787;14.5913242;;;;;
25.09.2021 11:59;14.8;5.2; 3.13 ; 5.25 ;82.67173573;14.5913242;;;;;
25.09.2021 12:59;16.7;3.3; 1.99 ; 5.25 ;52.46475536;14.5913242;;;;;
25.09.2021 13:59;17.9;2.1; 1.26 ; 5.25 ;33.3866625;14.5913242;;;;;
25.09.2021 14:59;18.6;1.4; 0.84 ; 5.25 ;22.257775;14.5913242;;;;;
25.09.2021 15:59;18.7;1.3; 0.78 ; 5.25 ;20.66793393;14.5913242;;;;;
25.09.2021 16:59;18.4;1.6; 0.96 ; 5.25 ;25.43745715;14.5913242;;;;;
25.09.2021 17:59;17.8;2.2; 1.32 ; 5.25 ;34.97650358;14.5913242;;;;;
25.09.2021 18:59;17.4;2.6; 1.57 ; 5.25 ;41.33586786;14.5913242;;;;;
25.09.2021 19:59;17.1;2.9; 1.75 ; 5.25 ;46.10539108;14.5913242;;;;;
25.09.2021 20:59;16.8;3.2; 1.93 ; 5.25 ;50.87491429;14.5913242;;;;;
25.09.2021 21:59;16.4;3.6; 2.17 ; 5.25 ;57.23427858;14.5913242;;;;;
25.09.2021 22:59;16.1;3.9; 2.35 ; 5.25 ;62.00380179;14.5913242;;;;;
25.09.2021 23:59;15.7;4.3; 2.59 ; 5.25 ;68.36316608;14.5913242;;;;;
26.09.2021 00:59;15.3;4.7; 2.83 ; 5.25 ;74.72253037;14.5913242;;;;;
26.09.2021 01:59;14.9;5.1; 3.07 ; 5.25 ;81.08189465;14.5913242;;;;;
26.09.2021 02:59;14.6;5.4; 3.25 ; 5.25 ;85.85141787;14.5913242;;;;;
26.09.2021 03:59;14.4;5.6; 3.37 ; 5.25 ;89.03110001;14.5913242;;;;;
26.09.2021 04:59;14.3;5.7; 3.43 ; 5.25 ;90.62094108;14.5913242;;;;;
26.09.2021 05:59;14.4;5.6; 3.37 ; 5.25 ;89.03110001;14.5913242;;;;;
26.09.2021 06:59;15.7;4.3; 2.59 ; 5.25 ;68.36316608;14.5913242;;;;;
26.09.2021 07:59;17.5;2.5; 1.51 ; 5.25 ;39.74602679;14.5913242;;;;;
26.09.2021 08:59;18;2; 1.20 ; 5.25 ;31.79682143;14.5913242;;;;;
26.09.2021 09:59;18.5;1.5; 0.90 ; 5.25 ;23.84761607;14.5913242;;;;;
26.09.2021 10:59;19.6;0.4; 0.24 ; 5.25 ;6.359364287;14.5913242;;;;;
26.09.2021 11:59;20.4;0; -   ; 5.25 ;0;14.5913242;;;;;
26.09.2021 12:59;20.2;0; -   ; 5.25 ;0;14.5913242;;;;;
26.09.2021 13:59;20.6;0; -   ; 5.25 ;0;14.5913242;;;;;
26.09.2021 14:59;20.9;0; -   ; 5.25 ;0;14.5913242;;;;;
26.09.2021 15:59;20;0; -   ; 5.25 ;0;14.5913242;;;;;
26.09.2021 16:59;19.2;0.8; 0.48 ; 5.25 ;12.71872857;14.5913242;;;;;
26.09.2021 17:59;18.5;1.5; 0.90 ; 5.25 ;23.84761607;14.5913242;;;;;
26.09.2021 18:59;17.6;2.4; 1.44 ; 5.25 ;38.15618572;14.5913242;;;;;
26.09.2021 19:59;16.6;3.4; 2.05 ; 5.25 ;54.05459644;14.5913242;;;;;
26.09.2021 20:59;15.7;4.3; 2.59 ; 5.25 ;68.36316608;14.5913242;;;;;
26.09.2021 21:59;14.7;5.3; 3.19 ; 5.25 ;84.2615768;14.5913242;;;;;
26.09.2021 22:59;13.9;6.1; 3.67 ; 5.25 ;96.98030537;14.5913242;;;;;
26.09.2021 23:59;12.9;7.1; 4.27 ; 5.25 ;112.8787161;14.5913242;;;;;
27.09.2021 00:59;11.9;8.1; 4.88 ; 5.25 ;128.7771268;14.5913242;;;;;
27.09.2021 01:59;10.8;9.2; 5.54 ; 5.25 ;146.2653786;14.5913242;;;;;
27.09.2021 02:59;10.2;9.8; 5.90 ; 5.25 ;155.804425;14.5913242;;;;;
27.09.2021 03:59;9.6;10.4; 6.26 ; 5.25 ;165.3434715;14.5913242;;;;;
27.09.2021 04:59;9.2;10.8; 6.50 ; 5.25 ;171.7028357;14.5913242;;;;;
27.09.2021 05:59;9.3;10.7; 6.44 ; 5.25 ;170.1129947;14.5913242;;;;;
27.09.2021 06:59;10.8;9.2; 5.54 ; 5.25 ;146.2653786;14.5913242;;;;;
27.09.2021 07:59;12.6;7.4; 4.46 ; 5.25 ;117.6482393;14.5913242;;;;;
27.09.2021 08:59;14.2;5.8; 3.49 ; 5.25 ;92.21078215;14.5913242;;;;;
27.09.2021 09:59;16;4; 2.41 ; 5.25 ;63.59364287;14.5913242;;;;;
27.09.2021 10:59;17.5;2.5; 1.51 ; 5.25 ;39.74602679;14.5913242;;;;;
27.09.2021 11:59;18.6;1.4; 0.84 ; 5.25 ;22.257775;14.5913242;;;;;
27.09.2021 12:59;19.4;0.6; 0.36 ; 5.25 ;9.53904643;14.5913242;;;;;
27.09.2021 13:59;19.6;0.4; 0.24 ; 5.25 ;6.359364287;14.5913242;;;;;
27.09.2021 14:59;19.4;0.6; 0.36 ; 5.25 ;9.53904643;14.5913242;;;;;
27.09.2021 15:59;18.6;1.4; 0.84 ; 5.25 ;22.257775;14.5913242;;;;;
27.09.2021 16:59;17.2;2.8; 1.69 ; 5.25 ;44.51555001;14.5913242;;;;;
27.09.2021 17:59;15.7;4.3; 2.59 ; 5.25 ;68.36316608;14.5913242;;;;;
27.09.2021 18:59;15.1;4.9; 2.95 ; 5.25 ;77.90221251;14.5913242;;;;;
27.09.2021 19:59;14.4;5.6; 3.37 ; 5.25 ;89.03110001;14.5913242;;;;;
27.09.2021 20:59;13.9;6.1; 3.67 ; 5.25 ;96.98030537;14.5913242;;;;;
27.09.2021 21:59;13.3;6.7; 4.03 ; 5.25 ;106.5193518;14.5913242;;;;;
27.09.2021 22:59;12.7;7.3; 4.39 ; 5.25 ;116.0583982;14.5913242;;;;;
27.09.2021 23:59;12.6;7.4; 4.46 ; 5.25 ;117.6482393;14.5913242;;;;;
28.09.2021 00:59;12.4;7.6; 4.58 ; 5.25 ;120.8279214;14.5913242;;;;;
28.09.2021 01:59;12.3;7.7; 4.64 ; 5.25 ;122.4177625;14.5913242;;;;;
28.09.2021 02:59;12.2;7.8; 4.70 ; 5.25 ;124.0076036;14.5913242;;;;;
28.09.2021 03:59;12.1;7.9; 4.76 ; 5.25 ;125.5974447;14.5913242;;;;;
28.09.2021 04:59;12.1;7.9; 4.76 ; 5.25 ;125.5974447;14.5913242;;;;;
28.09.2021 05:59;12.2;7.8; 4.70 ; 5.25 ;124.0076036;14.5913242;;;;;
28.09.2021 06:59;13.3;6.7; 4.03 ; 5.25 ;106.5193518;14.5913242;;;;;
28.09.2021 07:59;14.7;5.3; 3.19 ; 5.25 ;84.2615768;14.5913242;;;;;
28.09.2021 08:59;15.9;4.1; 2.47 ; 5.25 ;65.18348394;14.5913242;;;;;
28.09.2021 09:59;17.6;2.4; 1.44 ; 5.25 ;38.15618572;14.5913242;;;;;
28.09.2021 10:59;18.6;1.4; 0.84 ; 5.25 ;22.257775;14.5913242;;;;;
28.09.2021 11:59;19.7;0.3; 0.18 ; 5.25 ;4.769523215;14.5913242;;;;;
28.09.2021 12:59;20.7;0; -   ; 5.25 ;0;14.5913242;;;;;
28.09.2021 13:59;21.7;0; -   ; 5.25 ;0;14.5913242;;;;;
28.09.2021 14:59;22.3;0; -   ; 5.25 ;0;14.5913242;;;;;
28.09.2021 15:59;22.2;0; -   ; 5.25 ;0;14.5913242;;;;;
28.09.2021 16:59;21.2;0; -   ; 5.25 ;0;14.5913242;;;;;
28.09.2021 17:59;20;0; -   ; 5.25 ;0;14.5913242;;;;;
28.09.2021 18:59;19.1;0.9; 0.54 ; 5.25 ;14.30856964;14.5913242;;;;;
28.09.2021 19:59;18.3;1.7; 1.02 ; 5.25 ;27.02729822;14.5913242;;;;;
28.09.2021 20:59;17.5;2.5; 1.51 ; 5.25 ;39.74602679;14.5913242;;;;;
28.09.2021 21:59;16.6;3.4; 2.05 ; 5.25 ;54.05459644;14.5913242;;;;;
28.09.2021 22:59;15.8;4.2; 2.53 ; 5.25 ;66.77332501;14.5913242;;;;;
28.09.2021 23:59;14.8;5.2; 3.13 ; 5.25 ;82.67173573;14.5913242;;;;;
29.09.2021 00:59;14;6; 3.61 ; 5.25 ;95.3904643;14.5913242;;;;;
29.09.2021 01:59;13.1;6.9; 4.15 ; 5.25 ;109.6990339;14.5913242;;;;;
29.09.2021 02:59;12.6;7.4; 4.46 ; 5.25 ;117.6482393;14.5913242;;;;;
29.09.2021 03:59;12.2;7.8; 4.70 ; 5.25 ;124.0076036;14.5913242;;;;;
29.09.2021 04:59;11.9;8.1; 4.88 ; 5.25 ;128.7771268;14.5913242;;;;;
29.09.2021 05:59;12;8; 4.82 ; 5.25 ;127.1872857;14.5913242;;;;;
29.09.2021 06:59;13.8;6.2; 3.73 ; 5.25 ;98.57014644;14.5913242;;;;;
29.09.2021 07:59;16.1;3.9; 2.35 ; 5.25 ;62.00380179;14.5913242;;;;;
29.09.2021 08:59;18.4;1.6; 0.96 ; 5.25 ;25.43745715;14.5913242;;;;;
29.09.2021 09:59;20.5;0; -   ; 5.25 ;0;14.5913242;;;;;
29.09.2021 10:59;22.3;0; -   ; 5.25 ;0;14.5913242;;;;;
29.09.2021 11:59;23.6;0; -   ; 5.25 ;0;14.5913242;;;;;
29.09.2021 12:59;24.4;0; -   ; 5.25 ;0;14.5913242;;;;;
29.09.2021 13:59;24.7;0; -   ; 5.25 ;0;14.5913242;;;;;
29.09.2021 14:59;24.5;0; -   ; 5.25 ;0;14.5913242;;;;;
29.09.2021 15:59;23.5;0; -   ; 5.25 ;0;14.5913242;;;;;
29.09.2021 16:59;22;0; -   ; 5.25 ;0;14.5913242;;;;;
29.09.2021 17:59;20.4;0; -   ; 5.25 ;0;14.5913242;;;;;
29.09.2021 18:59;19;1; 0.60 ; 5.25 ;15.89841072;14.5913242;;;;;
29.09.2021 19:59;17.6;2.4; 1.44 ; 5.25 ;38.15618572;14.5913242;;;;;
29.09.2021 20:59;16.2;3.8; 2.29 ; 5.25 ;60.41396072;14.5913242;;;;;
29.09.2021 21:59;14.8;5.2; 3.13 ; 5.25 ;82.67173573;14.5913242;;;;;
29.09.2021 22:59;13.6;6.4; 3.85 ; 5.25 ;101.7498286;14.5913242;;;;;
29.09.2021 23:59;12.5;7.5; 4.52 ; 5.25 ;119.2380804;14.5913242;;;;;
30.09.2021 00:59;11.4;8.6; 5.18 ; 5.25 ;136.7263322;14.5913242;;;;;
30.09.2021 01:59;10.2;9.8; 5.90 ; 5.25 ;155.804425;14.5913242;;;;;
30.09.2021 02:59;9.6;10.4; 6.26 ; 5.25 ;165.3434715;14.5913242;;;;;
30.09.2021 03:59;8.9;11.1; 6.68 ; 5.25 ;176.472359;14.5913242;;;;;
30.09.2021 04:59;8.5;11.5; 6.92 ; 5.25 ;182.8317232;14.5913242;;;;;
30.09.2021 05:59;8.5;11.5; 6.92 ; 5.25 ;182.8317232;14.5913242;;;;;
30.09.2021 06:59;10.4;9.6; 5.78 ; 5.25 ;152.6247429;14.5913242;;;;;
30.09.2021 07:59;12.5;7.5; 4.52 ; 5.25 ;119.2380804;14.5913242;;;;;
30.09.2021 08:59;14.6;5.4; 3.25 ; 5.25 ;85.85141787;14.5913242;;;;;
30.09.2021 09:59;16.7;3.3; 1.99 ; 5.25 ;52.46475536;14.5913242;;;;;
30.09.2021 10:59;18.4;1.6; 0.96 ; 5.25 ;25.43745715;14.5913242;;;;;
30.09.2021 11:59;19.6;0.4; 0.24 ; 5.25 ;6.359364287;14.5913242;;;;;
30.09.2021 12:59;20.4;0; -   ; 5.25 ;0;14.5913242;;;;;
30.09.2021 13:59;20.6;0; -   ; 5.25 ;0;14.5913242;;;;;
30.09.2021 14:59;20.3;0; -   ; 5.25 ;0;14.5913242;;;;;
30.09.2021 15:59;19.2;0.8; 0.48 ; 5.25 ;12.71872857;14.5913242;;;;;
30.09.2021 16:59;17.5;2.5; 1.51 ; 5.25 ;39.74602679;14.5913242;;;;;
30.09.2021 17:59;15.9;4.1; 2.47 ; 5.25 ;65.18348394;14.5913242;;;;;
30.09.2021 18:59;15.1;4.9; 2.95 ; 5.25 ;77.90221251;14.5913242;;;;;
30.09.2021 19:59;14.3;5.7; 3.43 ; 5.25 ;90.62094108;14.5913242;;;;;
30.09.2021 20:59;13.7;6.3; 3.79 ; 5.25 ;100.1599875;14.5913242;;;;;
30.09.2021 21:59;13;7; 4.21 ; 5.25 ;111.288875;14.5913242;;;;;
30.09.2021 22:59;12.3;7.7; 4.64 ; 5.25 ;122.4177625;14.5913242;;;;;
30.09.2021 23:59;12;8; 4.82 ; 5.25 ;127.1872857;14.5913242;;;;;
01.10.2021 00:59;11.7;8.3; 5.00 ; 5.25 ;131.9568089;14.5913242;;;;;
01.10.2021 01:59;11.4;8.6; 5.18 ; 5.25 ;136.7263322;14.5913242;;;;;
01.10.2021 02:59;11.3;8.7; 5.24 ; 5.25 ;138.3161732;14.5913242;;;;;
01.10.2021 03:59;11.2;8.8; 5.30 ; 5.25 ;139.9060143;14.5913242;;;;;
01.10.2021 04:59;11.1;8.9; 5.36 ; 5.25 ;141.4958554;14.5913242;;;;;
01.10.2021 05:59;11.2;8.8; 5.30 ; 5.25 ;139.9060143;14.5913242;;;;;
01.10.2021 06:59;13.2;6.8; 4.09 ; 5.25 ;108.1091929;14.5913242;;;;;
01.10.2021 07:59;14.4;5.6; 3.37 ; 5.25 ;89.03110001;14.5913242;;;;;
01.10.2021 08:59;15.4;4.6; 2.77 ; 5.25 ;73.1326893;14.5913242;;;;;
01.10.2021 09:59;17.3;2.7; 1.63 ; 5.25 ;42.92570893;14.5913242;;;;;
01.10.2021 10:59;19;1; 0.60 ; 5.25 ;15.89841072;14.5913242;;;;;
01.10.2021 11:59;21;0; -   ; 5.25 ;0;14.5913242;;;;;
01.10.2021 12:59;22.7;0; -   ; 5.25 ;0;14.5913242;;;;;
01.10.2021 13:59;23.5;0; -   ; 5.25 ;0;14.5913242;;;;;
01.10.2021 14:59;23.8;0; -   ; 5.25 ;0;14.5913242;;;;;
01.10.2021 15:59;23.4;0; -   ; 5.25 ;0;14.5913242;;;;;
01.10.2021 16:59;22.1;0; -   ; 5.25 ;0;14.5913242;;;;;
01.10.2021 17:59;20.6;0; -   ; 5.25 ;0;14.5913242;;;;;
01.10.2021 18:59;19.8;0.2; 0.12 ; 5.25 ;3.179682143;14.5913242;;;;;
01.10.2021 19:59;19;1; 0.60 ; 5.25 ;15.89841072;14.5913242;;;;;
01.10.2021 20:59;18.2;1.8; 1.08 ; 5.25 ;28.61713929;14.5913242;;;;;
01.10.2021 21:59;17.5;2.5; 1.51 ; 5.25 ;39.74602679;14.5913242;;;;;
01.10.2021 22:59;16.7;3.3; 1.99 ; 5.25 ;52.46475536;14.5913242;;;;;
01.10.2021 23:59;15.9;4.1; 2.47 ; 5.25 ;65.18348394;14.5913242;;;;;
02.10.2021 00:59;15;5; 3.01 ; 5.25 ;79.49205358;14.5913242;;;;;
02.10.2021 01:59;14.1;5.9; 3.55 ; 5.25 ;93.80062323;14.5913242;;;;;
02.10.2021 02:59;13.7;6.3; 3.79 ; 5.25 ;100.1599875;14.5913242;;;;;
02.10.2021 03:59;13.3;6.7; 4.03 ; 5.25 ;106.5193518;14.5913242;;;;;
02.10.2021 04:59;12.8;7.2; 4.33 ; 5.25 ;114.4685572;14.5913242;;;;;
02.10.2021 05:59;12.3;7.7; 4.64 ; 5.25 ;122.4177625;14.5913242;;;;;
02.10.2021 06:59;13.6;6.4; 3.85 ; 5.25 ;101.7498286;14.5913242;;;;;
02.10.2021 07:59;13.9;6.1; 3.67 ; 5.25 ;96.98030537;14.5913242;;;;;
02.10.2021 08:59;14.5;5.5; 3.31 ; 5.25 ;87.44125894;14.5913242;;;;;
02.10.2021 09:59;15;5; 3.01 ; 5.25 ;79.49205358;14.5913242;;;;;
02.10.2021 10:59;15.4;4.6; 2.77 ; 5.25 ;73.1326893;14.5913242;;;;;
02.10.2021 11:59;15.7;4.3; 2.59 ; 5.25 ;68.36316608;14.5913242;;;;;
02.10.2021 12:59;15.9;4.1; 2.47 ; 5.25 ;65.18348394;14.5913242;;;;;
02.10.2021 13:59;15.9;4.1; 2.47 ; 5.25 ;65.18348394;14.5913242;;;;;
02.10.2021 14:59;15.8;4.2; 2.53 ; 5.25 ;66.77332501;14.5913242;;;;;
02.10.2021 15:59;15.4;4.6; 2.77 ; 5.25 ;73.1326893;14.5913242;;;;;
02.10.2021 16:59;15;5; 3.01 ; 5.25 ;79.49205358;14.5913242;;;;;
02.10.2021 17:59;14.5;5.5; 3.31 ; 5.25 ;87.44125894;14.5913242;;;;;
02.10.2021 18:59;14.1;5.9; 3.55 ; 5.25 ;93.80062323;14.5913242;;;;;
02.10.2021 19:59;13.9;6.1; 3.67 ; 5.25 ;96.98030537;14.5913242;;;;;
02.10.2021 20:59;13.5;6.5; 3.91 ; 5.25 ;103.3396697;14.5913242;;;;;
02.10.2021 21:59;13.2;6.8; 4.09 ; 5.25 ;108.1091929;14.5913242;;;;;
02.10.2021 22:59;12.8;7.2; 4.33 ; 5.25 ;114.4685572;14.5913242;;;;;
02.10.2021 23:59;12.8;7.2; 4.33 ; 5.25 ;114.4685572;14.5913242;;;;;
03.10.2021 00:59;12.7;7.3; 4.39 ; 5.25 ;116.0583982;14.5913242;;;;;
03.10.2021 01:59;12.7;7.3; 4.39 ; 5.25 ;116.0583982;14.5913242;;;;;
03.10.2021 02:59;12.7;7.3; 4.39 ; 5.25 ;116.0583982;14.5913242;;;;;
03.10.2021 03:59;12.8;7.2; 4.33 ; 5.25 ;114.4685572;14.5913242;;;;;
03.10.2021 04:59;12.8;7.2; 4.33 ; 5.25 ;114.4685572;14.5913242;;;;;
03.10.2021 05:59;12.9;7.1; 4.27 ; 5.25 ;112.8787161;14.5913242;;;;;
03.10.2021 06:59;13.3;6.7; 4.03 ; 5.25 ;106.5193518;14.5913242;;;;;
03.10.2021 07:59;13.8;6.2; 3.73 ; 5.25 ;98.57014644;14.5913242;;;;;
03.10.2021 08:59;14.4;5.6; 3.37 ; 5.25 ;89.03110001;14.5913242;;;;;
03.10.2021 09:59;14.8;5.2; 3.13 ; 5.25 ;82.67173573;14.5913242;;;;;
03.10.2021 10:59;15.1;4.9; 2.95 ; 5.25 ;77.90221251;14.5913242;;;;;
03.10.2021 11:59;15.3;4.7; 2.83 ; 5.25 ;74.72253037;14.5913242;;;;;
03.10.2021 12:59;18;2; 1.20 ; 5.25 ;31.79682143;14.5913242;;;;;
03.10.2021 13:59;19.8;0.2; 0.12 ; 5.25 ;3.179682143;14.5913242;;;;;
03.10.2021 14:59;20.8;0; -   ; 5.25 ;0;14.5913242;;;;;
03.10.2021 15:59;21;0; -   ; 5.25 ;0;14.5913242;;;;;
03.10.2021 16:59;20.1;0; -   ; 5.25 ;0;14.5913242;;;;;
03.10.2021 17:59;19.6;0.4; 0.24 ; 5.25 ;6.359364287;14.5913242;;;;;
03.10.2021 18:59;19;1; 0.60 ; 5.25 ;15.89841072;14.5913242;;;;;
03.10.2021 19:59;18.5;1.5; 0.90 ; 5.25 ;23.84761607;14.5913242;;;;;
03.10.2021 20:59;18;2; 1.20 ; 5.25 ;31.79682143;14.5913242;;;;;
03.10.2021 21:59;17.4;2.6; 1.57 ; 5.25 ;41.33586786;14.5913242;;;;;
03.10.2021 22:59;16.9;3.1; 1.87 ; 5.25 ;49.28507322;14.5913242;;;;;
03.10.2021 23:59;16;4; 2.41 ; 5.25 ;63.59364287;14.5913242;;;;;
04.10.2021 00:59;15.1;4.9; 2.95 ; 5.25 ;77.90221251;14.5913242;;;;;
04.10.2021 01:59;14.2;5.8; 3.49 ; 5.25 ;92.21078215;14.5913242;;;;;
04.10.2021 02:59;13.8;6.2; 3.73 ; 5.25 ;98.57014644;14.5913242;;;;;
04.10.2021 03:59;13.4;6.6; 3.97 ; 5.25 ;104.9295107;14.5913242;;;;;
04.10.2021 04:59;13;7; 4.21 ; 5.25 ;111.288875;14.5913242;;;;;
04.10.2021 05:59;13;7; 4.21 ; 5.25 ;111.288875;14.5913242;;;;;
04.10.2021 06:59;13.2;6.8; 4.09 ; 5.25 ;108.1091929;14.5913242;;;;;
04.10.2021 07:59;13.3;6.7; 4.03 ; 5.25 ;106.5193518;14.5913242;;;;;
04.10.2021 08:59;13.5;6.5; 3.91 ; 5.25 ;103.3396697;14.5913242;;;;;
04.10.2021 09:59;13.6;6.4; 3.85 ; 5.25 ;101.7498286;14.5913242;;;;;
04.10.2021 10:59;13.8;6.2; 3.73 ; 5.25 ;98.57014644;14.5913242;;;;;
04.10.2021 11:59;13.9;6.1; 3.67 ; 5.25 ;96.98030537;14.5913242;;;;;
04.10.2021 12:59;13.9;6.1; 3.67 ; 5.25 ;96.98030537;14.5913242;;;;;
04.10.2021 13:59;13.7;6.3; 3.79 ; 5.25 ;100.1599875;14.5913242;;;;;
04.10.2021 14:59;13.6;6.4; 3.85 ; 5.25 ;101.7498286;14.5913242;;;;;
04.10.2021 15:59;13.1;6.9; 4.15 ; 5.25 ;109.6990339;14.5913242;;;;;
04.10.2021 16:59;13.3;6.7; 4.03 ; 5.25 ;106.5193518;14.5913242;;;;;
04.10.2021 17:59;12.8;7.2; 4.33 ; 5.25 ;114.4685572;14.5913242;;;;;
04.10.2021 18:59;11.8;8.2; 4.94 ; 5.25 ;130.3669679;14.5913242;;;;;
04.10.2021 19:59;12.3;7.7; 4.64 ; 5.25 ;122.4177625;14.5913242;;;;;
04.10.2021 20:59;12.2;7.8; 4.70 ; 5.25 ;124.0076036;14.5913242;;;;;
04.10.2021 21:59;11.3;8.7; 5.24 ; 5.25 ;138.3161732;14.5913242;;;;;
04.10.2021 22:59;9.5;10.5; 6.32 ; 5.25 ;166.9333125;14.5913242;;;;;
04.10.2021 23:59;11.1;8.9; 5.36 ; 5.25 ;141.4958554;14.5913242;;;;;
05.10.2021 00:59;11.2;8.8; 5.30 ; 5.25 ;139.9060143;14.5913242;;;;;
05.10.2021 01:59;11.4;8.6; 5.18 ; 5.25 ;136.7263322;14.5913242;;;;;
05.10.2021 02:59;10.4;9.6; 5.78 ; 5.25 ;152.6247429;14.5913242;;;;;
05.10.2021 03:59;11.2;8.8; 5.30 ; 5.25 ;139.9060143;14.5913242;;;;;
05.10.2021 04:59;11.4;8.6; 5.18 ; 5.25 ;136.7263322;14.5913242;;;;;
05.10.2021 05:59;11.4;8.6; 5.18 ; 5.25 ;136.7263322;14.5913242;;;;;
05.10.2021 06:59;12;8; 4.82 ; 5.25 ;127.1872857;14.5913242;;;;;
05.10.2021 07:59;12.5;7.5; 4.52 ; 5.25 ;119.2380804;14.5913242;;;;;
05.10.2021 08:59;13;7; 4.21 ; 5.25 ;111.288875;14.5913242;;;;;
05.10.2021 09:59;13.6;6.4; 3.85 ; 5.25 ;101.7498286;14.5913242;;;;;
05.10.2021 10:59;14.1;5.9; 3.55 ; 5.25 ;93.80062323;14.5913242;;;;;
05.10.2021 11:59;14.7;5.3; 3.19 ; 5.25 ;84.2615768;14.5913242;;;;;
05.10.2021 12:59;15.2;4.8; 2.89 ; 5.25 ;76.31237144;14.5913242;;;;;
05.10.2021 13:59;15.4;4.6; 2.77 ; 5.25 ;73.1326893;14.5913242;;;;;
05.10.2021 14:59;15.3;4.7; 2.83 ; 5.25 ;74.72253037;14.5913242;;;;;
05.10.2021 15:59;15;5; 3.01 ; 5.25 ;79.49205358;14.5913242;;;;;
05.10.2021 16:59;14.5;5.5; 3.31 ; 5.25 ;87.44125894;14.5913242;;;;;
05.10.2021 17:59;14.2;5.8; 3.49 ; 5.25 ;92.21078215;14.5913242;;;;;
05.10.2021 18:59;14;6; 3.61 ; 5.25 ;95.3904643;14.5913242;;;;;
05.10.2021 19:59;13.7;6.3; 3.79 ; 5.25 ;100.1599875;14.5913242;;;;;
05.10.2021 20:59;13.3;6.7; 4.03 ; 5.25 ;106.5193518;14.5913242;;;;;
05.10.2021 21:59;12.9;7.1; 4.27 ; 5.25 ;112.8787161;14.5913242;;;;;
05.10.2021 22:59;12.8;7.2; 4.33 ; 5.25 ;114.4685572;14.5913242;;;;;
05.10.2021 23:59;12.4;7.6; 4.58 ; 5.25 ;120.8279214;14.5913242;;;;;
06.10.2021 00:59;12.1;7.9; 4.76 ; 5.25 ;125.5974447;14.5913242;;;;;
06.10.2021 01:59;11.8;8.2; 4.94 ; 5.25 ;130.3669679;14.5913242;;;;;
06.10.2021 02:59;11.5;8.5; 5.12 ; 5.25 ;135.1364911;14.5913242;;;;;
06.10.2021 03:59;11.6;8.4; 5.06 ; 5.25 ;133.54665;14.5913242;;;;;
06.10.2021 04:59;11.5;8.5; 5.12 ; 5.25 ;135.1364911;14.5913242;;;;;
06.10.2021 05:59;11.6;8.4; 5.06 ; 5.25 ;133.54665;14.5913242;;;;;
06.10.2021 06:59;11.8;8.2; 4.94 ; 5.25 ;130.3669679;14.5913242;;;;;
06.10.2021 07:59;12.2;7.8; 4.70 ; 5.25 ;124.0076036;14.5913242;;;;;
06.10.2021 08:59;12.5;7.5; 4.52 ; 5.25 ;119.2380804;14.5913242;;;;;
06.10.2021 09:59;12.8;7.2; 4.33 ; 5.25 ;114.4685572;14.5913242;;;;;
06.10.2021 10:59;13;7; 4.21 ; 5.25 ;111.288875;14.5913242;;;;;
06.10.2021 11:59;13.2;6.8; 4.09 ; 5.25 ;108.1091929;14.5913242;;;;;
06.10.2021 12:59;15.5;4.5; 2.71 ; 5.25 ;71.54284822;14.5913242;;;;;
06.10.2021 13:59;17;3; 1.81 ; 5.25 ;47.69523215;14.5913242;;;;;
06.10.2021 14:59;17.7;2.3; 1.38 ; 5.25 ;36.56634465;14.5913242;;;;;
06.10.2021 15:59;17.9;2.1; 1.26 ; 5.25 ;33.3866625;14.5913242;;;;;
06.10.2021 16:59;17.1;2.9; 1.75 ; 5.25 ;46.10539108;14.5913242;;;;;
06.10.2021 17:59;16.4;3.6; 2.17 ; 5.25 ;57.23427858;14.5913242;;;;;
06.10.2021 18:59;15.6;4.4; 2.65 ; 5.25 ;69.95300715;14.5913242;;;;;
06.10.2021 19:59;14.9;5.1; 3.07 ; 5.25 ;81.08189465;14.5913242;;;;;
06.10.2021 20:59;14.2;5.8; 3.49 ; 5.25 ;92.21078215;14.5913242;;;;;
06.10.2021 21:59;13.6;6.4; 3.85 ; 5.25 ;101.7498286;14.5913242;;;;;
06.10.2021 22:59;13;7; 4.21 ; 5.25 ;111.288875;14.5913242;;;;;
06.10.2021 23:59;12.2;7.8; 4.70 ; 5.25 ;124.0076036;14.5913242;;;;;
07.10.2021 00:59;11.3;8.7; 5.24 ; 5.25 ;138.3161732;14.5913242;;;;;
07.10.2021 01:59;10.4;9.6; 5.78 ; 5.25 ;152.6247429;14.5913242;;;;;
07.10.2021 02:59;10;10; 6.02 ; 5.25 ;158.9841072;14.5913242;;;;;
07.10.2021 03:59;9.6;10.4; 6.26 ; 5.25 ;165.3434715;14.5913242;;;;;
07.10.2021 04:59;9.3;10.7; 6.44 ; 5.25 ;170.1129947;14.5913242;;;;;
07.10.2021 05:59;9.3;10.7; 6.44 ; 5.25 ;170.1129947;14.5913242;;;;;
07.10.2021 06:59;10.3;9.7; 5.84 ; 5.25 ;154.2145839;14.5913242;;;;;
07.10.2021 07:59;11.5;8.5; 5.12 ; 5.25 ;135.1364911;14.5913242;;;;;
07.10.2021 08:59;12.7;7.3; 4.39 ; 5.25 ;116.0583982;14.5913242;;;;;
07.10.2021 09:59;13.9;6.1; 3.67 ; 5.25 ;96.98030537;14.5913242;;;;;
07.10.2021 10:59;14.9;5.1; 3.07 ; 5.25 ;81.08189465;14.5913242;;;;;
07.10.2021 11:59;15.7;4.3; 2.59 ; 5.25 ;68.36316608;14.5913242;;;;;
07.10.2021 12:59;16;4; 2.41 ; 5.25 ;63.59364287;14.5913242;;;;;
07.10.2021 13:59;16;4; 2.41 ; 5.25 ;63.59364287;14.5913242;;;;;
07.10.2021 14:59;15.6;4.4; 2.65 ; 5.25 ;69.95300715;14.5913242;;;;;
07.10.2021 15:59;14.8;5.2; 3.13 ; 5.25 ;82.67173573;14.5913242;;;;;
07.10.2021 16:59;13.9;6.1; 3.67 ; 5.25 ;96.98030537;14.5913242;;;;;
07.10.2021 17:59;12.9;7.1; 4.27 ; 5.25 ;112.8787161;14.5913242;;;;;
07.10.2021 18:59;11.8;8.2; 4.94 ; 5.25 ;130.3669679;14.5913242;;;;;
07.10.2021 19:59;10.8;9.2; 5.54 ; 5.25 ;146.2653786;14.5913242;;;;;
07.10.2021 20:59;9.7;10.3; 6.20 ; 5.25 ;163.7536304;14.5913242;;;;;
07.10.2021 21:59;8.7;11.3; 6.80 ; 5.25 ;179.6520411;14.5913242;;;;;
07.10.2021 22:59;7.6;12.4; 7.47 ; 5.25 ;197.1402929;14.5913242;;;;;
07.10.2021 23:59;6.6;13.4; 8.07 ; 5.25 ;213.0387036;14.5913242;;;;;
08.10.2021 00:59;5.6;14.4; 8.67 ; 5.25 ;228.9371143;14.5913242;;;;;
08.10.2021 01:59;4.5;15.5; 9.33 ; 5.25 ;246.4253661;14.5913242;;;;;
08.10.2021 02:59;4;16; 9.63 ; 5.25 ;254.3745715;14.5913242;;;;;
08.10.2021 03:59;3.4;16.6; 9.99 ; 5.25 ;263.9136179;14.5913242;;;;;
08.10.2021 04:59;3;17; 10.23 ; 5.25 ;270.2729822;14.5913242;;;;;
08.10.2021 05:59;3;17; 10.23 ; 5.25 ;270.2729822;14.5913242;;;;;
08.10.2021 06:59;5;15; 9.03 ; 5.25 ;238.4761607;14.5913242;;;;;
08.10.2021 07:59;7.7;12.3; 7.41 ; 5.25 ;195.5504518;14.5913242;;;;;
08.10.2021 08:59;10.4;9.6; 5.78 ; 5.25 ;152.6247429;14.5913242;;;;;
08.10.2021 09:59;12.8;7.2; 4.33 ; 5.25 ;114.4685572;14.5913242;;;;;
08.10.2021 10:59;14.7;5.3; 3.19 ; 5.25 ;84.2615768;14.5913242;;;;;
08.10.2021 11:59;16.3;3.7; 2.23 ; 5.25 ;58.82411965;14.5913242;;;;;
08.10.2021 12:59;17.3;2.7; 1.63 ; 5.25 ;42.92570893;14.5913242;;;;;
08.10.2021 13:59;17.5;2.5; 1.51 ; 5.25 ;39.74602679;14.5913242;;;;;
08.10.2021 14:59;17;3; 1.81 ; 5.25 ;47.69523215;14.5913242;;;;;
08.10.2021 15:59;15.5;4.5; 2.71 ; 5.25 ;71.54284822;14.5913242;;;;;
08.10.2021 16:59;13.4;6.6; 3.97 ; 5.25 ;104.9295107;14.5913242;;;;;
08.10.2021 17:59;12.7;7.3; 4.39 ; 5.25 ;116.0583982;14.5913242;;;;;
08.10.2021 18:59;12;8; 4.82 ; 5.25 ;127.1872857;14.5913242;;;;;
08.10.2021 19:59;11.3;8.7; 5.24 ; 5.25 ;138.3161732;14.5913242;;;;;
08.10.2021 20:59;10.6;9.4; 5.66 ; 5.25 ;149.4450607;14.5913242;;;;;
08.10.2021 21:59;9.9;10.1; 6.08 ; 5.25 ;160.5739482;14.5913242;;;;;
08.10.2021 22:59;9.1;10.9; 6.56 ; 5.25 ;173.2926768;14.5913242;;;;;
08.10.2021 23:59;8.8;11.2; 6.74 ; 5.25 ;178.0622;14.5913242;;;;;
09.10.2021 00:59;8.5;11.5; 6.92 ; 5.25 ;182.8317232;14.5913242;;;;;
09.10.2021 01:59;8.2;11.8; 7.10 ; 5.25 ;187.6012465;14.5913242;;;;;
09.10.2021 02:59;8;12; 7.22 ; 5.25 ;190.7809286;14.5913242;;;;;
09.10.2021 03:59;7.8;12.2; 7.34 ; 5.25 ;193.9606107;14.5913242;;;;;
09.10.2021 04:59;7.6;12.4; 7.47 ; 5.25 ;197.1402929;14.5913242;;;;;
09.10.2021 05:59;7.7;12.3; 7.41 ; 5.25 ;195.5504518;14.5913242;;;;;
09.10.2021 06:59;8.1;11.9; 7.16 ; 5.25 ;189.1910875;14.5913242;;;;;
09.10.2021 07:59;8.3;11.7; 7.04 ; 5.25 ;186.0114054;14.5913242;;;;;
09.10.2021 08:59;8;12; 7.22 ; 5.25 ;190.7809286;14.5913242;;;;;
09.10.2021 09:59;9.1;10.9; 6.56 ; 5.25 ;173.2926768;14.5913242;;;;;
09.10.2021 10:59;10.1;9.9; 5.96 ; 5.25 ;157.3942661;14.5913242;;;;;
09.10.2021 11:59;10.1;9.9; 5.96 ; 5.25 ;157.3942661;14.5913242;;;;;
09.10.2021 12:59;10.4;9.6; 5.78 ; 5.25 ;152.6247429;14.5913242;;;;;
09.10.2021 13:59;10.5;9.5; 5.72 ; 5.25 ;151.0349018;14.5913242;;;;;
09.10.2021 14:59;10.6;9.4; 5.66 ; 5.25 ;149.4450607;14.5913242;;;;;
09.10.2021 15:59;10.4;9.6; 5.78 ; 5.25 ;152.6247429;14.5913242;;;;;
09.10.2021 16:59;10;10; 6.02 ; 5.25 ;158.9841072;14.5913242;;;;;
09.10.2021 17:59;9.5;10.5; 6.32 ; 5.25 ;166.9333125;14.5913242;;;;;
09.10.2021 18:59;9;11; 6.62 ; 5.25 ;174.8825179;14.5913242;;;;;
09.10.2021 19:59;8.5;11.5; 6.92 ; 5.25 ;182.8317232;14.5913242;;;;;
09.10.2021 20:59;8.1;11.9; 7.16 ; 5.25 ;189.1910875;14.5913242;;;;;
09.10.2021 21:59;7.5;12.5; 7.53 ; 5.25 ;198.730134;14.5913242;;;;;
09.10.2021 22:59;7.1;12.9; 7.77 ; 5.25 ;205.0894982;14.5913242;;;;;
09.10.2021 23:59;6.2;13.8; 8.31 ; 5.25 ;219.3980679;14.5913242;;;;;
10.10.2021 00:59;5.2;14.8; 8.91 ; 5.25 ;235.2964786;14.5913242;;;;;
10.10.2021 01:59;4.3;15.7; 9.45 ; 5.25 ;249.6050482;14.5913242;;;;;
10.10.2021 02:59;3.8;16.2; 9.75 ; 5.25 ;257.5542536;14.5913242;;;;;
10.10.2021 03:59;3.3;16.7; 10.05 ; 5.25 ;265.503459;14.5913242;;;;;
10.10.2021 04:59;2.9;17.1; 10.29 ; 5.25 ;271.8628233;14.5913242;;;;;
10.10.2021 05:59;2.8;17.2; 10.36 ; 5.25 ;273.4526643;14.5913242;;;;;
10.10.2021 06:59;4.3;15.7; 9.45 ; 5.25 ;249.6050482;14.5913242;;;;;
10.10.2021 07:59;6.6;13.4; 8.07 ; 5.25 ;213.0387036;14.5913242;;;;;
10.10.2021 08:59;8.5;11.5; 6.92 ; 5.25 ;182.8317232;14.5913242;;;;;
10.10.2021 09:59;10;10; 6.02 ; 5.25 ;158.9841072;14.5913242;;;;;
10.10.2021 10:59;11.4;8.6; 5.18 ; 5.25 ;136.7263322;14.5913242;;;;;
10.10.2021 11:59;12.5;7.5; 4.52 ; 5.25 ;119.2380804;14.5913242;;;;;
10.10.2021 12:59;13.7;6.3; 3.79 ; 5.25 ;100.1599875;14.5913242;;;;;
10.10.2021 13:59;14.3;5.7; 3.43 ; 5.25 ;90.62094108;14.5913242;;;;;
10.10.2021 14:59;14.3;5.7; 3.43 ; 5.25 ;90.62094108;14.5913242;;;;;
10.10.2021 15:59;13.5;6.5; 3.91 ; 5.25 ;103.3396697;14.5913242;;;;;
10.10.2021 16:59;11.8;8.2; 4.94 ; 5.25 ;130.3669679;14.5913242;;;;;
10.10.2021 17:59;11.2;8.8; 5.30 ; 5.25 ;139.9060143;14.5913242;;;;;
10.10.2021 18:59;10.6;9.4; 5.66 ; 5.25 ;149.4450607;14.5913242;;;;;
10.10.2021 19:59;10;10; 6.02 ; 5.25 ;158.9841072;14.5913242;;;;;
10.10.2021 20:59;9.4;10.6; 6.38 ; 5.25 ;168.5231536;14.5913242;;;;;
10.10.2021 21:59;8.8;11.2; 6.74 ; 5.25 ;178.0622;14.5913242;;;;;
10.10.2021 22:59;8.2;11.8; 7.10 ; 5.25 ;187.6012465;14.5913242;;;;;
10.10.2021 23:59;8;12; 7.22 ; 5.25 ;190.7809286;14.5913242;;;;;
11.10.2021 00:59;7.8;12.2; 7.34 ; 5.25 ;193.9606107;14.5913242;;;;;
11.10.2021 01:59;7.7;12.3; 7.41 ; 5.25 ;195.5504518;14.5913242;;;;;
11.10.2021 02:59;7.6;12.4; 7.47 ; 5.25 ;197.1402929;14.5913242;;;;;
11.10.2021 03:59;7.5;12.5; 7.53 ; 5.25 ;198.730134;14.5913242;;;;;
11.10.2021 04:59;7.5;12.5; 7.53 ; 5.25 ;198.730134;14.5913242;;;;;
11.10.2021 05:59;7.5;12.5; 7.53 ; 5.25 ;198.730134;14.5913242;;;;;
11.10.2021 06:59;8.6;11.4; 6.86 ; 5.25 ;181.2418822;14.5913242;;;;;
11.10.2021 07:59;9.9;10.1; 6.08 ; 5.25 ;160.5739482;14.5913242;;;;;
11.10.2021 08:59;11.3;8.7; 5.24 ; 5.25 ;138.3161732;14.5913242;;;;;
11.10.2021 09:59;12.3;7.7; 4.64 ; 5.25 ;122.4177625;14.5913242;;;;;
11.10.2021 10:59;13.2;6.8; 4.09 ; 5.25 ;108.1091929;14.5913242;;;;;
11.10.2021 11:59;13.9;6.1; 3.67 ; 5.25 ;96.98030537;14.5913242;;;;;
11.10.2021 12:59;14.2;5.8; 3.49 ; 5.25 ;92.21078215;14.5913242;;;;;
11.10.2021 13:59;14;6; 3.61 ; 5.25 ;95.3904643;14.5913242;;;;;
11.10.2021 14:59;13.7;6.3; 3.79 ; 5.25 ;100.1599875;14.5913242;;;;;
11.10.2021 15:59;12.9;7.1; 4.27 ; 5.25 ;112.8787161;14.5913242;;;;;
11.10.2021 16:59;12.2;7.8; 4.70 ; 5.25 ;124.0076036;14.5913242;;;;;
11.10.2021 17:59;11.5;8.5; 5.12 ; 5.25 ;135.1364911;14.5913242;;;;;
11.10.2021 18:59;10.9;9.1; 5.48 ; 5.25 ;144.6755375;14.5913242;;;;;
11.10.2021 19:59;10.2;9.8; 5.90 ; 5.25 ;155.804425;14.5913242;;;;;
11.10.2021 20:59;9.6;10.4; 6.26 ; 5.25 ;165.3434715;14.5913242;;;;;
11.10.2021 21:59;8.9;11.1; 6.68 ; 5.25 ;176.472359;14.5913242;;;;;
11.10.2021 22:59;8.3;11.7; 7.04 ; 5.25 ;186.0114054;14.5913242;;;;;
11.10.2021 23:59;7.5;12.5; 7.53 ; 5.25 ;198.730134;14.5913242;;;;;
12.10.2021 00:59;6.6;13.4; 8.07 ; 5.25 ;213.0387036;14.5913242;;;;;
12.10.2021 01:59;5.7;14.3; 8.61 ; 5.25 ;227.3472732;14.5913242;;;;;
12.10.2021 02:59;5.3;14.7; 8.85 ; 5.25 ;233.7066375;14.5913242;;;;;
12.10.2021 03:59;4.9;15.1; 9.09 ; 5.25 ;240.0660018;14.5913242;;;;;
12.10.2021 04:59;4.6;15.4; 9.27 ; 5.25 ;244.835525;14.5913242;;;;;
12.10.2021 05:59;4.5;15.5; 9.33 ; 5.25 ;246.4253661;14.5913242;;;;;
12.10.2021 06:59;5.3;14.7; 8.85 ; 5.25 ;233.7066375;14.5913242;;;;;
12.10.2021 07:59;5.8;14.2; 8.55 ; 5.25 ;225.7574322;14.5913242;;;;;
12.10.2021 08:59;6.7;13.3; 8.01 ; 5.25 ;211.4488625;14.5913242;;;;;
12.10.2021 09:59;7.7;12.3; 7.41 ; 5.25 ;195.5504518;14.5913242;;;;;
12.10.2021 10:59;8.5;11.5; 6.92 ; 5.25 ;182.8317232;14.5913242;;;;;
12.10.2021 11:59;9.2;10.8; 6.50 ; 5.25 ;171.7028357;14.5913242;;;;;
12.10.2021 12:59;9.4;10.6; 6.38 ; 5.25 ;168.5231536;14.5913242;;;;;
12.10.2021 13:59;9.7;10.3; 6.20 ; 5.25 ;163.7536304;14.5913242;;;;;
12.10.2021 14:59;9.5;10.5; 6.32 ; 5.25 ;166.9333125;14.5913242;;;;;
12.10.2021 15:59;8.8;11.2; 6.74 ; 5.25 ;178.0622;14.5913242;;;;;
12.10.2021 16:59;8.1;11.9; 7.16 ; 5.25 ;189.1910875;14.5913242;;;;;
12.10.2021 17:59;7.6;12.4; 7.47 ; 5.25 ;197.1402929;14.5913242;;;;;
12.10.2021 18:59;7.1;12.9; 7.77 ; 5.25 ;205.0894982;14.5913242;;;;;
12.10.2021 19:59;6.6;13.4; 8.07 ; 5.25 ;213.0387036;14.5913242;;;;;
12.10.2021 20:59;6.1;13.9; 8.37 ; 5.25 ;220.987909;14.5913242;;;;;
12.10.2021 21:59;5.6;14.4; 8.67 ; 5.25 ;228.9371143;14.5913242;;;;;
12.10.2021 22:59;5.1;14.9; 8.97 ; 5.25 ;236.8863197;14.5913242;;;;;
12.10.2021 23:59;4.8;15.2; 9.15 ; 5.25 ;241.6558429;14.5913242;;;;;
13.10.2021 00:59;4.6;15.4; 9.27 ; 5.25 ;244.835525;14.5913242;;;;;
13.10.2021 01:59;4.3;15.7; 9.45 ; 5.25 ;249.6050482;14.5913242;;;;;
13.10.2021 02:59;4.2;15.8; 9.51 ; 5.25 ;251.1948893;14.5913242;;;;;
13.10.2021 03:59;4.1;15.9; 9.57 ; 5.25 ;252.7847304;14.5913242;;;;;
13.10.2021 04:59;4.1;15.9; 9.57 ; 5.25 ;252.7847304;14.5913242;;;;;
13.10.2021 05:59;4.1;15.9; 9.57 ; 5.25 ;252.7847304;14.5913242;;;;;
13.10.2021 06:59;4.3;15.7; 9.45 ; 5.25 ;249.6050482;14.5913242;;;;;
13.10.2021 07:59;4.5;15.5; 9.33 ; 5.25 ;246.4253661;14.5913242;;;;;
13.10.2021 08:59;4.8;15.2; 9.15 ; 5.25 ;241.6558429;14.5913242;;;;;
13.10.2021 09:59;5.1;14.9; 8.97 ; 5.25 ;236.8863197;14.5913242;;;;;
13.10.2021 10:59;5.3;14.7; 8.85 ; 5.25 ;233.7066375;14.5913242;;;;;
13.10.2021 11:59;5.4;14.6; 8.79 ; 5.25 ;232.1167965;14.5913242;;;;;
13.10.2021 12:59;7.7;12.3; 7.41 ; 5.25 ;195.5504518;14.5913242;;;;;
13.10.2021 13:59;8.9;11.1; 6.68 ; 5.25 ;176.472359;14.5913242;;;;;
13.10.2021 14:59;9.5;10.5; 6.32 ; 5.25 ;166.9333125;14.5913242;;;;;
13.10.2021 15:59;9.5;10.5; 6.32 ; 5.25 ;166.9333125;14.5913242;;;;;
13.10.2021 16:59;8.8;11.2; 6.74 ; 5.25 ;178.0622;14.5913242;;;;;
13.10.2021 17:59;8.5;11.5; 6.92 ; 5.25 ;182.8317232;14.5913242;;;;;
13.10.2021 18:59;8.1;11.9; 7.16 ; 5.25 ;189.1910875;14.5913242;;;;;
13.10.2021 19:59;7.8;12.2; 7.34 ; 5.25 ;193.9606107;14.5913242;;;;;
13.10.2021 20:59;7.4;12.6; 7.59 ; 5.25 ;200.319975;14.5913242;;;;;
13.10.2021 21:59;7.1;12.9; 7.77 ; 5.25 ;205.0894982;14.5913242;;;;;
13.10.2021 22:59;6.7;13.3; 8.01 ; 5.25 ;211.4488625;14.5913242;;;;;
13.10.2021 23:59;6.3;13.7; 8.25 ; 5.25 ;217.8082268;14.5913242;;;;;
14.10.2021 00:59;5.7;14.3; 8.61 ; 5.25 ;227.3472732;14.5913242;;;;;
14.10.2021 01:59;5.3;14.7; 8.85 ; 5.25 ;233.7066375;14.5913242;;;;;
14.10.2021 02:59;5.1;14.9; 8.97 ; 5.25 ;236.8863197;14.5913242;;;;;
14.10.2021 03:59;4.9;15.1; 9.09 ; 5.25 ;240.0660018;14.5913242;;;;;
14.10.2021 04:59;4.7;15.3; 9.21 ; 5.25 ;243.245684;14.5913242;;;;;
14.10.2021 05:59;4.7;15.3; 9.21 ; 5.25 ;243.245684;14.5913242;;;;;
14.10.2021 06:59;5.5;14.5; 8.73 ; 5.25 ;230.5269554;14.5913242;;;;;
14.10.2021 07:59;6.8;13.2; 7.95 ; 5.25 ;209.8590215;14.5913242;;;;;
14.10.2021 08:59;8.3;11.7; 7.04 ; 5.25 ;186.0114054;14.5913242;;;;;
14.10.2021 09:59;9.5;10.5; 6.32 ; 5.25 ;166.9333125;14.5913242;;;;;
14.10.2021 10:59;10.5;9.5; 5.72 ; 5.25 ;151.0349018;14.5913242;;;;;
14.10.2021 11:59;11.4;8.6; 5.18 ; 5.25 ;136.7263322;14.5913242;;;;;
14.10.2021 12:59;12;8; 4.82 ; 5.25 ;127.1872857;14.5913242;;;;;
14.10.2021 13:59;12;8; 4.82 ; 5.25 ;127.1872857;14.5913242;;;;;
14.10.2021 14:59;11.6;8.4; 5.06 ; 5.25 ;133.54665;14.5913242;;;;;
14.10.2021 15:59;10.8;9.2; 5.54 ; 5.25 ;146.2653786;14.5913242;;;;;
14.10.2021 16:59;9.9;10.1; 6.08 ; 5.25 ;160.5739482;14.5913242;;;;;
14.10.2021 17:59;9.1;10.9; 6.56 ; 5.25 ;173.2926768;14.5913242;;;;;
14.10.2021 18:59;8.4;11.6; 6.98 ; 5.25 ;184.4215643;14.5913242;;;;;
14.10.2021 19:59;7.7;12.3; 7.41 ; 5.25 ;195.5504518;14.5913242;;;;;
14.10.2021 20:59;7;13; 7.83 ; 5.25 ;206.6793393;14.5913242;;;;;
14.10.2021 21:59;6.2;13.8; 8.31 ; 5.25 ;219.3980679;14.5913242;;;;;
14.10.2021 22:59;5.5;14.5; 8.73 ; 5.25 ;230.5269554;14.5913242;;;;;
14.10.2021 23:59;4.8;15.2; 9.15 ; 5.25 ;241.6558429;14.5913242;;;;;
15.10.2021 00:59;4;16; 9.63 ; 5.25 ;254.3745715;14.5913242;;;;;
15.10.2021 01:59;3.2;16.8; 10.11 ; 5.25 ;267.0933;14.5913242;;;;;
15.10.2021 02:59;2.5;17.5; 10.54 ; 5.25 ;278.2221875;14.5913242;;;;;
15.10.2021 03:59;2.2;17.8; 10.72 ; 5.25 ;282.9917108;14.5913242;;;;;
15.10.2021 04:59;1.9;18.1; 10.90 ; 5.25 ;287.761234;14.5913242;;;;;
15.10.2021 05:59;1.9;18.1; 10.90 ; 5.25 ;287.761234;14.5913242;;;;;
15.10.2021 06:59;2.3;17.7; 10.66 ; 5.25 ;281.4018697;14.5913242;;;;;
15.10.2021 07:59;2.8;17.2; 10.36 ; 5.25 ;273.4526643;14.5913242;;;;;
15.10.2021 08:59;3.3;16.7; 10.05 ; 5.25 ;265.503459;14.5913242;;;;;
15.10.2021 09:59;3.8;16.2; 9.75 ; 5.25 ;257.5542536;14.5913242;;;;;
15.10.2021 10:59;4.2;15.8; 9.51 ; 5.25 ;251.1948893;14.5913242;;;;;
15.10.2021 11:59;4.5;15.5; 9.33 ; 5.25 ;246.4253661;14.5913242;;;;;
15.10.2021 12:59;4.6;15.4; 9.27 ; 5.25 ;244.835525;14.5913242;;;;;
15.10.2021 13:59;4.6;15.4; 9.27 ; 5.25 ;244.835525;14.5913242;;;;;
15.10.2021 14:59;4.5;15.5; 9.33 ; 5.25 ;246.4253661;14.5913242;;;;;
15.10.2021 15:59;4.1;15.9; 9.57 ; 5.25 ;252.7847304;14.5913242;;;;;
15.10.2021 16:59;3.6;16.4; 9.87 ; 5.25 ;260.7339357;14.5913242;;;;;
15.10.2021 17:59;3.4;16.6; 9.99 ; 5.25 ;263.9136179;14.5913242;;;;;
15.10.2021 18:59;2.4;17.6; 10.60 ; 5.25 ;279.8120286;14.5913242;;;;;
15.10.2021 19:59;2.8;17.2; 10.36 ; 5.25 ;273.4526643;14.5913242;;;;;
15.10.2021 20:59;2.6;17.4; 10.48 ; 5.25 ;276.6323465;14.5913242;;;;;
15.10.2021 21:59;2.3;17.7; 10.66 ; 5.25 ;281.4018697;14.5913242;;;;;
15.10.2021 22:59;2;18; 10.84 ; 5.25 ;286.1713929;14.5913242;;;;;
15.10.2021 23:59;2.1;17.9; 10.78 ; 5.25 ;284.5815518;14.5913242;;;;;
16.10.2021 00:59;2.1;17.9; 10.78 ; 5.25 ;284.5815518;14.5913242;;;;;
16.10.2021 01:59;2.2;17.8; 10.72 ; 5.25 ;282.9917108;14.5913242;;;;;
16.10.2021 02:59;2.1;17.9; 10.78 ; 5.25 ;284.5815518;14.5913242;;;;;
16.10.2021 03:59;2.4;17.6; 10.60 ; 5.25 ;279.8120286;14.5913242;;;;;
16.10.2021 04:59;2.5;17.5; 10.54 ; 5.25 ;278.2221875;14.5913242;;;;;
16.10.2021 05:59;2.5;17.5; 10.54 ; 5.25 ;278.2221875;14.5913242;;;;;
16.10.2021 06:59;2.7;17.3; 10.42 ; 5.25 ;275.0425054;14.5913242;;;;;
16.10.2021 07:59;3;17; 10.23 ; 5.25 ;270.2729822;14.5913242;;;;;
16.10.2021 08:59;2.8;17.2; 10.36 ; 5.25 ;273.4526643;14.5913242;;;;;
16.10.2021 09:59;3.6;16.4; 9.87 ; 5.25 ;260.7339357;14.5913242;;;;;
16.10.2021 10:59;3.8;16.2; 9.75 ; 5.25 ;257.5542536;14.5913242;;;;;
16.10.2021 11:59;4;16; 9.63 ; 5.25 ;254.3745715;14.5913242;;;;;
16.10.2021 12:59;5.9;14.1; 8.49 ; 5.25 ;224.1675911;14.5913242;;;;;
16.10.2021 13:59;7.1;12.9; 7.77 ; 5.25 ;205.0894982;14.5913242;;;;;
16.10.2021 14:59;7.7;12.3; 7.41 ; 5.25 ;195.5504518;14.5913242;;;;;
16.10.2021 15:59;7.7;12.3; 7.41 ; 5.25 ;195.5504518;14.5913242;;;;;
16.10.2021 16:59;7.1;12.9; 7.77 ; 5.25 ;205.0894982;14.5913242;;;;;
16.10.2021 17:59;6.7;13.3; 8.01 ; 5.25 ;211.4488625;14.5913242;;;;;
16.10.2021 18:59;6.3;13.7; 8.25 ; 5.25 ;217.8082268;14.5913242;;;;;
16.10.2021 19:59;5.9;14.1; 8.49 ; 5.25 ;224.1675911;14.5913242;;;;;
16.10.2021 20:59;5.5;14.5; 8.73 ; 5.25 ;230.5269554;14.5913242;;;;;
16.10.2021 21:59;5.1;14.9; 8.97 ; 5.25 ;236.8863197;14.5913242;;;;;
16.10.2021 22:59;4.7;15.3; 9.21 ; 5.25 ;243.245684;14.5913242;;;;;
16.10.2021 23:59;4;16; 9.63 ; 5.25 ;254.3745715;14.5913242;;;;;
17.10.2021 00:59;3.3;16.7; 10.05 ; 5.25 ;265.503459;14.5913242;;;;;
17.10.2021 01:59;2.5;17.5; 10.54 ; 5.25 ;278.2221875;14.5913242;;;;;
17.10.2021 02:59;2.1;17.9; 10.78 ; 5.25 ;284.5815518;14.5913242;;;;;
17.10.2021 03:59;1.7;18.3; 11.02 ; 5.25 ;290.9409161;14.5913242;;;;;
17.10.2021 04:59;1.4;18.6; 11.20 ; 5.25 ;295.7104393;14.5913242;;;;;
17.10.2021 05:59;1.4;18.6; 11.20 ; 5.25 ;295.7104393;14.5913242;;;;;
17.10.2021 06:59;2.4;17.6; 10.60 ; 5.25 ;279.8120286;14.5913242;;;;;
17.10.2021 07:59;3.8;16.2; 9.75 ; 5.25 ;257.5542536;14.5913242;;;;;
17.10.2021 08:59;5.5;14.5; 8.73 ; 5.25 ;230.5269554;14.5913242;;;;;
17.10.2021 09:59;7.1;12.9; 7.77 ; 5.25 ;205.0894982;14.5913242;;;;;
17.10.2021 10:59;8.6;11.4; 6.86 ; 5.25 ;181.2418822;14.5913242;;;;;
17.10.2021 11:59;9.7;10.3; 6.20 ; 5.25 ;163.7536304;14.5913242;;;;;
17.10.2021 12:59;10.6;9.4; 5.66 ; 5.25 ;149.4450607;14.5913242;;;;;
17.10.2021 13:59;10.9;9.1; 5.48 ; 5.25 ;144.6755375;14.5913242;;;;;
17.10.2021 14:59;10.6;9.4; 5.66 ; 5.25 ;149.4450607;14.5913242;;;;;
17.10.2021 15:59;9.6;10.4; 6.26 ; 5.25 ;165.3434715;14.5913242;;;;;
17.10.2021 16:59;8.2;11.8; 7.10 ; 5.25 ;187.6012465;14.5913242;;;;;
17.10.2021 17:59;7.4;12.6; 7.59 ; 5.25 ;200.319975;14.5913242;;;;;
17.10.2021 18:59;6.6;13.4; 8.07 ; 5.25 ;213.0387036;14.5913242;;;;;
17.10.2021 19:59;5.8;14.2; 8.55 ; 5.25 ;225.7574322;14.5913242;;;;;
17.10.2021 20:59;5.1;14.9; 8.97 ; 5.25 ;236.8863197;14.5913242;;;;;
17.10.2021 21:59;4.4;15.6; 9.39 ; 5.25 ;248.0152072;14.5913242;;;;;
17.10.2021 22:59;3.6;16.4; 9.87 ; 5.25 ;260.7339357;14.5913242;;;;;
17.10.2021 23:59;3.2;16.8; 10.11 ; 5.25 ;267.0933;14.5913242;;;;;
18.10.2021 00:59;2.8;17.2; 10.36 ; 5.25 ;273.4526643;14.5913242;;;;;
18.10.2021 01:59;2.4;17.6; 10.60 ; 5.25 ;279.8120286;14.5913242;;;;;
18.10.2021 02:59;2.1;17.9; 10.78 ; 5.25 ;284.5815518;14.5913242;;;;;
18.10.2021 03:59;1.9;18.1; 10.90 ; 5.25 ;287.761234;14.5913242;;;;;
18.10.2021 04:59;1.8;18.2; 10.96 ; 5.25 ;289.351075;14.5913242;;;;;
18.10.2021 05:59;1.7;18.3; 11.02 ; 5.25 ;290.9409161;14.5913242;;;;;
18.10.2021 06:59;3.1;16.9; 10.17 ; 5.25 ;268.6831411;14.5913242;;;;;
18.10.2021 07:59;5.3;14.7; 8.85 ; 5.25 ;233.7066375;14.5913242;;;;;
18.10.2021 08:59;7.5;12.5; 7.53 ; 5.25 ;198.730134;14.5913242;;;;;
18.10.2021 09:59;9.6;10.4; 6.26 ; 5.25 ;165.3434715;14.5913242;;;;;
18.10.2021 10:59;11.4;8.6; 5.18 ; 5.25 ;136.7263322;14.5913242;;;;;
18.10.2021 11:59;12.6;7.4; 4.46 ; 5.25 ;117.6482393;14.5913242;;;;;
18.10.2021 12:59;13.3;6.7; 4.03 ; 5.25 ;106.5193518;14.5913242;;;;;
18.10.2021 13:59;13.6;6.4; 3.85 ; 5.25 ;101.7498286;14.5913242;;;;;
18.10.2021 14:59;13.1;6.9; 4.15 ; 5.25 ;109.6990339;14.5913242;;;;;
18.10.2021 15:59;11.9;8.1; 4.88 ; 5.25 ;128.7771268;14.5913242;;;;;
18.10.2021 16:59;10.3;9.7; 5.84 ; 5.25 ;154.2145839;14.5913242;;;;;
18.10.2021 17:59;9.9;10.1; 6.08 ; 5.25 ;160.5739482;14.5913242;;;;;
18.10.2021 18:59;9.5;10.5; 6.32 ; 5.25 ;166.9333125;14.5913242;;;;;
18.10.2021 19:59;9.1;10.9; 6.56 ; 5.25 ;173.2926768;14.5913242;;;;;
18.10.2021 20:59;8.8;11.2; 6.74 ; 5.25 ;178.0622;14.5913242;;;;;
18.10.2021 21:59;8.4;11.6; 6.98 ; 5.25 ;184.4215643;14.5913242;;;;;
18.10.2021 22:59;8;12; 7.22 ; 5.25 ;190.7809286;14.5913242;;;;;
18.10.2021 23:59;7.7;12.3; 7.41 ; 5.25 ;195.5504518;14.5913242;;;;;
19.10.2021 00:59;7.5;12.5; 7.53 ; 5.25 ;198.730134;14.5913242;;;;;
19.10.2021 01:59;7.2;12.8; 7.71 ; 5.25 ;203.4996572;14.5913242;;;;;
19.10.2021 02:59;7.2;12.8; 7.71 ; 5.25 ;203.4996572;14.5913242;;;;;
19.10.2021 03:59;7.1;12.9; 7.77 ; 5.25 ;205.0894982;14.5913242;;;;;
19.10.2021 04:59;7;13; 7.83 ; 5.25 ;206.6793393;14.5913242;;;;;
19.10.2021 05:59;7;13; 7.83 ; 5.25 ;206.6793393;14.5913242;;;;;
19.10.2021 06:59;8;12; 7.22 ; 5.25 ;190.7809286;14.5913242;;;;;
19.10.2021 07:59;9.7;10.3; 6.20 ; 5.25 ;163.7536304;14.5913242;;;;;
19.10.2021 08:59;11.4;8.6; 5.18 ; 5.25 ;136.7263322;14.5913242;;;;;
19.10.2021 09:59;12.9;7.1; 4.27 ; 5.25 ;112.8787161;14.5913242;;;;;
19.10.2021 10:59;14.5;5.5; 3.31 ; 5.25 ;87.44125894;14.5913242;;;;;
19.10.2021 11:59;15.5;4.5; 2.71 ; 5.25 ;71.54284822;14.5913242;;;;;
19.10.2021 12:59;16.4;3.6; 2.17 ; 5.25 ;57.23427858;14.5913242;;;;;
19.10.2021 13:59;16.6;3.4; 2.05 ; 5.25 ;54.05459644;14.5913242;;;;;
19.10.2021 14:59;16.2;3.8; 2.29 ; 5.25 ;60.41396072;14.5913242;;;;;
19.10.2021 15:59;15.2;4.8; 2.89 ; 5.25 ;76.31237144;14.5913242;;;;;
19.10.2021 16:59;13.9;6.1; 3.67 ; 5.25 ;96.98030537;14.5913242;;;;;
19.10.2021 17:59;13.2;6.8; 4.09 ; 5.25 ;108.1091929;14.5913242;;;;;
19.10.2021 18:59;12.3;7.7; 4.64 ; 5.25 ;122.4177625;14.5913242;;;;;
19.10.2021 19:59;11.5;8.5; 5.12 ; 5.25 ;135.1364911;14.5913242;;;;;
19.10.2021 20:59;10.6;9.4; 5.66 ; 5.25 ;149.4450607;14.5913242;;;;;
19.10.2021 21:59;9.8;10.2; 6.14 ; 5.25 ;162.1637893;14.5913242;;;;;
19.10.2021 22:59;8.9;11.1; 6.68 ; 5.25 ;176.472359;14.5913242;;;;;
19.10.2021 23:59;7.9;12.1; 7.28 ; 5.25 ;192.3707697;14.5913242;;;;;
20.10.2021 00:59;6.7;13.3; 8.01 ; 5.25 ;211.4488625;14.5913242;;;;;
20.10.2021 01:59;5.6;14.4; 8.67 ; 5.25 ;228.9371143;14.5913242;;;;;
20.10.2021 02:59;5;15; 9.03 ; 5.25 ;238.4761607;14.5913242;;;;;
20.10.2021 03:59;4.5;15.5; 9.33 ; 5.25 ;246.4253661;14.5913242;;;;;
20.10.2021 04:59;4.1;15.9; 9.57 ; 5.25 ;252.7847304;14.5913242;;;;;
20.10.2021 05:59;4;16; 9.63 ; 5.25 ;254.3745715;14.5913242;;;;;
20.10.2021 06:59;4.7;15.3; 9.21 ; 5.25 ;243.245684;14.5913242;;;;;
20.10.2021 07:59;6.1;13.9; 8.37 ; 5.25 ;220.987909;14.5913242;;;;;
20.10.2021 08:59;7.6;12.4; 7.47 ; 5.25 ;197.1402929;14.5913242;;;;;
20.10.2021 09:59;9.2;10.8; 6.50 ; 5.25 ;171.7028357;14.5913242;;;;;
20.10.2021 10:59;10.3;9.7; 5.84 ; 5.25 ;154.2145839;14.5913242;;;;;
20.10.2021 11:59;11.7;8.3; 5.00 ; 5.25 ;131.9568089;14.5913242;;;;;
20.10.2021 12:59;12.5;7.5; 4.52 ; 5.25 ;119.2380804;14.5913242;;;;;
20.10.2021 13:59;12.7;7.3; 4.39 ; 5.25 ;116.0583982;14.5913242;;;;;
20.10.2021 14:59;12.7;7.3; 4.39 ; 5.25 ;116.0583982;14.5913242;;;;;
20.10.2021 15:59;11.8;8.2; 4.94 ; 5.25 ;130.3669679;14.5913242;;;;;
20.10.2021 16:59;10.5;9.5; 5.72 ; 5.25 ;151.0349018;14.5913242;;;;;
20.10.2021 17:59;9.9;10.1; 6.08 ; 5.25 ;160.5739482;14.5913242;;;;;
20.10.2021 18:59;9.4;10.6; 6.38 ; 5.25 ;168.5231536;14.5913242;;;;;
20.10.2021 19:59;8.8;11.2; 6.74 ; 5.25 ;178.0622;14.5913242;;;;;
20.10.2021 20:59;8.3;11.7; 7.04 ; 5.25 ;186.0114054;14.5913242;;;;;
20.10.2021 21:59;7.7;12.3; 7.41 ; 5.25 ;195.5504518;14.5913242;;;;;
20.10.2021 22:59;7.1;12.9; 7.77 ; 5.25 ;205.0894982;14.5913242;;;;;
20.10.2021 23:59;6.9;13.1; 7.89 ; 5.25 ;208.2691804;14.5913242;;;;;
21.10.2021 00:59;6.7;13.3; 8.01 ; 5.25 ;211.4488625;14.5913242;;;;;
21.10.2021 01:59;6.5;13.5; 8.13 ; 5.25 ;214.6285447;14.5913242;;;;;
21.10.2021 02:59;6.4;13.6; 8.19 ; 5.25 ;216.2183857;14.5913242;;;;;
21.10.2021 03:59;6.3;13.7; 8.25 ; 5.25 ;217.8082268;14.5913242;;;;;
21.10.2021 04:59;6.3;13.7; 8.25 ; 5.25 ;217.8082268;14.5913242;;;;;
21.10.2021 05:59;6.3;13.7; 8.25 ; 5.25 ;217.8082268;14.5913242;;;;;
21.10.2021 06:59;7.3;12.7; 7.65 ; 5.25 ;201.9098161;14.5913242;;;;;
21.10.2021 07:59;8.9;11.1; 6.68 ; 5.25 ;176.472359;14.5913242;;;;;
21.10.2021 08:59;10.6;9.4; 5.66 ; 5.25 ;149.4450607;14.5913242;;;;;
21.10.2021 09:59;12.4;7.6; 4.58 ; 5.25 ;120.8279214;14.5913242;;;;;
21.10.2021 10:59;13.8;6.2; 3.73 ; 5.25 ;98.57014644;14.5913242;;;;;
21.10.2021 11:59;15;5; 3.01 ; 5.25 ;79.49205358;14.5913242;;;;;
21.10.2021 12:59;15.8;4.2; 2.53 ; 5.25 ;66.77332501;14.5913242;;;;;
21.10.2021 13:59;15.9;4.1; 2.47 ; 5.25 ;65.18348394;14.5913242;;;;;
21.10.2021 14:59;15.3;4.7; 2.83 ; 5.25 ;74.72253037;14.5913242;;;;;
21.10.2021 15:59;14.3;5.7; 3.43 ; 5.25 ;90.62094108;14.5913242;;;;;
21.10.2021 16:59;13.2;6.8; 4.09 ; 5.25 ;108.1091929;14.5913242;;;;;
21.10.2021 17:59;12.8;7.2; 4.33 ; 5.25 ;114.4685572;14.5913242;;;;;
21.10.2021 18:59;12.4;7.6; 4.58 ; 5.25 ;120.8279214;14.5913242;;;;;
21.10.2021 19:59;12;8; 4.82 ; 5.25 ;127.1872857;14.5913242;;;;;
21.10.2021 20:59;11.6;8.4; 5.06 ; 5.25 ;133.54665;14.5913242;;;;;
21.10.2021 21:59;11.2;8.8; 5.30 ; 5.25 ;139.9060143;14.5913242;;;;;
21.10.2021 22:59;10.8;9.2; 5.54 ; 5.25 ;146.2653786;14.5913242;;;;;
21.10.2021 23:59;10.3;9.7; 5.84 ; 5.25 ;154.2145839;14.5913242;;;;;
22.10.2021 00:59;9.8;10.2; 6.14 ; 5.25 ;162.1637893;14.5913242;;;;;
22.10.2021 01:59;9.4;10.6; 6.38 ; 5.25 ;168.5231536;14.5913242;;;;;
22.10.2021 02:59;9.1;10.9; 6.56 ; 5.25 ;173.2926768;14.5913242;;;;;
22.10.2021 03:59;8.9;11.1; 6.68 ; 5.25 ;176.472359;14.5913242;;;;;
22.10.2021 04:59;8.7;11.3; 6.80 ; 5.25 ;179.6520411;14.5913242;;;;;
22.10.2021 05:59;8.7;11.3; 6.80 ; 5.25 ;179.6520411;14.5913242;;;;;
22.10.2021 06:59;9.4;10.6; 6.38 ; 5.25 ;168.5231536;14.5913242;;;;;
22.10.2021 07:59;10.6;9.4; 5.66 ; 5.25 ;149.4450607;14.5913242;;;;;
22.10.2021 08:59;11.8;8.2; 4.94 ; 5.25 ;130.3669679;14.5913242;;;;;
22.10.2021 09:59;12.9;7.1; 4.27 ; 5.25 ;112.8787161;14.5913242;;;;;
22.10.2021 10:59;13.8;6.2; 3.73 ; 5.25 ;98.57014644;14.5913242;;;;;
22.10.2021 11:59;14.5;5.5; 3.31 ; 5.25 ;87.44125894;14.5913242;;;;;
22.10.2021 12:59;15;5; 3.01 ; 5.25 ;79.49205358;14.5913242;;;;;
22.10.2021 13:59;15.1;4.9; 2.95 ; 5.25 ;77.90221251;14.5913242;;;;;
22.10.2021 14:59;14.8;5.2; 3.13 ; 5.25 ;82.67173573;14.5913242;;;;;
22.10.2021 15:59;14;6; 3.61 ; 5.25 ;95.3904643;14.5913242;;;;;
22.10.2021 16:59;13.2;6.8; 4.09 ; 5.25 ;108.1091929;14.5913242;;;;;
22.10.2021 17:59;12.8;7.2; 4.33 ; 5.25 ;114.4685572;14.5913242;;;;;
22.10.2021 18:59;12.5;7.5; 4.52 ; 5.25 ;119.2380804;14.5913242;;;;;
22.10.2021 19:59;12.1;7.9; 4.76 ; 5.25 ;125.5974447;14.5913242;;;;;
22.10.2021 20:59;11.7;8.3; 5.00 ; 5.25 ;131.9568089;14.5913242;;;;;
22.10.2021 21:59;11.4;8.6; 5.18 ; 5.25 ;136.7263322;14.5913242;;;;;
22.10.2021 22:59;11;9; 5.42 ; 5.25 ;143.0856964;14.5913242;;;;;
22.10.2021 23:59;10.7;9.3; 5.60 ; 5.25 ;147.8552197;14.5913242;;;;;
23.10.2021 00:59;10.5;9.5; 5.72 ; 5.25 ;151.0349018;14.5913242;;;;;
23.10.2021 01:59;10.2;9.8; 5.90 ; 5.25 ;155.804425;14.5913242;;;;;
23.10.2021 02:59;10.1;9.9; 5.96 ; 5.25 ;157.3942661;14.5913242;;;;;
23.10.2021 03:59;10;10; 6.02 ; 5.25 ;158.9841072;14.5913242;;;;;
23.10.2021 04:59;9.9;10.1; 6.08 ; 5.25 ;160.5739482;14.5913242;;;;;
23.10.2021 05:59;10;10; 6.02 ; 5.25 ;158.9841072;14.5913242;;;;;
23.10.2021 06:59;10.9;9.1; 5.48 ; 5.25 ;144.6755375;14.5913242;;;;;
23.10.2021 07:59;12.7;7.3; 4.39 ; 5.25 ;116.0583982;14.5913242;;;;;
23.10.2021 08:59;14.8;5.2; 3.13 ; 5.25 ;82.67173573;14.5913242;;;;;
23.10.2021 09:59;17;3; 1.81 ; 5.25 ;47.69523215;14.5913242;;;;;
23.10.2021 10:59;18.7;1.3; 0.78 ; 5.25 ;20.66793393;14.5913242;;;;;
23.10.2021 11:59;20;0; -   ; 5.25 ;0;14.5913242;;;;;
23.10.2021 12:59;20.7;0; -   ; 5.25 ;0;14.5913242;;;;;
23.10.2021 13:59;20.9;0; -   ; 5.25 ;0;14.5913242;;;;;
23.10.2021 14:59;20.4;0; -   ; 5.25 ;0;14.5913242;;;;;
23.10.2021 15:59;19.2;0.8; 0.48 ; 5.25 ;12.71872857;14.5913242;;;;;
23.10.2021 16:59;17.8;2.2; 1.32 ; 5.25 ;34.97650358;14.5913242;;;;;
23.10.2021 17:59;17.1;2.9; 1.75 ; 5.25 ;46.10539108;14.5913242;;;;;
23.10.2021 18:59;16.5;3.5; 2.11 ; 5.25 ;55.64443751;14.5913242;;;;;
23.10.2021 19:59;15.9;4.1; 2.47 ; 5.25 ;65.18348394;14.5913242;;;;;
23.10.2021 20:59;15.3;4.7; 2.83 ; 5.25 ;74.72253037;14.5913242;;;;;
23.10.2021 21:59;14.7;5.3; 3.19 ; 5.25 ;84.2615768;14.5913242;;;;;
23.10.2021 22:59;14;6; 3.61 ; 5.25 ;95.3904643;14.5913242;;;;;
23.10.2021 23:59;13.6;6.4; 3.85 ; 5.25 ;101.7498286;14.5913242;;;;;
24.10.2021 00:59;13.1;6.9; 4.15 ; 5.25 ;109.6990339;14.5913242;;;;;
24.10.2021 01:59;12.5;7.5; 4.52 ; 5.25 ;119.2380804;14.5913242;;;;;
24.10.2021 02:59;12.2;7.8; 4.70 ; 5.25 ;124.0076036;14.5913242;;;;;
24.10.2021 03:59;12;8; 4.82 ; 5.25 ;127.1872857;14.5913242;;;;;
24.10.2021 04:59;11.8;8.2; 4.94 ; 5.25 ;130.3669679;14.5913242;;;;;
24.10.2021 05:59;11.6;8.4; 5.06 ; 5.25 ;133.54665;14.5913242;;;;;
24.10.2021 06:59;11.7;8.3; 5.00 ; 5.25 ;131.9568089;14.5913242;;;;;
24.10.2021 07:59;12;8; 4.82 ; 5.25 ;127.1872857;14.5913242;;;;;
24.10.2021 08:59;12.1;7.9; 4.76 ; 5.25 ;125.5974447;14.5913242;;;;;
24.10.2021 09:59;12.2;7.8; 4.70 ; 5.25 ;124.0076036;14.5913242;;;;;
24.10.2021 10:59;12.4;7.6; 4.58 ; 5.25 ;120.8279214;14.5913242;;;;;
24.10.2021 11:59;12.6;7.4; 4.46 ; 5.25 ;117.6482393;14.5913242;;;;;
24.10.2021 12:59;14;6; 3.61 ; 5.25 ;95.3904643;14.5913242;;;;;
24.10.2021 13:59;14.9;5.1; 3.07 ; 5.25 ;81.08189465;14.5913242;;;;;
24.10.2021 14:59;15.2;4.8; 2.89 ; 5.25 ;76.31237144;14.5913242;;;;;
24.10.2021 15:59;15;5; 3.01 ; 5.25 ;79.49205358;14.5913242;;;;;
24.10.2021 16:59;14.3;5.7; 3.43 ; 5.25 ;90.62094108;14.5913242;;;;;
24.10.2021 17:59;13.9;6.1; 3.67 ; 5.25 ;96.98030537;14.5913242;;;;;
24.10.2021 18:59;13.4;6.6; 3.97 ; 5.25 ;104.9295107;14.5913242;;;;;
24.10.2021 19:59;12.9;7.1; 4.27 ; 5.25 ;112.8787161;14.5913242;;;;;
24.10.2021 20:59;12.4;7.6; 4.58 ; 5.25 ;120.8279214;14.5913242;;;;;
24.10.2021 21:59;11.9;8.1; 4.88 ; 5.25 ;128.7771268;14.5913242;;;;;
24.10.2021 22:59;11.4;8.6; 5.18 ; 5.25 ;136.7263322;14.5913242;;;;;
24.10.2021 23:59;11;9; 5.42 ; 5.25 ;143.0856964;14.5913242;;;;;
25.10.2021 00:59;10.6;9.4; 5.66 ; 5.25 ;149.4450607;14.5913242;;;;;
25.10.2021 01:59;10.2;9.8; 5.90 ; 5.25 ;155.804425;14.5913242;;;;;
25.10.2021 02:59;10;10; 6.02 ; 5.25 ;158.9841072;14.5913242;;;;;
25.10.2021 03:59;9.8;10.2; 6.14 ; 5.25 ;162.1637893;14.5913242;;;;;
25.10.2021 04:59;9.7;10.3; 6.20 ; 5.25 ;163.7536304;14.5913242;;;;;
25.10.2021 05:59;9.6;10.4; 6.26 ; 5.25 ;165.3434715;14.5913242;;;;;
25.10.2021 06:59;9.8;10.2; 6.14 ; 5.25 ;162.1637893;14.5913242;;;;;
25.10.2021 07:59;9.9;10.1; 6.08 ; 5.25 ;160.5739482;14.5913242;;;;;
25.10.2021 08:59;11.5;8.5; 5.12 ; 5.25 ;135.1364911;14.5913242;;;;;
25.10.2021 09:59;13.3;6.7; 4.03 ; 5.25 ;106.5193518;14.5913242;;;;;
25.10.2021 10:59;14.5;5.5; 3.31 ; 5.25 ;87.44125894;14.5913242;;;;;
25.10.2021 11:59;15;5; 3.01 ; 5.25 ;79.49205358;14.5913242;;;;;
25.10.2021 12:59;14.7;5.3; 3.19 ; 5.25 ;84.2615768;14.5913242;;;;;
25.10.2021 13:59;13.8;6.2; 3.73 ; 5.25 ;98.57014644;14.5913242;;;;;
25.10.2021 14:59;13.2;6.8; 4.09 ; 5.25 ;108.1091929;14.5913242;;;;;
25.10.2021 15:59;12.6;7.4; 4.46 ; 5.25 ;117.6482393;14.5913242;;;;;
25.10.2021 16:59;12;8; 4.82 ; 5.25 ;127.1872857;14.5913242;;;;;
25.10.2021 17:59;11.6;8.4; 5.06 ; 5.25 ;133.54665;14.5913242;;;;;
25.10.2021 18:59;11.1;8.9; 5.36 ; 5.25 ;141.4958554;14.5913242;;;;;
25.10.2021 19:59;10.6;9.4; 5.66 ; 5.25 ;149.4450607;14.5913242;;;;;
25.10.2021 20:59;10.2;9.8; 5.90 ; 5.25 ;155.804425;14.5913242;;;;;
25.10.2021 21:59;9.7;10.3; 6.20 ; 5.25 ;163.7536304;14.5913242;;;;;
25.10.2021 22:59;9.2;10.8; 6.50 ; 5.25 ;171.7028357;14.5913242;;;;;
25.10.2021 23:59;8.6;11.4; 6.86 ; 5.25 ;181.2418822;14.5913242;;;;;
26.10.2021 00:59;7.9;12.1; 7.28 ; 5.25 ;192.3707697;14.5913242;;;;;
26.10.2021 01:59;7.2;12.8; 7.71 ; 5.25 ;203.4996572;14.5913242;;;;;
26.10.2021 02:59;6.9;13.1; 7.89 ; 5.25 ;208.2691804;14.5913242;;;;;
26.10.2021 03:59;6.5;13.5; 8.13 ; 5.25 ;214.6285447;14.5913242;;;;;
26.10.2021 04:59;6.3;13.7; 8.25 ; 5.25 ;217.8082268;14.5913242;;;;;
26.10.2021 05:59;6;14; 8.43 ; 5.25 ;222.57775;14.5913242;;;;;
26.10.2021 06:59;6.4;13.6; 8.19 ; 5.25 ;216.2183857;14.5913242;;;;;
26.10.2021 07:59;7.7;12.3; 7.41 ; 5.25 ;195.5504518;14.5913242;;;;;
26.10.2021 08:59;8;12; 7.22 ; 5.25 ;190.7809286;14.5913242;;;;;
26.10.2021 09:59;9.4;10.6; 6.38 ; 5.25 ;168.5231536;14.5913242;;;;;
26.10.2021 10:59;11.5;8.5; 5.12 ; 5.25 ;135.1364911;14.5913242;;;;;
26.10.2021 11:59;13.3;6.7; 4.03 ; 5.25 ;106.5193518;14.5913242;;;;;
26.10.2021 12:59;13.4;6.6; 3.97 ; 5.25 ;104.9295107;14.5913242;;;;;
26.10.2021 13:59;13.2;6.8; 4.09 ; 5.25 ;108.1091929;14.5913242;;;;;
26.10.2021 14:59;12.7;7.3; 4.39 ; 5.25 ;116.0583982;14.5913242;;;;;
26.10.2021 15:59;11.7;8.3; 5.00 ; 5.25 ;131.9568089;14.5913242;;;;;
26.10.2021 16:59;10.6;9.4; 5.66 ; 5.25 ;149.4450607;14.5913242;;;;;
26.10.2021 17:59;10.3;9.7; 5.84 ; 5.25 ;154.2145839;14.5913242;;;;;
26.10.2021 18:59;10;10; 6.02 ; 5.25 ;158.9841072;14.5913242;;;;;
26.10.2021 19:59;9.7;10.3; 6.20 ; 5.25 ;163.7536304;14.5913242;;;;;
26.10.2021 20:59;9.3;10.7; 6.44 ; 5.25 ;170.1129947;14.5913242;;;;;
26.10.2021 21:59;9;11; 6.62 ; 5.25 ;174.8825179;14.5913242;;;;;
26.10.2021 22:59;8.7;11.3; 6.80 ; 5.25 ;179.6520411;14.5913242;;;;;
26.10.2021 23:59;8.5;11.5; 6.92 ; 5.25 ;182.8317232;14.5913242;;;;;
27.10.2021 00:59;8.4;11.6; 6.98 ; 5.25 ;184.4215643;14.5913242;;;;;
27.10.2021 01:59;8.3;11.7; 7.04 ; 5.25 ;186.0114054;14.5913242;;;;;
27.10.2021 02:59;8.2;11.8; 7.10 ; 5.25 ;187.6012465;14.5913242;;;;;
27.10.2021 03:59;8.2;11.8; 7.10 ; 5.25 ;187.6012465;14.5913242;;;;;
27.10.2021 04:59;8.1;11.9; 7.16 ; 5.25 ;189.1910875;14.5913242;;;;;
27.10.2021 05:59;8.1;11.9; 7.16 ; 5.25 ;189.1910875;14.5913242;;;;;
27.10.2021 06:59;8.2;11.8; 7.10 ; 5.25 ;187.6012465;14.5913242;;;;;
27.10.2021 07:59;8.5;11.5; 6.92 ; 5.25 ;182.8317232;14.5913242;;;;;
27.10.2021 08:59;8.4;11.6; 6.98 ; 5.25 ;184.4215643;14.5913242;;;;;
27.10.2021 09:59;9;11; 6.62 ; 5.25 ;174.8825179;14.5913242;;;;;
27.10.2021 10:59;9.1;10.9; 6.56 ; 5.25 ;173.2926768;14.5913242;;;;;
27.10.2021 11:59;9.3;10.7; 6.44 ; 5.25 ;170.1129947;14.5913242;;;;;
27.10.2021 12:59;10.9;9.1; 5.48 ; 5.25 ;144.6755375;14.5913242;;;;;
27.10.2021 13:59;11.9;8.1; 4.88 ; 5.25 ;128.7771268;14.5913242;;;;;
27.10.2021 14:59;12.2;7.8; 4.70 ; 5.25 ;124.0076036;14.5913242;;;;;
27.10.2021 15:59;12;8; 4.82 ; 5.25 ;127.1872857;14.5913242;;;;;
27.10.2021 16:59;11.4;8.6; 5.18 ; 5.25 ;136.7263322;14.5913242;;;;;
27.10.2021 17:59;11.2;8.8; 5.30 ; 5.25 ;139.9060143;14.5913242;;;;;
27.10.2021 18:59;10.9;9.1; 5.48 ; 5.25 ;144.6755375;14.5913242;;;;;
27.10.2021 19:59;10.6;9.4; 5.66 ; 5.25 ;149.4450607;14.5913242;;;;;
27.10.2021 20:59;10.4;9.6; 5.78 ; 5.25 ;152.6247429;14.5913242;;;;;
27.10.2021 21:59;10.1;9.9; 5.96 ; 5.25 ;157.3942661;14.5913242;;;;;
27.10.2021 22:59;9.9;10.1; 6.08 ; 5.25 ;160.5739482;14.5913242;;;;;
27.10.2021 23:59;9.5;10.5; 6.32 ; 5.25 ;166.9333125;14.5913242;;;;;
28.10.2021 00:59;9.1;10.9; 6.56 ; 5.25 ;173.2926768;14.5913242;;;;;
28.10.2021 01:59;8.8;11.2; 6.74 ; 5.25 ;178.0622;14.5913242;;;;;
28.10.2021 02:59;8.6;11.4; 6.86 ; 5.25 ;181.2418822;14.5913242;;;;;
28.10.2021 03:59;8.4;11.6; 6.98 ; 5.25 ;184.4215643;14.5913242;;;;;
28.10.2021 04:59;8.2;11.8; 7.10 ; 5.25 ;187.6012465;14.5913242;;;;;
28.10.2021 05:59;8.1;11.9; 7.16 ; 5.25 ;189.1910875;14.5913242;;;;;
28.10.2021 06:59;8.6;11.4; 6.86 ; 5.25 ;181.2418822;14.5913242;;;;;
28.10.2021 07:59;10.5;9.5; 5.72 ; 5.25 ;151.0349018;14.5913242;;;;;
28.10.2021 08:59;12.4;7.6; 4.58 ; 5.25 ;120.8279214;14.5913242;;;;;
28.10.2021 09:59;14.1;5.9; 3.55 ; 5.25 ;93.80062323;14.5913242;;;;;
28.10.2021 10:59;15.9;4.1; 2.47 ; 5.25 ;65.18348394;14.5913242;;;;;
28.10.2021 11:59;17.2;2.8; 1.69 ; 5.25 ;44.51555001;14.5913242;;;;;
28.10.2021 12:59;18.1;1.9; 1.14 ; 5.25 ;30.20698036;14.5913242;;;;;
28.10.2021 13:59;17.9;2.1; 1.26 ; 5.25 ;33.3866625;14.5913242;;;;;
28.10.2021 14:59;17.3;2.7; 1.63 ; 5.25 ;42.92570893;14.5913242;;;;;
28.10.2021 15:59;16;4; 2.41 ; 5.25 ;63.59364287;14.5913242;;;;;
28.10.2021 16:59;14.5;5.5; 3.31 ; 5.25 ;87.44125894;14.5913242;;;;;
28.10.2021 17:59;14.1;5.9; 3.55 ; 5.25 ;93.80062323;14.5913242;;;;;
28.10.2021 18:59;13.9;6.1; 3.67 ; 5.25 ;96.98030537;14.5913242;;;;;
28.10.2021 19:59;13.6;6.4; 3.85 ; 5.25 ;101.7498286;14.5913242;;;;;
28.10.2021 20:59;13.2;6.8; 4.09 ; 5.25 ;108.1091929;14.5913242;;;;;
28.10.2021 21:59;12.9;7.1; 4.27 ; 5.25 ;112.8787161;14.5913242;;;;;
28.10.2021 22:59;12.6;7.4; 4.46 ; 5.25 ;117.6482393;14.5913242;;;;;
28.10.2021 23:59;12.3;7.7; 4.64 ; 5.25 ;122.4177625;14.5913242;;;;;
29.10.2021 00:59;12;8; 4.82 ; 5.25 ;127.1872857;14.5913242;;;;;
29.10.2021 01:59;11.7;8.3; 5.00 ; 5.25 ;131.9568089;14.5913242;;;;;
29.10.2021 02:59;11.6;8.4; 5.06 ; 5.25 ;133.54665;14.5913242;;;;;
29.10.2021 03:59;11.4;8.6; 5.18 ; 5.25 ;136.7263322;14.5913242;;;;;
29.10.2021 04:59;11.3;8.7; 5.24 ; 5.25 ;138.3161732;14.5913242;;;;;
29.10.2021 05:59;11.2;8.8; 5.30 ; 5.25 ;139.9060143;14.5913242;;;;;
29.10.2021 06:59;11.7;8.3; 5.00 ; 5.25 ;131.9568089;14.5913242;;;;;
29.10.2021 07:59;13.5;6.5; 3.91 ; 5.25 ;103.3396697;14.5913242;;;;;
29.10.2021 08:59;15.3;4.7; 2.83 ; 5.25 ;74.72253037;14.5913242;;;;;
29.10.2021 09:59;17;3; 1.81 ; 5.25 ;47.69523215;14.5913242;;;;;
29.10.2021 10:59;18.7;1.3; 0.78 ; 5.25 ;20.66793393;14.5913242;;;;;
29.10.2021 11:59;19.7;0.3; 0.18 ; 5.25 ;4.769523215;14.5913242;;;;;
29.10.2021 12:59;20.2;0; -   ; 5.25 ;0;14.5913242;;;;;
29.10.2021 13:59;20.4;0; -   ; 5.25 ;0;14.5913242;;;;;
29.10.2021 14:59;20;0; -   ; 5.25 ;0;14.5913242;;;;;
29.10.2021 15:59;18.9;1.1; 0.66 ; 5.25 ;17.48825179;14.5913242;;;;;
29.10.2021 16:59;17.6;2.4; 1.44 ; 5.25 ;38.15618572;14.5913242;;;;;
29.10.2021 17:59;17;3; 1.81 ; 5.25 ;47.69523215;14.5913242;;;;;
29.10.2021 18:59;16.3;3.7; 2.23 ; 5.25 ;58.82411965;14.5913242;;;;;
29.10.2021 19:59;15.7;4.3; 2.59 ; 5.25 ;68.36316608;14.5913242;;;;;
29.10.2021 20:59;15;5; 3.01 ; 5.25 ;79.49205358;14.5913242;;;;;
29.10.2021 21:59;14.4;5.6; 3.37 ; 5.25 ;89.03110001;14.5913242;;;;;
29.10.2021 22:59;13.9;6.1; 3.67 ; 5.25 ;96.98030537;14.5913242;;;;;
29.10.2021 23:59;13.3;6.7; 4.03 ; 5.25 ;106.5193518;14.5913242;;;;;
30.10.2021 00:59;12.6;7.4; 4.46 ; 5.25 ;117.6482393;14.5913242;;;;;
30.10.2021 01:59;12;8; 4.82 ; 5.25 ;127.1872857;14.5913242;;;;;
30.10.2021 02:59;11.6;8.4; 5.06 ; 5.25 ;133.54665;14.5913242;;;;;
30.10.2021 03:59;11.3;8.7; 5.24 ; 5.25 ;138.3161732;14.5913242;;;;;
30.10.2021 04:59;11;9; 5.42 ; 5.25 ;143.0856964;14.5913242;;;;;
30.10.2021 05:59;10.8;9.2; 5.54 ; 5.25 ;146.2653786;14.5913242;;;;;
30.10.2021 06:59;11.2;8.8; 5.30 ; 5.25 ;139.9060143;14.5913242;;;;;
30.10.2021 07:59;12.3;7.7; 4.64 ; 5.25 ;122.4177625;14.5913242;;;;;
30.10.2021 08:59;14.9;5.1; 3.07 ; 5.25 ;81.08189465;14.5913242;;;;;
30.10.2021 09:59;16.7;3.3; 1.99 ; 5.25 ;52.46475536;14.5913242;;;;;
30.10.2021 10:59;17.4;2.6; 1.57 ; 5.25 ;41.33586786;14.5913242;;;;;
30.10.2021 11:59;18.2;1.8; 1.08 ; 5.25 ;28.61713929;14.5913242;;;;;
30.10.2021 12:59;18.2;1.8; 1.08 ; 5.25 ;28.61713929;14.5913242;;;;;
30.10.2021 13:59;18.2;1.8; 1.08 ; 5.25 ;28.61713929;14.5913242;;;;;
30.10.2021 14:59;17.7;2.3; 1.38 ; 5.25 ;36.56634465;14.5913242;;;;;
30.10.2021 15:59;16.4;3.6; 2.17 ; 5.25 ;57.23427858;14.5913242;;;;;
30.10.2021 16:59;15.2;4.8; 2.89 ; 5.25 ;76.31237144;14.5913242;;;;;
30.10.2021 17:59;14.7;5.3; 3.19 ; 5.25 ;84.2615768;14.5913242;;;;;
30.10.2021 18:59;14.2;5.8; 3.49 ; 5.25 ;92.21078215;14.5913242;;;;;
30.10.2021 19:59;13.8;6.2; 3.73 ; 5.25 ;98.57014644;14.5913242;;;;;
30.10.2021 20:59;13.3;6.7; 4.03 ; 5.25 ;106.5193518;14.5913242;;;;;
30.10.2021 21:59;12.8;7.2; 4.33 ; 5.25 ;114.4685572;14.5913242;;;;;
30.10.2021 22:59;12.3;7.7; 4.64 ; 5.25 ;122.4177625;14.5913242;;;;;
30.10.2021 23:59;12.1;7.9; 4.76 ; 5.25 ;125.5974447;14.5913242;;;;;
31.10.2021 00:59;11.8;8.2; 4.94 ; 5.25 ;130.3669679;14.5913242;;;;;
31.10.2021 01:59;11.5;8.5; 5.12 ; 5.25 ;135.1364911;14.5913242;;;;;
31.10.2021 02:59;11.4;8.6; 5.18 ; 5.25 ;136.7263322;14.5913242;;;;;
31.10.2021 03:59;11.3;8.7; 5.24 ; 5.25 ;138.3161732;14.5913242;;;;;
31.10.2021 04:59;11.2;8.8; 5.30 ; 5.25 ;139.9060143;14.5913242;;;;;
31.10.2021 05:59;11.1;8.9; 5.36 ; 5.25 ;141.4958554;14.5913242;;;;;
31.10.2021 06:59;11.2;8.8; 5.30 ; 5.25 ;139.9060143;14.5913242;;;;;
31.10.2021 07:59;12.1;7.9; 4.76 ; 5.25 ;125.5974447;14.5913242;;;;;
31.10.2021 08:59;13;7; 4.21 ; 5.25 ;111.288875;14.5913242;;;;;
31.10.2021 09:59;13.1;6.9; 4.15 ; 5.25 ;109.6990339;14.5913242;;;;;
31.10.2021 10:59;13.5;6.5; 3.91 ; 5.25 ;103.3396697;14.5913242;;;;;
31.10.2021 11:59;13.9;6.1; 3.67 ; 5.25 ;96.98030537;14.5913242;;;;;
31.10.2021 12:59;14.1;5.9; 3.55 ; 5.25 ;93.80062323;14.5913242;;;;;
31.10.2021 13:59;14.1;5.9; 3.55 ; 5.25 ;93.80062323;14.5913242;;;;;
31.10.2021 14:59;13.9;6.1; 3.67 ; 5.25 ;96.98030537;14.5913242;;;;;
31.10.2021 15:59;13.5;6.5; 3.91 ; 5.25 ;103.3396697;14.5913242;;;;;
31.10.2021 16:59;13.1;6.9; 4.15 ; 5.25 ;109.6990339;14.5913242;;;;;
31.10.2021 17:59;12.7;7.3; 4.39 ; 5.25 ;116.0583982;14.5913242;;;;;
31.10.2021 18:59;12.2;7.8; 4.70 ; 5.25 ;124.0076036;14.5913242;;;;;
31.10.2021 19:59;11.8;8.2; 4.94 ; 5.25 ;130.3669679;14.5913242;;;;;
31.10.2021 20:59;11.3;8.7; 5.24 ; 5.25 ;138.3161732;14.5913242;;;;;
31.10.2021 21:59;10.5;9.5; 5.72 ; 5.25 ;151.0349018;14.5913242;;;;;
31.10.2021 22:59;10.3;9.7; 5.84 ; 5.25 ;154.2145839;14.5913242;;;;;
31.10.2021 23:59;9.6;10.4; 6.26 ; 5.25 ;165.3434715;14.5913242;;;;;
01.11.2021 00:59;8.6;11.4; 6.86 ; 5.25 ;181.2418822;14.5913242;;;;;
01.11.2021 01:59;7.7;12.3; 7.41 ; 5.25 ;195.5504518;14.5913242;;;;;
01.11.2021 02:59;7.2;12.8; 7.71 ; 5.25 ;203.4996572;14.5913242;;;;;
01.11.2021 03:59;6.7;13.3; 8.01 ; 5.25 ;211.4488625;14.5913242;;;;;
01.11.2021 04:59;6.3;13.7; 8.25 ; 5.25 ;217.8082268;14.5913242;;;;;
01.11.2021 05:59;5.9;14.1; 8.49 ; 5.25 ;224.1675911;14.5913242;;;;;
01.11.2021 06:59;6.2;13.8; 8.31 ; 5.25 ;219.3980679;14.5913242;;;;;
01.11.2021 07:59;7.7;12.3; 7.41 ; 5.25 ;195.5504518;14.5913242;;;;;
01.11.2021 08:59;9;11; 6.62 ; 5.25 ;174.8825179;14.5913242;;;;;
01.11.2021 09:59;10;10; 6.02 ; 5.25 ;158.9841072;14.5913242;;;;;
01.11.2021 10:59;10.7;9.3; 5.60 ; 5.25 ;147.8552197;14.5913242;;;;;
01.11.2021 11:59;11.3;8.7; 5.24 ; 5.25 ;138.3161732;14.5913242;;;;;
01.11.2021 12:59;11.8;8.2; 4.94 ; 5.25 ;130.3669679;14.5913242;;;;;
01.11.2021 13:59;11.4;8.6; 5.18 ; 5.25 ;136.7263322;14.5913242;;;;;
01.11.2021 14:59;10.3;9.7; 5.84 ; 5.25 ;154.2145839;14.5913242;;;;;
01.11.2021 15:59;9.3;10.7; 6.44 ; 5.25 ;170.1129947;14.5913242;;;;;
01.11.2021 16:59;8.5;11.5; 6.92 ; 5.25 ;182.8317232;14.5913242;;;;;
01.11.2021 17:59;8.3;11.7; 7.04 ; 5.25 ;186.0114054;14.5913242;;;;;
01.11.2021 18:59;8.1;11.9; 7.16 ; 5.25 ;189.1910875;14.5913242;;;;;
01.11.2021 19:59;7.9;12.1; 7.28 ; 5.25 ;192.3707697;14.5913242;;;;;
01.11.2021 20:59;7.7;12.3; 7.41 ; 5.25 ;195.5504518;14.5913242;;;;;
01.11.2021 21:59;7.5;12.5; 7.53 ; 5.25 ;198.730134;14.5913242;;;;;
01.11.2021 22:59;7.3;12.7; 7.65 ; 5.25 ;201.9098161;14.5913242;;;;;
01.11.2021 23:59;7.4;12.6; 7.59 ; 5.25 ;200.319975;14.5913242;;;;;
02.11.2021 00:59;7.5;12.5; 7.53 ; 5.25 ;198.730134;14.5913242;;;;;
02.11.2021 01:59;7.6;12.4; 7.47 ; 5.25 ;197.1402929;14.5913242;;;;;
02.11.2021 02:59;7.7;12.3; 7.41 ; 5.25 ;195.5504518;14.5913242;;;;;
02.11.2021 03:59;7.8;12.2; 7.34 ; 5.25 ;193.9606107;14.5913242;;;;;
02.11.2021 04:59;7.9;12.1; 7.28 ; 5.25 ;192.3707697;14.5913242;;;;;
02.11.2021 05:59;7.9;12.1; 7.28 ; 5.25 ;192.3707697;14.5913242;;;;;
02.11.2021 06:59;8.1;11.9; 7.16 ; 5.25 ;189.1910875;14.5913242;;;;;
02.11.2021 07:59;9;11; 6.62 ; 5.25 ;174.8825179;14.5913242;;;;;
02.11.2021 08:59;9.8;10.2; 6.14 ; 5.25 ;162.1637893;14.5913242;;;;;
02.11.2021 09:59;10.4;9.6; 5.78 ; 5.25 ;152.6247429;14.5913242;;;;;
02.11.2021 10:59;11.1;8.9; 5.36 ; 5.25 ;141.4958554;14.5913242;;;;;
02.11.2021 11:59;11.6;8.4; 5.06 ; 5.25 ;133.54665;14.5913242;;;;;
02.11.2021 12:59;11.4;8.6; 5.18 ; 5.25 ;136.7263322;14.5913242;;;;;
02.11.2021 13:59;11.9;8.1; 4.88 ; 5.25 ;128.7771268;14.5913242;;;;;
02.11.2021 14:59;11.7;8.3; 5.00 ; 5.25 ;131.9568089;14.5913242;;;;;
02.11.2021 15:59;11.3;8.7; 5.24 ; 5.25 ;138.3161732;14.5913242;;;;;
02.11.2021 16:59;10.8;9.2; 5.54 ; 5.25 ;146.2653786;14.5913242;;;;;
02.11.2021 17:59;10.5;9.5; 5.72 ; 5.25 ;151.0349018;14.5913242;;;;;
02.11.2021 18:59;10.2;9.8; 5.90 ; 5.25 ;155.804425;14.5913242;;;;;
02.11.2021 19:59;9.8;10.2; 6.14 ; 5.25 ;162.1637893;14.5913242;;;;;
02.11.2021 20:59;9.5;10.5; 6.32 ; 5.25 ;166.9333125;14.5913242;;;;;
02.11.2021 21:59;9.2;10.8; 6.50 ; 5.25 ;171.7028357;14.5913242;;;;;
02.11.2021 22:59;8.8;11.2; 6.74 ; 5.25 ;178.0622;14.5913242;;;;;
02.11.2021 23:59;8.2;11.8; 7.10 ; 5.25 ;187.6012465;14.5913242;;;;;
03.11.2021 00:59;7.5;12.5; 7.53 ; 5.25 ;198.730134;14.5913242;;;;;
03.11.2021 01:59;6.9;13.1; 7.89 ; 5.25 ;208.2691804;14.5913242;;;;;
03.11.2021 02:59;6.5;13.5; 8.13 ; 5.25 ;214.6285447;14.5913242;;;;;
03.11.2021 03:59;6.1;13.9; 8.37 ; 5.25 ;220.987909;14.5913242;;;;;
03.11.2021 04:59;5.9;14.1; 8.49 ; 5.25 ;224.1675911;14.5913242;;;;;
03.11.2021 05:59;5.6;14.4; 8.67 ; 5.25 ;228.9371143;14.5913242;;;;;
03.11.2021 06:59;5.9;14.1; 8.49 ; 5.25 ;224.1675911;14.5913242;;;;;
03.11.2021 07:59;8.5;11.5; 6.92 ; 5.25 ;182.8317232;14.5913242;;;;;
03.11.2021 08:59;9.7;10.3; 6.20 ; 5.25 ;163.7536304;14.5913242;;;;;
03.11.2021 09:59;12.7;7.3; 4.39 ; 5.25 ;116.0583982;14.5913242;;;;;
03.11.2021 10:59;14.3;5.7; 3.43 ; 5.25 ;90.62094108;14.5913242;;;;;
03.11.2021 11:59;15.2;4.8; 2.89 ; 5.25 ;76.31237144;14.5913242;;;;;
03.11.2021 12:59;15.6;4.4; 2.65 ; 5.25 ;69.95300715;14.5913242;;;;;
03.11.2021 13:59;14.9;5.1; 3.07 ; 5.25 ;81.08189465;14.5913242;;;;;
03.11.2021 14:59;13.8;6.2; 3.73 ; 5.25 ;98.57014644;14.5913242;;;;;
03.11.2021 15:59;12.5;7.5; 4.52 ; 5.25 ;119.2380804;14.5913242;;;;;
03.11.2021 16:59;11.2;8.8; 5.30 ; 5.25 ;139.9060143;14.5913242;;;;;
03.11.2021 17:59;10.9;9.1; 5.48 ; 5.25 ;144.6755375;14.5913242;;;;;
03.11.2021 18:59;10.7;9.3; 5.60 ; 5.25 ;147.8552197;14.5913242;;;;;
03.11.2021 19:59;10.5;9.5; 5.72 ; 5.25 ;151.0349018;14.5913242;;;;;
03.11.2021 20:59;10.2;9.8; 5.90 ; 5.25 ;155.804425;14.5913242;;;;;
03.11.2021 21:59;10;10; 6.02 ; 5.25 ;158.9841072;14.5913242;;;;;
03.11.2021 22:59;9.8;10.2; 6.14 ; 5.25 ;162.1637893;14.5913242;;;;;
03.11.2021 23:59;9.7;10.3; 6.20 ; 5.25 ;163.7536304;14.5913242;;;;;
04.11.2021 00:59;9.6;10.4; 6.26 ; 5.25 ;165.3434715;14.5913242;;;;;
04.11.2021 01:59;9.6;10.4; 6.26 ; 5.25 ;165.3434715;14.5913242;;;;;
04.11.2021 02:59;9.6;10.4; 6.26 ; 5.25 ;165.3434715;14.5913242;;;;;
04.11.2021 03:59;9.6;10.4; 6.26 ; 5.25 ;165.3434715;14.5913242;;;;;
04.11.2021 04:59;9.7;10.3; 6.20 ; 5.25 ;163.7536304;14.5913242;;;;;
04.11.2021 05:59;9.7;10.3; 6.20 ; 5.25 ;163.7536304;14.5913242;;;;;
04.11.2021 06:59;9.9;10.1; 6.08 ; 5.25 ;160.5739482;14.5913242;;;;;
04.11.2021 07:59;10.7;9.3; 5.60 ; 5.25 ;147.8552197;14.5913242;;;;;
04.11.2021 08:59;11.4;8.6; 5.18 ; 5.25 ;136.7263322;14.5913242;;;;;
04.11.2021 09:59;11.6;8.4; 5.06 ; 5.25 ;133.54665;14.5913242;;;;;
04.11.2021 10:59;11.7;8.3; 5.00 ; 5.25 ;131.9568089;14.5913242;;;;;
04.11.2021 11:59;12.3;7.7; 4.64 ; 5.25 ;122.4177625;14.5913242;;;;;
04.11.2021 12:59;14.7;5.3; 3.19 ; 5.25 ;84.2615768;14.5913242;;;;;
04.11.2021 13:59;16.2;3.8; 2.29 ; 5.25 ;60.41396072;14.5913242;;;;;
04.11.2021 14:59;16.6;3.4; 2.05 ; 5.25 ;54.05459644;14.5913242;;;;;
04.11.2021 15:59;16;4; 2.41 ; 5.25 ;63.59364287;14.5913242;;;;;
04.11.2021 16:59;15.1;4.9; 2.95 ; 5.25 ;77.90221251;14.5913242;;;;;
04.11.2021 17:59;14.5;5.5; 3.31 ; 5.25 ;87.44125894;14.5913242;;;;;
04.11.2021 18:59;13.9;6.1; 3.67 ; 5.25 ;96.98030537;14.5913242;;;;;
04.11.2021 19:59;13.5;6.5; 3.91 ; 5.25 ;103.3396697;14.5913242;;;;;
04.11.2021 20:59;13;7; 4.21 ; 5.25 ;111.288875;14.5913242;;;;;
04.11.2021 21:59;12.5;7.5; 4.52 ; 5.25 ;119.2380804;14.5913242;;;;;
04.11.2021 22:59;11.9;8.1; 4.88 ; 5.25 ;128.7771268;14.5913242;;;;;
04.11.2021 23:59;11.1;8.9; 5.36 ; 5.25 ;141.4958554;14.5913242;;;;;
05.11.2021 00:59;10.3;9.7; 5.84 ; 5.25 ;154.2145839;14.5913242;;;;;
05.11.2021 01:59;9.5;10.5; 6.32 ; 5.25 ;166.9333125;14.5913242;;;;;
05.11.2021 02:59;9.1;10.9; 6.56 ; 5.25 ;173.2926768;14.5913242;;;;;
05.11.2021 03:59;8.7;11.3; 6.80 ; 5.25 ;179.6520411;14.5913242;;;;;
05.11.2021 04:59;8.4;11.6; 6.98 ; 5.25 ;184.4215643;14.5913242;;;;;
05.11.2021 05:59;8.1;11.9; 7.16 ; 5.25 ;189.1910875;14.5913242;;;;;
05.11.2021 06:59;8.8;11.2; 6.74 ; 5.25 ;178.0622;14.5913242;;;;;
05.11.2021 07:59;11.8;8.2; 4.94 ; 5.25 ;130.3669679;14.5913242;;;;;
05.11.2021 08:59;14.8;5.2; 3.13 ; 5.25 ;82.67173573;14.5913242;;;;;
05.11.2021 09:59;16.1;3.9; 2.35 ; 5.25 ;62.00380179;14.5913242;;;;;
05.11.2021 10:59;13.8;6.2; 3.73 ; 5.25 ;98.57014644;14.5913242;;;;;
05.11.2021 11:59;12.3;7.7; 4.64 ; 5.25 ;122.4177625;14.5913242;;;;;
05.11.2021 12:59;12;8; 4.82 ; 5.25 ;127.1872857;14.5913242;;;;;
05.11.2021 13:59;13.9;6.1; 3.67 ; 5.25 ;96.98030537;14.5913242;;;;;
05.11.2021 14:59;14.2;5.8; 3.49 ; 5.25 ;92.21078215;14.5913242;;;;;
05.11.2021 15:59;13.6;6.4; 3.85 ; 5.25 ;101.7498286;14.5913242;;;;;
05.11.2021 16:59;12.7;7.3; 4.39 ; 5.25 ;116.0583982;14.5913242;;;;;
05.11.2021 17:59;11.9;8.1; 4.88 ; 5.25 ;128.7771268;14.5913242;;;;;
05.11.2021 18:59;11.1;8.9; 5.36 ; 5.25 ;141.4958554;14.5913242;;;;;
05.11.2021 19:59;10.3;9.7; 5.84 ; 5.25 ;154.2145839;14.5913242;;;;;
05.11.2021 20:59;9.4;10.6; 6.38 ; 5.25 ;168.5231536;14.5913242;;;;;
05.11.2021 21:59;8.6;11.4; 6.86 ; 5.25 ;181.2418822;14.5913242;;;;;
05.11.2021 22:59;7.8;12.2; 7.34 ; 5.25 ;193.9606107;14.5913242;;;;;
05.11.2021 23:59;7;13; 7.83 ; 5.25 ;206.6793393;14.5913242;;;;;
06.11.2021 00:59;6.2;13.8; 8.31 ; 5.25 ;219.3980679;14.5913242;;;;;
06.11.2021 01:59;5.3;14.7; 8.85 ; 5.25 ;233.7066375;14.5913242;;;;;
06.11.2021 02:59;4.9;15.1; 9.09 ; 5.25 ;240.0660018;14.5913242;;;;;
06.11.2021 03:59;4.5;15.5; 9.33 ; 5.25 ;246.4253661;14.5913242;;;;;
06.11.2021 04:59;4.2;15.8; 9.51 ; 5.25 ;251.1948893;14.5913242;;;;;
06.11.2021 05:59;4;16; 9.63 ; 5.25 ;254.3745715;14.5913242;;;;;
06.11.2021 06:59;4.2;15.8; 9.51 ; 5.25 ;251.1948893;14.5913242;;;;;
06.11.2021 07:59;6.7;13.3; 8.01 ; 5.25 ;211.4488625;14.5913242;;;;;
06.11.2021 08:59;9.1;10.9; 6.56 ; 5.25 ;173.2926768;14.5913242;;;;;
06.11.2021 09:59;11.4;8.6; 5.18 ; 5.25 ;136.7263322;14.5913242;;;;;
06.11.2021 10:59;13.2;6.8; 4.09 ; 5.25 ;108.1091929;14.5913242;;;;;
06.11.2021 11:59;14.6;5.4; 3.25 ; 5.25 ;85.85141787;14.5913242;;;;;
06.11.2021 12:59;15.4;4.6; 2.77 ; 5.25 ;73.1326893;14.5913242;;;;;
06.11.2021 13:59;15.4;4.6; 2.77 ; 5.25 ;73.1326893;14.5913242;;;;;
06.11.2021 14:59;14.6;5.4; 3.25 ; 5.25 ;85.85141787;14.5913242;;;;;
06.11.2021 15:59;12.9;7.1; 4.27 ; 5.25 ;112.8787161;14.5913242;;;;;
06.11.2021 16:59;11.9;8.1; 4.88 ; 5.25 ;128.7771268;14.5913242;;;;;
06.11.2021 17:59;11;9; 5.42 ; 5.25 ;143.0856964;14.5913242;;;;;
06.11.2021 18:59;10.1;9.9; 5.96 ; 5.25 ;157.3942661;14.5913242;;;;;
06.11.2021 19:59;9.1;10.9; 6.56 ; 5.25 ;173.2926768;14.5913242;;;;;
06.11.2021 20:59;8.2;11.8; 7.10 ; 5.25 ;187.6012465;14.5913242;;;;;
06.11.2021 21:59;7.3;12.7; 7.65 ; 5.25 ;201.9098161;14.5913242;;;;;
06.11.2021 22:59;6.3;13.7; 8.25 ; 5.25 ;217.8082268;14.5913242;;;;;
06.11.2021 23:59;5.5;14.5; 8.73 ; 5.25 ;230.5269554;14.5913242;;;;;
07.11.2021 00:59;4.7;15.3; 9.21 ; 5.25 ;243.245684;14.5913242;;;;;
07.11.2021 01:59;3.9;16.1; 9.69 ; 5.25 ;255.9644125;14.5913242;;;;;
07.11.2021 02:59;3.5;16.5; 9.93 ; 5.25 ;262.3237768;14.5913242;;;;;
07.11.2021 03:59;3;17; 10.23 ; 5.25 ;270.2729822;14.5913242;;;;;
07.11.2021 04:59;2.7;17.3; 10.42 ; 5.25 ;275.0425054;14.5913242;;;;;
07.11.2021 05:59;2.4;17.6; 10.60 ; 5.25 ;279.8120286;14.5913242;;;;;
07.11.2021 06:59;2.6;17.4; 10.48 ; 5.25 ;276.6323465;14.5913242;;;;;
07.11.2021 07:59;5.3;14.7; 8.85 ; 5.25 ;233.7066375;14.5913242;;;;;
07.11.2021 08:59;8.1;11.9; 7.16 ; 5.25 ;189.1910875;14.5913242;;;;;
07.11.2021 09:59;10.6;9.4; 5.66 ; 5.25 ;149.4450607;14.5913242;;;;;
07.11.2021 10:59;12.6;7.4; 4.46 ; 5.25 ;117.6482393;14.5913242;;;;;
07.11.2021 11:59;14;6; 3.61 ; 5.25 ;95.3904643;14.5913242;;;;;
07.11.2021 12:59;14.7;5.3; 3.19 ; 5.25 ;84.2615768;14.5913242;;;;;
07.11.2021 13:59;14.7;5.3; 3.19 ; 5.25 ;84.2615768;14.5913242;;;;;
07.11.2021 14:59;13.8;6.2; 3.73 ; 5.25 ;98.57014644;14.5913242;;;;;
07.11.2021 15:59;11.8;8.2; 4.94 ; 5.25 ;130.3669679;14.5913242;;;;;
07.11.2021 16:59;11;9; 5.42 ; 5.25 ;143.0856964;14.5913242;;;;;
07.11.2021 17:59;10.3;9.7; 5.84 ; 5.25 ;154.2145839;14.5913242;;;;;
07.11.2021 18:59;9.6;10.4; 6.26 ; 5.25 ;165.3434715;14.5913242;;;;;
07.11.2021 19:59;8.9;11.1; 6.68 ; 5.25 ;176.472359;14.5913242;;;;;
07.11.2021 20:59;8.2;11.8; 7.10 ; 5.25 ;187.6012465;14.5913242;;;;;
07.11.2021 21:59;7.4;12.6; 7.59 ; 5.25 ;200.319975;14.5913242;;;;;
07.11.2021 22:59;6.7;13.3; 8.01 ; 5.25 ;211.4488625;14.5913242;;;;;
07.11.2021 23:59;6.2;13.8; 8.31 ; 5.25 ;219.3980679;14.5913242;;;;;
08.11.2021 00:59;5.7;14.3; 8.61 ; 5.25 ;227.3472732;14.5913242;;;;;
08.11.2021 01:59;5.3;14.7; 8.85 ; 5.25 ;233.7066375;14.5913242;;;;;
08.11.2021 02:59;5;15; 9.03 ; 5.25 ;238.4761607;14.5913242;;;;;
08.11.2021 03:59;4.8;15.2; 9.15 ; 5.25 ;241.6558429;14.5913242;;;;;
08.11.2021 04:59;4.6;15.4; 9.27 ; 5.25 ;244.835525;14.5913242;;;;;
08.11.2021 05:59;4.5;15.5; 9.33 ; 5.25 ;246.4253661;14.5913242;;;;;
08.11.2021 06:59;4.7;15.3; 9.21 ; 5.25 ;243.245684;14.5913242;;;;;
08.11.2021 07:59;6.1;13.9; 8.37 ; 5.25 ;220.987909;14.5913242;;;;;
08.11.2021 08:59;7.5;12.5; 7.53 ; 5.25 ;198.730134;14.5913242;;;;;
08.11.2021 09:59;8.8;11.2; 6.74 ; 5.25 ;178.0622;14.5913242;;;;;
08.11.2021 10:59;9.8;10.2; 6.14 ; 5.25 ;162.1637893;14.5913242;;;;;
08.11.2021 11:59;10.7;9.3; 5.60 ; 5.25 ;147.8552197;14.5913242;;;;;
08.11.2021 12:59;10.9;9.1; 5.48 ; 5.25 ;144.6755375;14.5913242;;;;;
08.11.2021 13:59;10.5;9.5; 5.72 ; 5.25 ;151.0349018;14.5913242;;;;;
08.11.2021 14:59;9.7;10.3; 6.20 ; 5.25 ;163.7536304;14.5913242;;;;;
08.11.2021 15:59;8.8;11.2; 6.74 ; 5.25 ;178.0622;14.5913242;;;;;
08.11.2021 16:59;8.2;11.8; 7.10 ; 5.25 ;187.6012465;14.5913242;;;;;
08.11.2021 17:59;7.6;12.4; 7.47 ; 5.25 ;197.1402929;14.5913242;;;;;
08.11.2021 18:59;7;13; 7.83 ; 5.25 ;206.6793393;14.5913242;;;;;
08.11.2021 19:59;6.4;13.6; 8.19 ; 5.25 ;216.2183857;14.5913242;;;;;
08.11.2021 20:59;5.8;14.2; 8.55 ; 5.25 ;225.7574322;14.5913242;;;;;
08.11.2021 21:59;5.2;14.8; 8.91 ; 5.25 ;235.2964786;14.5913242;;;;;
08.11.2021 22:59;4.6;15.4; 9.27 ; 5.25 ;244.835525;14.5913242;;;;;
08.11.2021 23:59;4;16; 9.63 ; 5.25 ;254.3745715;14.5913242;;;;;
09.11.2021 00:59;3.3;16.7; 10.05 ; 5.25 ;265.503459;14.5913242;;;;;
09.11.2021 01:59;2.7;17.3; 10.42 ; 5.25 ;275.0425054;14.5913242;;;;;
09.11.2021 02:59;2.4;17.6; 10.60 ; 5.25 ;279.8120286;14.5913242;;;;;
09.11.2021 03:59;2;18; 10.84 ; 5.25 ;286.1713929;14.5913242;;;;;
09.11.2021 04:59;1.8;18.2; 10.96 ; 5.25 ;289.351075;14.5913242;;;;;
09.11.2021 05:59;1.5;18.5; 11.14 ; 5.25 ;294.1205983;14.5913242;;;;;
09.11.2021 06:59;1.7;18.3; 11.02 ; 5.25 ;290.9409161;14.5913242;;;;;
09.11.2021 07:59;3.7;16.3; 9.81 ; 5.25 ;259.1440947;14.5913242;;;;;
09.11.2021 08:59;5.9;14.1; 8.49 ; 5.25 ;224.1675911;14.5913242;;;;;
09.11.2021 09:59;7.9;12.1; 7.28 ; 5.25 ;192.3707697;14.5913242;;;;;
09.11.2021 10:59;9.6;10.4; 6.26 ; 5.25 ;165.3434715;14.5913242;;;;;
09.11.2021 11:59;11.3;8.7; 5.24 ; 5.25 ;138.3161732;14.5913242;;;;;
09.11.2021 12:59;12;8; 4.82 ; 5.25 ;127.1872857;14.5913242;;;;;
09.11.2021 13:59;12;8; 4.82 ; 5.25 ;127.1872857;14.5913242;;;;;
09.11.2021 14:59;11.1;8.9; 5.36 ; 5.25 ;141.4958554;14.5913242;;;;;
09.11.2021 15:59;9.4;10.6; 6.38 ; 5.25 ;168.5231536;14.5913242;;;;;
09.11.2021 16:59;8.8;11.2; 6.74 ; 5.25 ;178.0622;14.5913242;;;;;
09.11.2021 17:59;8.3;11.7; 7.04 ; 5.25 ;186.0114054;14.5913242;;;;;
09.11.2021 18:59;7.7;12.3; 7.41 ; 5.25 ;195.5504518;14.5913242;;;;;
09.11.2021 19:59;7.1;12.9; 7.77 ; 5.25 ;205.0894982;14.5913242;;;;;
09.11.2021 20:59;6.5;13.5; 8.13 ; 5.25 ;214.6285447;14.5913242;;;;;
09.11.2021 21:59;5.9;14.1; 8.49 ; 5.25 ;224.1675911;14.5913242;;;;;
09.11.2021 22:59;5.4;14.6; 8.79 ; 5.25 ;232.1167965;14.5913242;;;;;
09.11.2021 23:59;5;15; 9.03 ; 5.25 ;238.4761607;14.5913242;;;;;
10.11.2021 00:59;4.5;15.5; 9.33 ; 5.25 ;246.4253661;14.5913242;;;;;
10.11.2021 01:59;4.1;15.9; 9.57 ; 5.25 ;252.7847304;14.5913242;;;;;
10.11.2021 02:59;3.8;16.2; 9.75 ; 5.25 ;257.5542536;14.5913242;;;;;
10.11.2021 03:59;3.6;16.4; 9.87 ; 5.25 ;260.7339357;14.5913242;;;;;
10.11.2021 04:59;3.4;16.6; 9.99 ; 5.25 ;263.9136179;14.5913242;;;;;
10.11.2021 05:59;3.3;16.7; 10.05 ; 5.25 ;265.503459;14.5913242;;;;;
10.11.2021 06:59;3.3;16.7; 10.05 ; 5.25 ;265.503459;14.5913242;;;;;
10.11.2021 07:59;4;16; 9.63 ; 5.25 ;254.3745715;14.5913242;;;;;
10.11.2021 08:59;4.9;15.1; 9.09 ; 5.25 ;240.0660018;14.5913242;;;;;
10.11.2021 09:59;6;14; 8.43 ; 5.25 ;222.57775;14.5913242;;;;;
10.11.2021 10:59;6.9;13.1; 7.89 ; 5.25 ;208.2691804;14.5913242;;;;;
10.11.2021 11:59;7.6;12.4; 7.47 ; 5.25 ;197.1402929;14.5913242;;;;;
10.11.2021 12:59;8;12; 7.22 ; 5.25 ;190.7809286;14.5913242;;;;;
10.11.2021 13:59;8;12; 7.22 ; 5.25 ;190.7809286;14.5913242;;;;;
10.11.2021 14:59;7.6;12.4; 7.47 ; 5.25 ;197.1402929;14.5913242;;;;;
10.11.2021 15:59;6.8;13.2; 7.95 ; 5.25 ;209.8590215;14.5913242;;;;;
10.11.2021 16:59;6.5;13.5; 8.13 ; 5.25 ;214.6285447;14.5913242;;;;;
10.11.2021 17:59;6.2;13.8; 8.31 ; 5.25 ;219.3980679;14.5913242;;;;;
10.11.2021 18:59;5.9;14.1; 8.49 ; 5.25 ;224.1675911;14.5913242;;;;;
10.11.2021 19:59;5.6;14.4; 8.67 ; 5.25 ;228.9371143;14.5913242;;;;;
10.11.2021 20:59;5.3;14.7; 8.85 ; 5.25 ;233.7066375;14.5913242;;;;;
10.11.2021 21:59;5.1;14.9; 8.97 ; 5.25 ;236.8863197;14.5913242;;;;;
10.11.2021 22:59;4.8;15.2; 9.15 ; 5.25 ;241.6558429;14.5913242;;;;;
10.11.2021 23:59;4.6;15.4; 9.27 ; 5.25 ;244.835525;14.5913242;;;;;
11.11.2021 00:59;4.4;15.6; 9.39 ; 5.25 ;248.0152072;14.5913242;;;;;
11.11.2021 01:59;4.3;15.7; 9.45 ; 5.25 ;249.6050482;14.5913242;;;;;
11.11.2021 02:59;4.2;15.8; 9.51 ; 5.25 ;251.1948893;14.5913242;;;;;
11.11.2021 03:59;4.1;15.9; 9.57 ; 5.25 ;252.7847304;14.5913242;;;;;
11.11.2021 04:59;4.1;15.9; 9.57 ; 5.25 ;252.7847304;14.5913242;;;;;
11.11.2021 05:59;3.8;16.2; 9.75 ; 5.25 ;257.5542536;14.5913242;;;;;
11.11.2021 06:59;4;16; 9.63 ; 5.25 ;254.3745715;14.5913242;;;;;
11.11.2021 07:59;4.7;15.3; 9.21 ; 5.25 ;243.245684;14.5913242;;;;;
11.11.2021 08:59;5.3;14.7; 8.85 ; 5.25 ;233.7066375;14.5913242;;;;;
11.11.2021 09:59;6.1;13.9; 8.37 ; 5.25 ;220.987909;14.5913242;;;;;
11.11.2021 10:59;6.4;13.6; 8.19 ; 5.25 ;216.2183857;14.5913242;;;;;
11.11.2021 11:59;6.9;13.1; 7.89 ; 5.25 ;208.2691804;14.5913242;;;;;
11.11.2021 12:59;7.3;12.7; 7.65 ; 5.25 ;201.9098161;14.5913242;;;;;
11.11.2021 13:59;7.4;12.6; 7.59 ; 5.25 ;200.319975;14.5913242;;;;;
11.11.2021 14:59;7.3;12.7; 7.65 ; 5.25 ;201.9098161;14.5913242;;;;;
11.11.2021 15:59;6.8;13.2; 7.95 ; 5.25 ;209.8590215;14.5913242;;;;;
11.11.2021 16:59;6.6;13.4; 8.07 ; 5.25 ;213.0387036;14.5913242;;;;;
11.11.2021 17:59;6.3;13.7; 8.25 ; 5.25 ;217.8082268;14.5913242;;;;;
11.11.2021 18:59;6.1;13.9; 8.37 ; 5.25 ;220.987909;14.5913242;;;;;
11.11.2021 19:59;5.9;14.1; 8.49 ; 5.25 ;224.1675911;14.5913242;;;;;
11.11.2021 20:59;5.7;14.3; 8.61 ; 5.25 ;227.3472732;14.5913242;;;;;
11.11.2021 21:59;5.5;14.5; 8.73 ; 5.25 ;230.5269554;14.5913242;;;;;
11.11.2021 22:59;5.3;14.7; 8.85 ; 5.25 ;233.7066375;14.5913242;;;;;
11.11.2021 23:59;5.1;14.9; 8.97 ; 5.25 ;236.8863197;14.5913242;;;;;
12.11.2021 00:59;4.9;15.1; 9.09 ; 5.25 ;240.0660018;14.5913242;;;;;
12.11.2021 01:59;4.8;15.2; 9.15 ; 5.25 ;241.6558429;14.5913242;;;;;
12.11.2021 02:59;4.8;15.2; 9.15 ; 5.25 ;241.6558429;14.5913242;;;;;
12.11.2021 03:59;4.7;15.3; 9.21 ; 5.25 ;243.245684;14.5913242;;;;;
12.11.2021 04:59;4.7;15.3; 9.21 ; 5.25 ;243.245684;14.5913242;;;;;
12.11.2021 05:59;4.7;15.3; 9.21 ; 5.25 ;243.245684;14.5913242;;;;;
12.11.2021 06:59;4.8;15.2; 9.15 ; 5.25 ;241.6558429;14.5913242;;;;;
12.11.2021 07:59;5.5;14.5; 8.73 ; 5.25 ;230.5269554;14.5913242;;;;;
12.11.2021 08:59;6;14; 8.43 ; 5.25 ;222.57775;14.5913242;;;;;
12.11.2021 09:59;6.4;13.6; 8.19 ; 5.25 ;216.2183857;14.5913242;;;;;
12.11.2021 10:59;6.7;13.3; 8.01 ; 5.25 ;211.4488625;14.5913242;;;;;
12.11.2021 11:59;6.8;13.2; 7.95 ; 5.25 ;209.8590215;14.5913242;;;;;
12.11.2021 12:59;8.7;11.3; 6.80 ; 5.25 ;179.6520411;14.5913242;;;;;
12.11.2021 13:59;9.8;10.2; 6.14 ; 5.25 ;162.1637893;14.5913242;;;;;
12.11.2021 14:59;10.1;9.9; 5.96 ; 5.25 ;157.3942661;14.5913242;;;;;
12.11.2021 15:59;9.4;10.6; 6.38 ; 5.25 ;168.5231536;14.5913242;;;;;
12.11.2021 16:59;8.9;11.1; 6.68 ; 5.25 ;176.472359;14.5913242;;;;;
12.11.2021 17:59;8.4;11.6; 6.98 ; 5.25 ;184.4215643;14.5913242;;;;;
12.11.2021 18:59;7.8;12.2; 7.34 ; 5.25 ;193.9606107;14.5913242;;;;;
12.11.2021 19:59;7.3;12.7; 7.65 ; 5.25 ;201.9098161;14.5913242;;;;;
12.11.2021 20:59;6.8;13.2; 7.95 ; 5.25 ;209.8590215;14.5913242;;;;;
12.11.2021 21:59;6.3;13.7; 8.25 ; 5.25 ;217.8082268;14.5913242;;;;;
12.11.2021 22:59;5.7;14.3; 8.61 ; 5.25 ;227.3472732;14.5913242;;;;;
12.11.2021 23:59;5;15; 9.03 ; 5.25 ;238.4761607;14.5913242;;;;;
13.11.2021 00:59;4.3;15.7; 9.45 ; 5.25 ;249.6050482;14.5913242;;;;;
13.11.2021 01:59;3.5;16.5; 9.93 ; 5.25 ;262.3237768;14.5913242;;;;;
13.11.2021 02:59;3.1;16.9; 10.17 ; 5.25 ;268.6831411;14.5913242;;;;;
13.11.2021 03:59;2.7;17.3; 10.42 ; 5.25 ;275.0425054;14.5913242;;;;;
13.11.2021 04:59;2.4;17.6; 10.60 ; 5.25 ;279.8120286;14.5913242;;;;;
13.11.2021 05:59;2.1;17.9; 10.78 ; 5.25 ;284.5815518;14.5913242;;;;;
13.11.2021 06:59;2;18; 10.84 ; 5.25 ;286.1713929;14.5913242;;;;;
13.11.2021 07:59;3.4;16.6; 9.99 ; 5.25 ;263.9136179;14.5913242;;;;;
13.11.2021 08:59;5.2;14.8; 8.91 ; 5.25 ;235.2964786;14.5913242;;;;;
13.11.2021 09:59;7.1;12.9; 7.77 ; 5.25 ;205.0894982;14.5913242;;;;;
13.11.2021 10:59;8.1;11.9; 7.16 ; 5.25 ;189.1910875;14.5913242;;;;;
13.11.2021 11:59;8.8;11.2; 6.74 ; 5.25 ;178.0622;14.5913242;;;;;
13.11.2021 12:59;9.5;10.5; 6.32 ; 5.25 ;166.9333125;14.5913242;;;;;
13.11.2021 13:59;9.8;10.2; 6.14 ; 5.25 ;162.1637893;14.5913242;;;;;
13.11.2021 14:59;9.4;10.6; 6.38 ; 5.25 ;168.5231536;14.5913242;;;;;
13.11.2021 15:59;8;12; 7.22 ; 5.25 ;190.7809286;14.5913242;;;;;
13.11.2021 16:59;7.6;12.4; 7.47 ; 5.25 ;197.1402929;14.5913242;;;;;
13.11.2021 17:59;7.3;12.7; 7.65 ; 5.25 ;201.9098161;14.5913242;;;;;
13.11.2021 18:59;6.9;13.1; 7.89 ; 5.25 ;208.2691804;14.5913242;;;;;
13.11.2021 19:59;6.6;13.4; 8.07 ; 5.25 ;213.0387036;14.5913242;;;;;
13.11.2021 20:59;6.2;13.8; 8.31 ; 5.25 ;219.3980679;14.5913242;;;;;
13.11.2021 21:59;5.8;14.2; 8.55 ; 5.25 ;225.7574322;14.5913242;;;;;
13.11.2021 22:59;5.5;14.5; 8.73 ; 5.25 ;230.5269554;14.5913242;;;;;
13.11.2021 23:59;5.5;14.5; 8.73 ; 5.25 ;230.5269554;14.5913242;;;;;
14.11.2021 00:59;5.4;14.6; 8.79 ; 5.25 ;232.1167965;14.5913242;;;;;
14.11.2021 01:59;5.4;14.6; 8.79 ; 5.25 ;232.1167965;14.5913242;;;;;
14.11.2021 02:59;5.4;14.6; 8.79 ; 5.25 ;232.1167965;14.5913242;;;;;
14.11.2021 03:59;5.3;14.7; 8.85 ; 5.25 ;233.7066375;14.5913242;;;;;
14.11.2021 04:59;5.3;14.7; 8.85 ; 5.25 ;233.7066375;14.5913242;;;;;
14.11.2021 05:59;5.3;14.7; 8.85 ; 5.25 ;233.7066375;14.5913242;;;;;
14.11.2021 06:59;5.3;14.7; 8.85 ; 5.25 ;233.7066375;14.5913242;;;;;
14.11.2021 07:59;5.4;14.6; 8.79 ; 5.25 ;232.1167965;14.5913242;;;;;
14.11.2021 08:59;5.7;14.3; 8.61 ; 5.25 ;227.3472732;14.5913242;;;;;
14.11.2021 09:59;5.9;14.1; 8.49 ; 5.25 ;224.1675911;14.5913242;;;;;
14.11.2021 10:59;6.2;13.8; 8.31 ; 5.25 ;219.3980679;14.5913242;;;;;
14.11.2021 11:59;6.2;13.8; 8.31 ; 5.25 ;219.3980679;14.5913242;;;;;
14.11.2021 12:59;6.3;13.7; 8.25 ; 5.25 ;217.8082268;14.5913242;;;;;
14.11.2021 13:59;6.3;13.7; 8.25 ; 5.25 ;217.8082268;14.5913242;;;;;
14.11.2021 14:59;6.2;13.8; 8.31 ; 5.25 ;219.3980679;14.5913242;;;;;
14.11.2021 15:59;5.9;14.1; 8.49 ; 5.25 ;224.1675911;14.5913242;;;;;
14.11.2021 16:59;5.6;14.4; 8.67 ; 5.25 ;228.9371143;14.5913242;;;;;
14.11.2021 17:59;6.2;13.8; 8.31 ; 5.25 ;219.3980679;14.5913242;;;;;
14.11.2021 18:59;6.2;13.8; 8.31 ; 5.25 ;219.3980679;14.5913242;;;;;
14.11.2021 19:59;6;14; 8.43 ; 5.25 ;222.57775;14.5913242;;;;;
14.11.2021 20:59;5.3;14.7; 8.85 ; 5.25 ;233.7066375;14.5913242;;;;;
14.11.2021 21:59;6.4;13.6; 8.19 ; 5.25 ;216.2183857;14.5913242;;;;;
14.11.2021 22:59;6.3;13.7; 8.25 ; 5.25 ;217.8082268;14.5913242;;;;;
14.11.2021 23:59;6.2;13.8; 8.31 ; 5.25 ;219.3980679;14.5913242;;;;;
15.11.2021 00:59;6.4;13.6; 8.19 ; 5.25 ;216.2183857;14.5913242;;;;;
15.11.2021 01:59;6.4;13.6; 8.19 ; 5.25 ;216.2183857;14.5913242;;;;;
15.11.2021 02:59;6.6;13.4; 8.07 ; 5.25 ;213.0387036;14.5913242;;;;;
15.11.2021 03:59;6.7;13.3; 8.01 ; 5.25 ;211.4488625;14.5913242;;;;;
15.11.2021 04:59;6.8;13.2; 7.95 ; 5.25 ;209.8590215;14.5913242;;;;;
15.11.2021 05:59;6.8;13.2; 7.95 ; 5.25 ;209.8590215;14.5913242;;;;;
15.11.2021 06:59;6.8;13.2; 7.95 ; 5.25 ;209.8590215;14.5913242;;;;;
15.11.2021 07:59;7;13; 7.83 ; 5.25 ;206.6793393;14.5913242;;;;;
15.11.2021 08:59;7.3;12.7; 7.65 ; 5.25 ;201.9098161;14.5913242;;;;;
15.11.2021 09:59;7.6;12.4; 7.47 ; 5.25 ;197.1402929;14.5913242;;;;;
15.11.2021 10:59;7.8;12.2; 7.34 ; 5.25 ;193.9606107;14.5913242;;;;;
15.11.2021 11:59;8;12; 7.22 ; 5.25 ;190.7809286;14.5913242;;;;;
15.11.2021 12:59;8;12; 7.22 ; 5.25 ;190.7809286;14.5913242;;;;;
15.11.2021 13:59;8.1;11.9; 7.16 ; 5.25 ;189.1910875;14.5913242;;;;;
15.11.2021 14:59;7.4;12.6; 7.59 ; 5.25 ;200.319975;14.5913242;;;;;
15.11.2021 15:59;7.8;12.2; 7.34 ; 5.25 ;193.9606107;14.5913242;;;;;
15.11.2021 16:59;7.6;12.4; 7.47 ; 5.25 ;197.1402929;14.5913242;;;;;
15.11.2021 17:59;7.6;12.4; 7.47 ; 5.25 ;197.1402929;14.5913242;;;;;
15.11.2021 18:59;7.3;12.7; 7.65 ; 5.25 ;201.9098161;14.5913242;;;;;
15.11.2021 19:59;7.5;12.5; 7.53 ; 5.25 ;198.730134;14.5913242;;;;;
15.11.2021 20:59;5.8;14.2; 8.55 ; 5.25 ;225.7574322;14.5913242;;;;;
15.11.2021 21:59;7.5;12.5; 7.53 ; 5.25 ;198.730134;14.5913242;;;;;
15.11.2021 22:59;6.7;13.3; 8.01 ; 5.25 ;211.4488625;14.5913242;;;;;
15.11.2021 23:59;7.6;12.4; 7.47 ; 5.25 ;197.1402929;14.5913242;;;;;
16.11.2021 00:59;7.4;12.6; 7.59 ; 5.25 ;200.319975;14.5913242;;;;;
16.11.2021 01:59;6.6;13.4; 8.07 ; 5.25 ;213.0387036;14.5913242;;;;;
16.11.2021 02:59;7.1;12.9; 7.77 ; 5.25 ;205.0894982;14.5913242;;;;;
16.11.2021 03:59;7.4;12.6; 7.59 ; 5.25 ;200.319975;14.5913242;;;;;
16.11.2021 04:59;7.3;12.7; 7.65 ; 5.25 ;201.9098161;14.5913242;;;;;
16.11.2021 05:59;7.4;12.6; 7.59 ; 5.25 ;200.319975;14.5913242;;;;;
16.11.2021 06:59;7.4;12.6; 7.59 ; 5.25 ;200.319975;14.5913242;;;;;
16.11.2021 07:59;7.6;12.4; 7.47 ; 5.25 ;197.1402929;14.5913242;;;;;
16.11.2021 08:59;7.8;12.2; 7.34 ; 5.25 ;193.9606107;14.5913242;;;;;
16.11.2021 09:59;8;12; 7.22 ; 5.25 ;190.7809286;14.5913242;;;;;
16.11.2021 10:59;8.2;11.8; 7.10 ; 5.25 ;187.6012465;14.5913242;;;;;
16.11.2021 11:59;8.3;11.7; 7.04 ; 5.25 ;186.0114054;14.5913242;;;;;
16.11.2021 12:59;8.4;11.6; 6.98 ; 5.25 ;184.4215643;14.5913242;;;;;
16.11.2021 13:59;8.4;11.6; 6.98 ; 5.25 ;184.4215643;14.5913242;;;;;
16.11.2021 14:59;8.3;11.7; 7.04 ; 5.25 ;186.0114054;14.5913242;;;;;
16.11.2021 15:59;8.2;11.8; 7.10 ; 5.25 ;187.6012465;14.5913242;;;;;
16.11.2021 16:59;8.1;11.9; 7.16 ; 5.25 ;189.1910875;14.5913242;;;;;
16.11.2021 17:59;7.9;12.1; 7.28 ; 5.25 ;192.3707697;14.5913242;;;;;
16.11.2021 18:59;7.6;12.4; 7.47 ; 5.25 ;197.1402929;14.5913242;;;;;
16.11.2021 19:59;7.6;12.4; 7.47 ; 5.25 ;197.1402929;14.5913242;;;;;
16.11.2021 20:59;7.5;12.5; 7.53 ; 5.25 ;198.730134;14.5913242;;;;;
16.11.2021 21:59;7.4;12.6; 7.59 ; 5.25 ;200.319975;14.5913242;;;;;
16.11.2021 22:59;7.3;12.7; 7.65 ; 5.25 ;201.9098161;14.5913242;;;;;
16.11.2021 23:59;6.5;13.5; 8.13 ; 5.25 ;214.6285447;14.5913242;;;;;
17.11.2021 00:59;5.6;14.4; 8.67 ; 5.25 ;228.9371143;14.5913242;;;;;
17.11.2021 01:59;4.8;15.2; 9.15 ; 5.25 ;241.6558429;14.5913242;;;;;
17.11.2021 02:59;4.4;15.6; 9.39 ; 5.25 ;248.0152072;14.5913242;;;;;
17.11.2021 03:59;4;16; 9.63 ; 5.25 ;254.3745715;14.5913242;;;;;
17.11.2021 04:59;3.7;16.3; 9.81 ; 5.25 ;259.1440947;14.5913242;;;;;
17.11.2021 05:59;3.4;16.6; 9.99 ; 5.25 ;263.9136179;14.5913242;;;;;
17.11.2021 06:59;3.4;16.6; 9.99 ; 5.25 ;263.9136179;14.5913242;;;;;
17.11.2021 07:59;3.8;16.2; 9.75 ; 5.25 ;257.5542536;14.5913242;;;;;
17.11.2021 08:59;4.4;15.6; 9.39 ; 5.25 ;248.0152072;14.5913242;;;;;
17.11.2021 09:59;5;15; 9.03 ; 5.25 ;238.4761607;14.5913242;;;;;
17.11.2021 10:59;5.7;14.3; 8.61 ; 5.25 ;227.3472732;14.5913242;;;;;
17.11.2021 11:59;6.1;13.9; 8.37 ; 5.25 ;220.987909;14.5913242;;;;;
17.11.2021 12:59;5.9;14.1; 8.49 ; 5.25 ;224.1675911;14.5913242;;;;;
17.11.2021 13:59;5.8;14.2; 8.55 ; 5.25 ;225.7574322;14.5913242;;;;;
17.11.2021 14:59;5.3;14.7; 8.85 ; 5.25 ;233.7066375;14.5913242;;;;;
17.11.2021 15:59;4.8;15.2; 9.15 ; 5.25 ;241.6558429;14.5913242;;;;;
17.11.2021 16:59;4.4;15.6; 9.39 ; 5.25 ;248.0152072;14.5913242;;;;;
17.11.2021 17:59;4;16; 9.63 ; 5.25 ;254.3745715;14.5913242;;;;;
17.11.2021 18:59;3.6;16.4; 9.87 ; 5.25 ;260.7339357;14.5913242;;;;;
17.11.2021 19:59;3.2;16.8; 10.11 ; 5.25 ;267.0933;14.5913242;;;;;
17.11.2021 20:59;2.8;17.2; 10.36 ; 5.25 ;273.4526643;14.5913242;;;;;
17.11.2021 21:59;2.4;17.6; 10.60 ; 5.25 ;279.8120286;14.5913242;;;;;
17.11.2021 22:59;2;18; 10.84 ; 5.25 ;286.1713929;14.5913242;;;;;
17.11.2021 23:59;1.9;18.1; 10.90 ; 5.25 ;287.761234;14.5913242;;;;;
18.11.2021 00:59;1.8;18.2; 10.96 ; 5.25 ;289.351075;14.5913242;;;;;
18.11.2021 01:59;1.7;18.3; 11.02 ; 5.25 ;290.9409161;14.5913242;;;;;
18.11.2021 02:59;1.6;18.4; 11.08 ; 5.25 ;292.5307572;14.5913242;;;;;
18.11.2021 03:59;1.6;18.4; 11.08 ; 5.25 ;292.5307572;14.5913242;;;;;
18.11.2021 04:59;1.6;18.4; 11.08 ; 5.25 ;292.5307572;14.5913242;;;;;
18.11.2021 05:59;1.6;18.4; 11.08 ; 5.25 ;292.5307572;14.5913242;;;;;
18.11.2021 06:59;1.7;18.3; 11.02 ; 5.25 ;290.9409161;14.5913242;;;;;
18.11.2021 07:59;2.1;17.9; 10.78 ; 5.25 ;284.5815518;14.5913242;;;;;
18.11.2021 08:59;2.3;17.7; 10.66 ; 5.25 ;281.4018697;14.5913242;;;;;
18.11.2021 09:59;3.6;16.4; 9.87 ; 5.25 ;260.7339357;14.5913242;;;;;
18.11.2021 10:59;4.2;15.8; 9.51 ; 5.25 ;251.1948893;14.5913242;;;;;
18.11.2021 11:59;5.8;14.2; 8.55 ; 5.25 ;225.7574322;14.5913242;;;;;
18.11.2021 12:59;6.9;13.1; 7.89 ; 5.25 ;208.2691804;14.5913242;;;;;
18.11.2021 13:59;7.2;12.8; 7.71 ; 5.25 ;203.4996572;14.5913242;;;;;
18.11.2021 14:59;7.3;12.7; 7.65 ; 5.25 ;201.9098161;14.5913242;;;;;
18.11.2021 15:59;6.5;13.5; 8.13 ; 5.25 ;214.6285447;14.5913242;;;;;
18.11.2021 16:59;5.8;14.2; 8.55 ; 5.25 ;225.7574322;14.5913242;;;;;
18.11.2021 17:59;5.2;14.8; 8.91 ; 5.25 ;235.2964786;14.5913242;;;;;
18.11.2021 18:59;4.6;15.4; 9.27 ; 5.25 ;244.835525;14.5913242;;;;;
18.11.2021 19:59;4;16; 9.63 ; 5.25 ;254.3745715;14.5913242;;;;;
18.11.2021 20:59;3.4;16.6; 9.99 ; 5.25 ;263.9136179;14.5913242;;;;;
18.11.2021 21:59;2.8;17.2; 10.36 ; 5.25 ;273.4526643;14.5913242;;;;;
18.11.2021 22:59;2.2;17.8; 10.72 ; 5.25 ;282.9917108;14.5913242;;;;;
18.11.2021 23:59;1.3;18.7; 11.26 ; 5.25 ;297.3002804;14.5913242;;;;;
19.11.2021 00:59;0.4;19.6; 11.80 ; 5.25 ;311.60885;14.5913242;;;;;
19.11.2021 01:59;-0.6;20.6; 12.40 ; 5.25 ;327.5072608;14.5913242;;;;;
19.11.2021 02:59;-1.1;21.1; 12.70 ; 5.25 ;335.4564661;14.5913242;;;;;
19.11.2021 03:59;-1.7;21.7; 13.06 ; 5.25 ;344.9955125;14.5913242;;;;;
19.11.2021 04:59;-2.1;22.1; 13.31 ; 5.25 ;351.3548768;14.5913242;;;;;
19.11.2021 05:59;-2.5;22.5; 13.55 ; 5.25 ;357.7142411;14.5913242;;;;;
19.11.2021 06:59;-2.6;22.6; 13.61 ; 5.25 ;359.3040822;14.5913242;;;;;
19.11.2021 07:59;-1.7;21.7; 13.06 ; 5.25 ;344.9955125;14.5913242;;;;;
19.11.2021 08:59;-0.8;20.8; 12.52 ; 5.25 ;330.6869429;14.5913242;;;;;
19.11.2021 09:59;0;20; 12.04 ; 5.25 ;317.9682143;14.5913242;;;;;
19.11.2021 10:59;0.5;19.5; 11.74 ; 5.25 ;310.019009;14.5913242;;;;;
19.11.2021 11:59;0.9;19.1; 11.50 ; 5.25 ;303.6596447;14.5913242;;;;;
19.11.2021 12:59;1.1;18.9; 11.38 ; 5.25 ;300.4799625;14.5913242;;;;;
19.11.2021 13:59;1;19; 11.44 ; 5.25 ;302.0698036;14.5913242;;;;;
19.11.2021 14:59;0.5;19.5; 11.74 ; 5.25 ;310.019009;14.5913242;;;;;
19.11.2021 15:59;-0.3;20.3; 12.22 ; 5.25 ;322.7377375;14.5913242;;;;;
19.11.2021 16:59;-0.5;20.5; 12.34 ; 5.25 ;325.9174197;14.5913242;;;;;
19.11.2021 17:59;-0.7;20.7; 12.46 ; 5.25 ;329.0971018;14.5913242;;;;;
19.11.2021 18:59;-0.9;20.9; 12.58 ; 5.25 ;332.276784;14.5913242;;;;;
19.11.2021 19:59;-1;21; 12.64 ; 5.25 ;333.866625;14.5913242;;;;;
19.11.2021 20:59;-1.2;21.2; 12.76 ; 5.25 ;337.0463072;14.5913242;;;;;
19.11.2021 21:59;-1.4;21.4; 12.88 ; 5.25 ;340.2259893;14.5913242;;;;;
19.11.2021 22:59;-1.6;21.6; 13.00 ; 5.25 ;343.4056715;14.5913242;;;;;
19.11.2021 23:59;-1.3;21.3; 12.82 ; 5.25 ;338.6361483;14.5913242;;;;;
20.11.2021 00:59;-0.9;20.9; 12.58 ; 5.25 ;332.276784;14.5913242;;;;;
20.11.2021 01:59;-0.6;20.6; 12.40 ; 5.25 ;327.5072608;14.5913242;;;;;
20.11.2021 02:59;-0.4;20.4; 12.28 ; 5.25 ;324.3275786;14.5913242;;;;;
20.11.2021 03:59;-0.2;20.2; 12.16 ; 5.25 ;321.1478965;14.5913242;;;;;
20.11.2021 04:59;-0.1;20.1; 12.10 ; 5.25 ;319.5580554;14.5913242;;;;;
20.11.2021 05:59;0.1;19.9; 11.98 ; 5.25 ;316.3783733;14.5913242;;;;;
20.11.2021 06:59;0.2;19.8; 11.92 ; 5.25 ;314.7885322;14.5913242;;;;;
20.11.2021 07:59;1.8;18.2; 10.96 ; 5.25 ;289.351075;14.5913242;;;;;
20.11.2021 08:59;3.6;16.4; 9.87 ; 5.25 ;260.7339357;14.5913242;;;;;
20.11.2021 09:59;4.2;15.8; 9.51 ; 5.25 ;251.1948893;14.5913242;;;;;
20.11.2021 10:59;4.6;15.4; 9.27 ; 5.25 ;244.835525;14.5913242;;;;;
20.11.2021 11:59;4.6;15.4; 9.27 ; 5.25 ;244.835525;14.5913242;;;;;
20.11.2021 12:59;5.3;14.7; 8.85 ; 5.25 ;233.7066375;14.5913242;;;;;
20.11.2021 13:59;5.9;14.1; 8.49 ; 5.25 ;224.1675911;14.5913242;;;;;
20.11.2021 14:59;5.7;14.3; 8.61 ; 5.25 ;227.3472732;14.5913242;;;;;
20.11.2021 15:59;4.8;15.2; 9.15 ; 5.25 ;241.6558429;14.5913242;;;;;
20.11.2021 16:59;4.8;15.2; 9.15 ; 5.25 ;241.6558429;14.5913242;;;;;
20.11.2021 17:59;4.8;15.2; 9.15 ; 5.25 ;241.6558429;14.5913242;;;;;
20.11.2021 18:59;4.7;15.3; 9.21 ; 5.25 ;243.245684;14.5913242;;;;;
20.11.2021 19:59;4.7;15.3; 9.21 ; 5.25 ;243.245684;14.5913242;;;;;
20.11.2021 20:59;4.7;15.3; 9.21 ; 5.25 ;243.245684;14.5913242;;;;;
20.11.2021 21:59;4.6;15.4; 9.27 ; 5.25 ;244.835525;14.5913242;;;;;
20.11.2021 22:59;4.6;15.4; 9.27 ; 5.25 ;244.835525;14.5913242;;;;;
20.11.2021 23:59;4.4;15.6; 9.39 ; 5.25 ;248.0152072;14.5913242;;;;;
21.11.2021 00:59;4.2;15.8; 9.51 ; 5.25 ;251.1948893;14.5913242;;;;;
21.11.2021 01:59;4;16; 9.63 ; 5.25 ;254.3745715;14.5913242;;;;;
21.11.2021 02:59;3.9;16.1; 9.69 ; 5.25 ;255.9644125;14.5913242;;;;;
21.11.2021 03:59;3.7;16.3; 9.81 ; 5.25 ;259.1440947;14.5913242;;;;;
21.11.2021 04:59;3.5;16.5; 9.93 ; 5.25 ;262.3237768;14.5913242;;;;;
21.11.2021 05:59;3.6;16.4; 9.87 ; 5.25 ;260.7339357;14.5913242;;;;;
21.11.2021 06:59;3.6;16.4; 9.87 ; 5.25 ;260.7339357;14.5913242;;;;;
21.11.2021 07:59;3.7;16.3; 9.81 ; 5.25 ;259.1440947;14.5913242;;;;;
21.11.2021 08:59;4.1;15.9; 9.57 ; 5.25 ;252.7847304;14.5913242;;;;;
21.11.2021 09:59;4.3;15.7; 9.45 ; 5.25 ;249.6050482;14.5913242;;;;;
21.11.2021 10:59;4.5;15.5; 9.33 ; 5.25 ;246.4253661;14.5913242;;;;;
21.11.2021 11:59;4.7;15.3; 9.21 ; 5.25 ;243.245684;14.5913242;;;;;
21.11.2021 12:59;4.7;15.3; 9.21 ; 5.25 ;243.245684;14.5913242;;;;;
21.11.2021 13:59;4.7;15.3; 9.21 ; 5.25 ;243.245684;14.5913242;;;;;
21.11.2021 14:59;4.6;15.4; 9.27 ; 5.25 ;244.835525;14.5913242;;;;;
21.11.2021 15:59;4.4;15.6; 9.39 ; 5.25 ;248.0152072;14.5913242;;;;;
21.11.2021 16:59;4.2;15.8; 9.51 ; 5.25 ;251.1948893;14.5913242;;;;;
21.11.2021 17:59;4;16; 9.63 ; 5.25 ;254.3745715;14.5913242;;;;;
21.11.2021 18:59;3.8;16.2; 9.75 ; 5.25 ;257.5542536;14.5913242;;;;;
21.11.2021 19:59;3.6;16.4; 9.87 ; 5.25 ;260.7339357;14.5913242;;;;;
21.11.2021 20:59;3.4;16.6; 9.99 ; 5.25 ;263.9136179;14.5913242;;;;;
21.11.2021 21:59;2.5;17.5; 10.54 ; 5.25 ;278.2221875;14.5913242;;;;;
21.11.2021 22:59;2.7;17.3; 10.42 ; 5.25 ;275.0425054;14.5913242;;;;;
21.11.2021 23:59;2.7;17.3; 10.42 ; 5.25 ;275.0425054;14.5913242;;;;;
22.11.2021 00:59;2.3;17.7; 10.66 ; 5.25 ;281.4018697;14.5913242;;;;;
22.11.2021 01:59;2;18; 10.84 ; 5.25 ;286.1713929;14.5913242;;;;;
22.11.2021 02:59;1.8;18.2; 10.96 ; 5.25 ;289.351075;14.5913242;;;;;
22.11.2021 03:59;1.6;18.4; 11.08 ; 5.25 ;292.5307572;14.5913242;;;;;
22.11.2021 04:59;1.4;18.6; 11.20 ; 5.25 ;295.7104393;14.5913242;;;;;
22.11.2021 05:59;1.3;18.7; 11.26 ; 5.25 ;297.3002804;14.5913242;;;;;
22.11.2021 06:59;1.3;18.7; 11.26 ; 5.25 ;297.3002804;14.5913242;;;;;
22.11.2021 07:59;1.6;18.4; 11.08 ; 5.25 ;292.5307572;14.5913242;;;;;
22.11.2021 08:59;2.2;17.8; 10.72 ; 5.25 ;282.9917108;14.5913242;;;;;
22.11.2021 09:59;2.6;17.4; 10.48 ; 5.25 ;276.6323465;14.5913242;;;;;
22.11.2021 10:59;3;17; 10.23 ; 5.25 ;270.2729822;14.5913242;;;;;
22.11.2021 11:59;3.3;16.7; 10.05 ; 5.25 ;265.503459;14.5913242;;;;;
22.11.2021 12:59;3.4;16.6; 9.99 ; 5.25 ;263.9136179;14.5913242;;;;;
22.11.2021 13:59;3.4;16.6; 9.99 ; 5.25 ;263.9136179;14.5913242;;;;;
22.11.2021 14:59;3.2;16.8; 10.11 ; 5.25 ;267.0933;14.5913242;;;;;
22.11.2021 15:59;2.8;17.2; 10.36 ; 5.25 ;273.4526643;14.5913242;;;;;
22.11.2021 16:59;2.6;17.4; 10.48 ; 5.25 ;276.6323465;14.5913242;;;;;
22.11.2021 17:59;2.4;17.6; 10.60 ; 5.25 ;279.8120286;14.5913242;;;;;
22.11.2021 18:59;2.3;17.7; 10.66 ; 5.25 ;281.4018697;14.5913242;;;;;
22.11.2021 19:59;2.1;17.9; 10.78 ; 5.25 ;284.5815518;14.5913242;;;;;
22.11.2021 20:59;1.9;18.1; 10.90 ; 5.25 ;287.761234;14.5913242;;;;;
22.11.2021 21:59;1.7;18.3; 11.02 ; 5.25 ;290.9409161;14.5913242;;;;;
22.11.2021 22:59;1.3;18.7; 11.26 ; 5.25 ;297.3002804;14.5913242;;;;;
22.11.2021 23:59;1.5;18.5; 11.14 ; 5.25 ;294.1205983;14.5913242;;;;;
23.11.2021 00:59;1.5;18.5; 11.14 ; 5.25 ;294.1205983;14.5913242;;;;;
23.11.2021 01:59;1.5;18.5; 11.14 ; 5.25 ;294.1205983;14.5913242;;;;;
23.11.2021 02:59;1.5;18.5; 11.14 ; 5.25 ;294.1205983;14.5913242;;;;;
23.11.2021 03:59;1.5;18.5; 11.14 ; 5.25 ;294.1205983;14.5913242;;;;;
23.11.2021 04:59;1.6;18.4; 11.08 ; 5.25 ;292.5307572;14.5913242;;;;;
23.11.2021 05:59;1.6;18.4; 11.08 ; 5.25 ;292.5307572;14.5913242;;;;;
23.11.2021 06:59;1.6;18.4; 11.08 ; 5.25 ;292.5307572;14.5913242;;;;;
23.11.2021 07:59;2;18; 10.84 ; 5.25 ;286.1713929;14.5913242;;;;;
23.11.2021 08:59;2.5;17.5; 10.54 ; 5.25 ;278.2221875;14.5913242;;;;;
23.11.2021 09:59;2.9;17.1; 10.29 ; 5.25 ;271.8628233;14.5913242;;;;;
23.11.2021 10:59;3.1;16.9; 10.17 ; 5.25 ;268.6831411;14.5913242;;;;;
23.11.2021 11:59;3.2;16.8; 10.11 ; 5.25 ;267.0933;14.5913242;;;;;
23.11.2021 12:59;4.7;15.3; 9.21 ; 5.25 ;243.245684;14.5913242;;;;;
23.11.2021 13:59;5.6;14.4; 8.67 ; 5.25 ;228.9371143;14.5913242;;;;;
23.11.2021 14:59;5.8;14.2; 8.55 ; 5.25 ;225.7574322;14.5913242;;;;;
23.11.2021 15:59;5.2;14.8; 8.91 ; 5.25 ;235.2964786;14.5913242;;;;;
23.11.2021 16:59;5;15; 9.03 ; 5.25 ;238.4761607;14.5913242;;;;;
23.11.2021 17:59;4.8;15.2; 9.15 ; 5.25 ;241.6558429;14.5913242;;;;;
23.11.2021 18:59;4.7;15.3; 9.21 ; 5.25 ;243.245684;14.5913242;;;;;
23.11.2021 19:59;4.5;15.5; 9.33 ; 5.25 ;246.4253661;14.5913242;;;;;
23.11.2021 20:59;4.3;15.7; 9.45 ; 5.25 ;249.6050482;14.5913242;;;;;
23.11.2021 21:59;4.1;15.9; 9.57 ; 5.25 ;252.7847304;14.5913242;;;;;
23.11.2021 22:59;4;16; 9.63 ; 5.25 ;254.3745715;14.5913242;;;;;
23.11.2021 23:59;3.7;16.3; 9.81 ; 5.25 ;259.1440947;14.5913242;;;;;
24.11.2021 00:59;3.4;16.6; 9.99 ; 5.25 ;263.9136179;14.5913242;;;;;
24.11.2021 01:59;3.1;16.9; 10.17 ; 5.25 ;268.6831411;14.5913242;;;;;
24.11.2021 02:59;2.9;17.1; 10.29 ; 5.25 ;271.8628233;14.5913242;;;;;
24.11.2021 03:59;2.8;17.2; 10.36 ; 5.25 ;273.4526643;14.5913242;;;;;
24.11.2021 04:59;2.7;17.3; 10.42 ; 5.25 ;275.0425054;14.5913242;;;;;
24.11.2021 05:59;2.6;17.4; 10.48 ; 5.25 ;276.6323465;14.5913242;;;;;
24.11.2021 06:59;2.7;17.3; 10.42 ; 5.25 ;275.0425054;14.5913242;;;;;
24.11.2021 07:59;3.5;16.5; 9.93 ; 5.25 ;262.3237768;14.5913242;;;;;
24.11.2021 08:59;4.7;15.3; 9.21 ; 5.25 ;243.245684;14.5913242;;;;;
24.11.2021 09:59;5.9;14.1; 8.49 ; 5.25 ;224.1675911;14.5913242;;;;;
24.11.2021 10:59;7;13; 7.83 ; 5.25 ;206.6793393;14.5913242;;;;;
24.11.2021 11:59;7.7;12.3; 7.41 ; 5.25 ;195.5504518;14.5913242;;;;;
24.11.2021 12:59;7.9;12.1; 7.28 ; 5.25 ;192.3707697;14.5913242;;;;;
24.11.2021 13:59;7.9;12.1; 7.28 ; 5.25 ;192.3707697;14.5913242;;;;;
24.11.2021 14:59;7.4;12.6; 7.59 ; 5.25 ;200.319975;14.5913242;;;;;
24.11.2021 15:59;6.6;13.4; 8.07 ; 5.25 ;213.0387036;14.5913242;;;;;
24.11.2021 16:59;6;14; 8.43 ; 5.25 ;222.57775;14.5913242;;;;;
24.11.2021 17:59;5.4;14.6; 8.79 ; 5.25 ;232.1167965;14.5913242;;;;;
24.11.2021 18:59;4.9;15.1; 9.09 ; 5.25 ;240.0660018;14.5913242;;;;;
24.11.2021 19:59;4.4;15.6; 9.39 ; 5.25 ;248.0152072;14.5913242;;;;;
24.11.2021 20:59;3.8;16.2; 9.75 ; 5.25 ;257.5542536;14.5913242;;;;;
24.11.2021 21:59;3.3;16.7; 10.05 ; 5.25 ;265.503459;14.5913242;;;;;
24.11.2021 22:59;2.8;17.2; 10.36 ; 5.25 ;273.4526643;14.5913242;;;;;
24.11.2021 23:59;2.2;17.8; 10.72 ; 5.25 ;282.9917108;14.5913242;;;;;
25.11.2021 00:59;1.5;18.5; 11.14 ; 5.25 ;294.1205983;14.5913242;;;;;
25.11.2021 01:59;0.8;19.2; 11.56 ; 5.25 ;305.2494858;14.5913242;;;;;
25.11.2021 02:59;0.5;19.5; 11.74 ; 5.25 ;310.019009;14.5913242;;;;;
25.11.2021 03:59;0.1;19.9; 11.98 ; 5.25 ;316.3783733;14.5913242;;;;;
25.11.2021 04:59;-0.1;20.1; 12.10 ; 5.25 ;319.5580554;14.5913242;;;;;
25.11.2021 05:59;-0.4;20.4; 12.28 ; 5.25 ;324.3275786;14.5913242;;;;;
25.11.2021 06:59;-0.4;20.4; 12.28 ; 5.25 ;324.3275786;14.5913242;;;;;
25.11.2021 07:59;0.4;19.6; 11.80 ; 5.25 ;311.60885;14.5913242;;;;;
25.11.2021 08:59;1.7;18.3; 11.02 ; 5.25 ;290.9409161;14.5913242;;;;;
25.11.2021 09:59;2.9;17.1; 10.29 ; 5.25 ;271.8628233;14.5913242;;;;;
25.11.2021 10:59;3.7;16.3; 9.81 ; 5.25 ;259.1440947;14.5913242;;;;;
25.11.2021 11:59;4.1;15.9; 9.57 ; 5.25 ;252.7847304;14.5913242;;;;;
25.11.2021 12:59;4.2;15.8; 9.51 ; 5.25 ;251.1948893;14.5913242;;;;;
25.11.2021 13:59;4.1;15.9; 9.57 ; 5.25 ;252.7847304;14.5913242;;;;;
25.11.2021 14:59;3.5;16.5; 9.93 ; 5.25 ;262.3237768;14.5913242;;;;;
25.11.2021 15:59;2.7;17.3; 10.42 ; 5.25 ;275.0425054;14.5913242;;;;;
25.11.2021 16:59;2.4;17.6; 10.60 ; 5.25 ;279.8120286;14.5913242;;;;;
25.11.2021 17:59;2;18; 10.84 ; 5.25 ;286.1713929;14.5913242;;;;;
25.11.2021 18:59;1.7;18.3; 11.02 ; 5.25 ;290.9409161;14.5913242;;;;;
25.11.2021 19:59;1.3;18.7; 11.26 ; 5.25 ;297.3002804;14.5913242;;;;;
25.11.2021 20:59;1;19; 11.44 ; 5.25 ;302.0698036;14.5913242;;;;;
25.11.2021 21:59;0.7;19.3; 11.62 ; 5.25 ;306.8393268;14.5913242;;;;;
25.11.2021 22:59;0.3;19.7; 11.86 ; 5.25 ;313.1986911;14.5913242;;;;;
25.11.2021 23:59;0.2;19.8; 11.92 ; 5.25 ;314.7885322;14.5913242;;;;;
26.11.2021 00:59;0.1;19.9; 11.98 ; 5.25 ;316.3783733;14.5913242;;;;;
26.11.2021 01:59;0;20; 12.04 ; 5.25 ;317.9682143;14.5913242;;;;;
26.11.2021 02:59;-0.3;20.3; 12.22 ; 5.25 ;322.7377375;14.5913242;;;;;
26.11.2021 03:59;-0.7;20.7; 12.46 ; 5.25 ;329.0971018;14.5913242;;;;;
26.11.2021 04:59;-0.3;20.3; 12.22 ; 5.25 ;322.7377375;14.5913242;;;;;
26.11.2021 05:59;-0.2;20.2; 12.16 ; 5.25 ;321.1478965;14.5913242;;;;;
26.11.2021 06:59;-0.2;20.2; 12.16 ; 5.25 ;321.1478965;14.5913242;;;;;
26.11.2021 07:59;0.1;19.9; 11.98 ; 5.25 ;316.3783733;14.5913242;;;;;
26.11.2021 08:59;0.5;19.5; 11.74 ; 5.25 ;310.019009;14.5913242;;;;;
26.11.2021 09:59;0.9;19.1; 11.50 ; 5.25 ;303.6596447;14.5913242;;;;;
26.11.2021 10:59;1.3;18.7; 11.26 ; 5.25 ;297.3002804;14.5913242;;;;;
26.11.2021 11:59;1.5;18.5; 11.14 ; 5.25 ;294.1205983;14.5913242;;;;;
26.11.2021 12:59;1.7;18.3; 11.02 ; 5.25 ;290.9409161;14.5913242;;;;;
26.11.2021 13:59;1.6;18.4; 11.08 ; 5.25 ;292.5307572;14.5913242;;;;;
26.11.2021 14:59;1.5;18.5; 11.14 ; 5.25 ;294.1205983;14.5913242;;;;;
26.11.2021 15:59;1.2;18.8; 11.32 ; 5.25 ;298.8901215;14.5913242;;;;;
26.11.2021 16:59;1;19; 11.44 ; 5.25 ;302.0698036;14.5913242;;;;;
26.11.2021 17:59;0.8;19.2; 11.56 ; 5.25 ;305.2494858;14.5913242;;;;;
26.11.2021 18:59;0.5;19.5; 11.74 ; 5.25 ;310.019009;14.5913242;;;;;
26.11.2021 19:59;0.3;19.7; 11.86 ; 5.25 ;313.1986911;14.5913242;;;;;
26.11.2021 20:59;0.1;19.9; 11.98 ; 5.25 ;316.3783733;14.5913242;;;;;
26.11.2021 21:59;-0.2;20.2; 12.16 ; 5.25 ;321.1478965;14.5913242;;;;;
26.11.2021 22:59;-0.4;20.4; 12.28 ; 5.25 ;324.3275786;14.5913242;;;;;
26.11.2021 23:59;-0.9;20.9; 12.58 ; 5.25 ;332.276784;14.5913242;;;;;
27.11.2021 00:59;-1.4;21.4; 12.88 ; 5.25 ;340.2259893;14.5913242;;;;;
27.11.2021 01:59;-2;22; 13.24 ; 5.25 ;349.7650358;14.5913242;;;;;
27.11.2021 02:59;-2.4;22.4; 13.49 ; 5.25 ;356.1244;14.5913242;;;;;
27.11.2021 03:59;-2.7;22.7; 13.67 ; 5.25 ;360.8939233;14.5913242;;;;;
27.11.2021 04:59;-3;23; 13.85 ; 5.25 ;365.6634465;14.5913242;;;;;
27.11.2021 05:59;-3.2;23.2; 13.97 ; 5.25 ;368.8431286;14.5913242;;;;;
27.11.2021 06:59;-3.3;23.3; 14.03 ; 5.25 ;370.4329697;14.5913242;;;;;
27.11.2021 07:59;-2.9;22.9; 13.79 ; 5.25 ;364.0736054;14.5913242;;;;;
27.11.2021 08:59;-2.1;22.1; 13.31 ; 5.25 ;351.3548768;14.5913242;;;;;
27.11.2021 09:59;-1.7;21.7; 13.06 ; 5.25 ;344.9955125;14.5913242;;;;;
27.11.2021 10:59;-1.5;21.5; 12.94 ; 5.25 ;341.8158304;14.5913242;;;;;
27.11.2021 11:59;-0.1;20.1; 12.10 ; 5.25 ;319.5580554;14.5913242;;;;;
27.11.2021 12:59;0.4;19.6; 11.80 ; 5.25 ;311.60885;14.5913242;;;;;
27.11.2021 13:59;0;20; 12.04 ; 5.25 ;317.9682143;14.5913242;;;;;
27.11.2021 14:59;-0.5;20.5; 12.34 ; 5.25 ;325.9174197;14.5913242;;;;;
27.11.2021 15:59;-1.3;21.3; 12.82 ; 5.25 ;338.6361483;14.5913242;;;;;
27.11.2021 16:59;-1.5;21.5; 12.94 ; 5.25 ;341.8158304;14.5913242;;;;;
27.11.2021 17:59;-1.7;21.7; 13.06 ; 5.25 ;344.9955125;14.5913242;;;;;
27.11.2021 18:59;-1.9;21.9; 13.18 ; 5.25 ;348.1751947;14.5913242;;;;;
27.11.2021 19:59;-2.1;22.1; 13.31 ; 5.25 ;351.3548768;14.5913242;;;;;
27.11.2021 20:59;-2.3;22.3; 13.43 ; 5.25 ;354.534559;14.5913242;;;;;
27.11.2021 21:59;-2.5;22.5; 13.55 ; 5.25 ;357.7142411;14.5913242;;;;;
27.11.2021 22:59;-2.7;22.7; 13.67 ; 5.25 ;360.8939233;14.5913242;;;;;
27.11.2021 23:59;-2.5;22.5; 13.55 ; 5.25 ;357.7142411;14.5913242;;;;;
28.11.2021 00:59;-2.3;22.3; 13.43 ; 5.25 ;354.534559;14.5913242;;;;;
28.11.2021 01:59;-2;22; 13.24 ; 5.25 ;349.7650358;14.5913242;;;;;
28.11.2021 02:59;-1.9;21.9; 13.18 ; 5.25 ;348.1751947;14.5913242;;;;;
28.11.2021 03:59;-1.7;21.7; 13.06 ; 5.25 ;344.9955125;14.5913242;;;;;
28.11.2021 04:59;-1.6;21.6; 13.00 ; 5.25 ;343.4056715;14.5913242;;;;;
28.11.2021 05:59;-1.5;21.5; 12.94 ; 5.25 ;341.8158304;14.5913242;;;;;
28.11.2021 06:59;-1.4;21.4; 12.88 ; 5.25 ;340.2259893;14.5913242;;;;;
28.11.2021 07:59;-0.6;20.6; 12.40 ; 5.25 ;327.5072608;14.5913242;;;;;
28.11.2021 08:59;0.6;19.4; 11.68 ; 5.25 ;308.4291679;14.5913242;;;;;
28.11.2021 09:59;1.9;18.1; 10.90 ; 5.25 ;287.761234;14.5913242;;;;;
28.11.2021 10:59;2.9;17.1; 10.29 ; 5.25 ;271.8628233;14.5913242;;;;;
28.11.2021 11:59;3.6;16.4; 9.87 ; 5.25 ;260.7339357;14.5913242;;;;;
28.11.2021 12:59;4;16; 9.63 ; 5.25 ;254.3745715;14.5913242;;;;;
28.11.2021 13:59;4;16; 9.63 ; 5.25 ;254.3745715;14.5913242;;;;;
28.11.2021 14:59;3.5;16.5; 9.93 ; 5.25 ;262.3237768;14.5913242;;;;;
28.11.2021 15:59;2.7;17.3; 10.42 ; 5.25 ;275.0425054;14.5913242;;;;;
28.11.2021 16:59;2.7;17.3; 10.42 ; 5.25 ;275.0425054;14.5913242;;;;;
28.11.2021 17:59;2.6;17.4; 10.48 ; 5.25 ;276.6323465;14.5913242;;;;;
28.11.2021 18:59;2.6;17.4; 10.48 ; 5.25 ;276.6323465;14.5913242;;;;;
28.11.2021 19:59;2.5;17.5; 10.54 ; 5.25 ;278.2221875;14.5913242;;;;;
28.11.2021 20:59;2.4;17.6; 10.60 ; 5.25 ;279.8120286;14.5913242;;;;;
28.11.2021 21:59;2.4;17.6; 10.60 ; 5.25 ;279.8120286;14.5913242;;;;;
28.11.2021 22:59;2.3;17.7; 10.66 ; 5.25 ;281.4018697;14.5913242;;;;;
28.11.2021 23:59;2.1;17.9; 10.78 ; 5.25 ;284.5815518;14.5913242;;;;;
29.11.2021 00:59;1.8;18.2; 10.96 ; 5.25 ;289.351075;14.5913242;;;;;
29.11.2021 01:59;1.5;18.5; 11.14 ; 5.25 ;294.1205983;14.5913242;;;;;
29.11.2021 02:59;1.4;18.6; 11.20 ; 5.25 ;295.7104393;14.5913242;;;;;
29.11.2021 03:59;1.2;18.8; 11.32 ; 5.25 ;298.8901215;14.5913242;;;;;
29.11.2021 04:59;1.1;18.9; 11.38 ; 5.25 ;300.4799625;14.5913242;;;;;
29.11.2021 05:59;1;19; 11.44 ; 5.25 ;302.0698036;14.5913242;;;;;
29.11.2021 06:59;1;19; 11.44 ; 5.25 ;302.0698036;14.5913242;;;;;
29.11.2021 07:59;1.5;18.5; 11.14 ; 5.25 ;294.1205983;14.5913242;;;;;
29.11.2021 08:59;2.3;17.7; 10.66 ; 5.25 ;281.4018697;14.5913242;;;;;
29.11.2021 09:59;3.2;16.8; 10.11 ; 5.25 ;267.0933;14.5913242;;;;;
29.11.2021 10:59;4;16; 9.63 ; 5.25 ;254.3745715;14.5913242;;;;;
29.11.2021 11:59;4.4;15.6; 9.39 ; 5.25 ;248.0152072;14.5913242;;;;;
29.11.2021 12:59;4.6;15.4; 9.27 ; 5.25 ;244.835525;14.5913242;;;;;
29.11.2021 13:59;4.6;15.4; 9.27 ; 5.25 ;244.835525;14.5913242;;;;;
29.11.2021 14:59;4.3;15.7; 9.45 ; 5.25 ;249.6050482;14.5913242;;;;;
29.11.2021 15:59;3.7;16.3; 9.81 ; 5.25 ;259.1440947;14.5913242;;;;;
29.11.2021 16:59;3.4;16.6; 9.99 ; 5.25 ;263.9136179;14.5913242;;;;;
29.11.2021 17:59;3.2;16.8; 10.11 ; 5.25 ;267.0933;14.5913242;;;;;
29.11.2021 18:59;3;17; 10.23 ; 5.25 ;270.2729822;14.5913242;;;;;
29.11.2021 19:59;2.7;17.3; 10.42 ; 5.25 ;275.0425054;14.5913242;;;;;
29.11.2021 20:59;2.5;17.5; 10.54 ; 5.25 ;278.2221875;14.5913242;;;;;
29.11.2021 21:59;2.2;17.8; 10.72 ; 5.25 ;282.9917108;14.5913242;;;;;
29.11.2021 22:59;2;18; 10.84 ; 5.25 ;286.1713929;14.5913242;;;;;
29.11.2021 23:59;1.8;18.2; 10.96 ; 5.25 ;289.351075;14.5913242;;;;;
30.11.2021 00:59;1.6;18.4; 11.08 ; 5.25 ;292.5307572;14.5913242;;;;;
30.11.2021 01:59;1.4;18.6; 11.20 ; 5.25 ;295.7104393;14.5913242;;;;;
30.11.2021 02:59;1.3;18.7; 11.26 ; 5.25 ;297.3002804;14.5913242;;;;;
30.11.2021 03:59;1.2;18.8; 11.32 ; 5.25 ;298.8901215;14.5913242;;;;;
30.11.2021 04:59;1.1;18.9; 11.38 ; 5.25 ;300.4799625;14.5913242;;;;;
30.11.2021 05:59;1;19; 11.44 ; 5.25 ;302.0698036;14.5913242;;;;;
30.11.2021 06:59;1;19; 11.44 ; 5.25 ;302.0698036;14.5913242;;;;;
30.11.2021 07:59;2.1;17.9; 10.78 ; 5.25 ;284.5815518;14.5913242;;;;;
30.11.2021 08:59;4.2;15.8; 9.51 ; 5.25 ;251.1948893;14.5913242;;;;;
30.11.2021 09:59;6.4;13.6; 8.19 ; 5.25 ;216.2183857;14.5913242;;;;;
30.11.2021 10:59;7.9;12.1; 7.28 ; 5.25 ;192.3707697;14.5913242;;;;;
30.11.2021 11:59;9;11; 6.62 ; 5.25 ;174.8825179;14.5913242;;;;;
30.11.2021 12:59;9.6;10.4; 6.26 ; 5.25 ;165.3434715;14.5913242;;;;;
30.11.2021 13:59;9.5;10.5; 6.32 ; 5.25 ;166.9333125;14.5913242;;;;;
30.11.2021 14:59;8.7;11.3; 6.80 ; 5.25 ;179.6520411;14.5913242;;;;;
30.11.2021 15:59;7.3;12.7; 7.65 ; 5.25 ;201.9098161;14.5913242;;;;;
30.11.2021 16:59;7.2;12.8; 7.71 ; 5.25 ;203.4996572;14.5913242;;;;;
30.11.2021 17:59;7.1;12.9; 7.77 ; 5.25 ;205.0894982;14.5913242;;;;;
30.11.2021 18:59;6.9;13.1; 7.89 ; 5.25 ;208.2691804;14.5913242;;;;;
30.11.2021 19:59;6.8;13.2; 7.95 ; 5.25 ;209.8590215;14.5913242;;;;;
30.11.2021 20:59;6.7;13.3; 8.01 ; 5.25 ;211.4488625;14.5913242;;;;;
30.11.2021 21:59;6.6;13.4; 8.07 ; 5.25 ;213.0387036;14.5913242;;;;;
30.11.2021 22:59;6.5;13.5; 8.13 ; 5.25 ;214.6285447;14.5913242;;;;;
30.11.2021 23:59;6.4;13.6; 8.19 ; 5.25 ;216.2183857;14.5913242;;;;;
01.12.2021 00:59;6.3;13.7; 8.25 ; 5.25 ;217.8082268;14.5913242;;;;;
01.12.2021 01:59;6.3;13.7; 8.25 ; 5.25 ;217.8082268;14.5913242;;;;;
01.12.2021 02:59;6.3;13.7; 8.25 ; 5.25 ;217.8082268;14.5913242;;;;;
01.12.2021 03:59;6.2;13.8; 8.31 ; 5.25 ;219.3980679;14.5913242;;;;;
01.12.2021 04:59;6.1;13.9; 8.37 ; 5.25 ;220.987909;14.5913242;;;;;
01.12.2021 05:59;6.2;13.8; 8.31 ; 5.25 ;219.3980679;14.5913242;;;;;
01.12.2021 06:59;6.2;13.8; 8.31 ; 5.25 ;219.3980679;14.5913242;;;;;
01.12.2021 07:59;6.6;13.4; 8.07 ; 5.25 ;213.0387036;14.5913242;;;;;
01.12.2021 08:59;7.1;12.9; 7.77 ; 5.25 ;205.0894982;14.5913242;;;;;
01.12.2021 09:59;7.9;12.1; 7.28 ; 5.25 ;192.3707697;14.5913242;;;;;
01.12.2021 10:59;8.4;11.6; 6.98 ; 5.25 ;184.4215643;14.5913242;;;;;
01.12.2021 11:59;8.8;11.2; 6.74 ; 5.25 ;178.0622;14.5913242;;;;;
01.12.2021 12:59;9.1;10.9; 6.56 ; 5.25 ;173.2926768;14.5913242;;;;;
01.12.2021 13:59;9.1;10.9; 6.56 ; 5.25 ;173.2926768;14.5913242;;;;;
01.12.2021 14:59;8.9;11.1; 6.68 ; 5.25 ;176.472359;14.5913242;;;;;
01.12.2021 15:59;8.5;11.5; 6.92 ; 5.25 ;182.8317232;14.5913242;;;;;
01.12.2021 16:59;8.3;11.7; 7.04 ; 5.25 ;186.0114054;14.5913242;;;;;
01.12.2021 17:59;8.1;11.9; 7.16 ; 5.25 ;189.1910875;14.5913242;;;;;
01.12.2021 18:59;8;12; 7.22 ; 5.25 ;190.7809286;14.5913242;;;;;
01.12.2021 19:59;7.8;12.2; 7.34 ; 5.25 ;193.9606107;14.5913242;;;;;
01.12.2021 20:59;7.6;12.4; 7.47 ; 5.25 ;197.1402929;14.5913242;;;;;
01.12.2021 21:59;7.4;12.6; 7.59 ; 5.25 ;200.319975;14.5913242;;;;;
01.12.2021 22:59;6.9;13.1; 7.89 ; 5.25 ;208.2691804;14.5913242;;;;;
01.12.2021 23:59;7;13; 7.83 ; 5.25 ;206.6793393;14.5913242;;;;;
02.12.2021 00:59;6.8;13.2; 7.95 ; 5.25 ;209.8590215;14.5913242;;;;;
02.12.2021 01:59;6.6;13.4; 8.07 ; 5.25 ;213.0387036;14.5913242;;;;;
02.12.2021 02:59;6.5;13.5; 8.13 ; 5.25 ;214.6285447;14.5913242;;;;;
02.12.2021 03:59;6.3;13.7; 8.25 ; 5.25 ;217.8082268;14.5913242;;;;;
02.12.2021 04:59;6.3;13.7; 8.25 ; 5.25 ;217.8082268;14.5913242;;;;;
02.12.2021 05:59;6.2;13.8; 8.31 ; 5.25 ;219.3980679;14.5913242;;;;;
02.12.2021 06:59;6.2;13.8; 8.31 ; 5.25 ;219.3980679;14.5913242;;;;;
02.12.2021 07:59;6.5;13.5; 8.13 ; 5.25 ;214.6285447;14.5913242;;;;;
02.12.2021 08:59;7;13; 7.83 ; 5.25 ;206.6793393;14.5913242;;;;;
02.12.2021 09:59;7.5;12.5; 7.53 ; 5.25 ;198.730134;14.5913242;;;;;
02.12.2021 10:59;7.9;12.1; 7.28 ; 5.25 ;192.3707697;14.5913242;;;;;
02.12.2021 11:59;7.8;12.2; 7.34 ; 5.25 ;193.9606107;14.5913242;;;;;
02.12.2021 12:59;8.2;11.8; 7.10 ; 5.25 ;187.6012465;14.5913242;;;;;
02.12.2021 13:59;8.4;11.6; 6.98 ; 5.25 ;184.4215643;14.5913242;;;;;
02.12.2021 14:59;8.2;11.8; 7.10 ; 5.25 ;187.6012465;14.5913242;;;;;
02.12.2021 15:59;7.9;12.1; 7.28 ; 5.25 ;192.3707697;14.5913242;;;;;
02.12.2021 16:59;7.5;12.5; 7.53 ; 5.25 ;198.730134;14.5913242;;;;;
02.12.2021 17:59;7.2;12.8; 7.71 ; 5.25 ;203.4996572;14.5913242;;;;;
02.12.2021 18:59;6.9;13.1; 7.89 ; 5.25 ;208.2691804;14.5913242;;;;;
02.12.2021 19:59;6.6;13.4; 8.07 ; 5.25 ;213.0387036;14.5913242;;;;;
02.12.2021 20:59;6.3;13.7; 8.25 ; 5.25 ;217.8082268;14.5913242;;;;;
02.12.2021 21:59;6;14; 8.43 ; 5.25 ;222.57775;14.5913242;;;;;
02.12.2021 22:59;5.7;14.3; 8.61 ; 5.25 ;227.3472732;14.5913242;;;;;
02.12.2021 23:59;4.7;15.3; 9.21 ; 5.25 ;243.245684;14.5913242;;;;;
03.12.2021 00:59;3.6;16.4; 9.87 ; 5.25 ;260.7339357;14.5913242;;;;;
03.12.2021 01:59;2.6;17.4; 10.48 ; 5.25 ;276.6323465;14.5913242;;;;;
03.12.2021 02:59;2.1;17.9; 10.78 ; 5.25 ;284.5815518;14.5913242;;;;;
03.12.2021 03:59;1.5;18.5; 11.14 ; 5.25 ;294.1205983;14.5913242;;;;;
03.12.2021 04:59;1.2;18.8; 11.32 ; 5.25 ;298.8901215;14.5913242;;;;;
03.12.2021 05:59;0.8;19.2; 11.56 ; 5.25 ;305.2494858;14.5913242;;;;;
03.12.2021 06:59;0.8;19.2; 11.56 ; 5.25 ;305.2494858;14.5913242;;;;;
03.12.2021 07:59;2;18; 10.84 ; 5.25 ;286.1713929;14.5913242;;;;;
03.12.2021 08:59;4.4;15.6; 9.39 ; 5.25 ;248.0152072;14.5913242;;;;;
03.12.2021 09:59;7;13; 7.83 ; 5.25 ;206.6793393;14.5913242;;;;;
03.12.2021 10:59;9.2;10.8; 6.50 ; 5.25 ;171.7028357;14.5913242;;;;;
03.12.2021 11:59;10.8;9.2; 5.54 ; 5.25 ;146.2653786;14.5913242;;;;;
03.12.2021 12:59;11.6;8.4; 5.06 ; 5.25 ;133.54665;14.5913242;;;;;
03.12.2021 13:59;11.6;8.4; 5.06 ; 5.25 ;133.54665;14.5913242;;;;;
03.12.2021 14:59;10.5;9.5; 5.72 ; 5.25 ;151.0349018;14.5913242;;;;;
03.12.2021 15:59;8.7;11.3; 6.80 ; 5.25 ;179.6520411;14.5913242;;;;;
03.12.2021 16:59;7.8;12.2; 7.34 ; 5.25 ;193.9606107;14.5913242;;;;;
03.12.2021 17:59;7;13; 7.83 ; 5.25 ;206.6793393;14.5913242;;;;;
03.12.2021 18:59;6.2;13.8; 8.31 ; 5.25 ;219.3980679;14.5913242;;;;;
03.12.2021 19:59;5.4;14.6; 8.79 ; 5.25 ;232.1167965;14.5913242;;;;;
03.12.2021 20:59;4.6;15.4; 9.27 ; 5.25 ;244.835525;14.5913242;;;;;
03.12.2021 21:59;3.8;16.2; 9.75 ; 5.25 ;257.5542536;14.5913242;;;;;
03.12.2021 22:59;3.1;16.9; 10.17 ; 5.25 ;268.6831411;14.5913242;;;;;
03.12.2021 23:59;2.6;17.4; 10.48 ; 5.25 ;276.6323465;14.5913242;;;;;
04.12.2021 00:59;2;18; 10.84 ; 5.25 ;286.1713929;14.5913242;;;;;
04.12.2021 01:59;1.4;18.6; 11.20 ; 5.25 ;295.7104393;14.5913242;;;;;
04.12.2021 02:59;1.1;18.9; 11.38 ; 5.25 ;300.4799625;14.5913242;;;;;
04.12.2021 03:59;0.8;19.2; 11.56 ; 5.25 ;305.2494858;14.5913242;;;;;
04.12.2021 04:59;0.5;19.5; 11.74 ; 5.25 ;310.019009;14.5913242;;;;;
04.12.2021 05:59;0.3;19.7; 11.86 ; 5.25 ;313.1986911;14.5913242;;;;;
04.12.2021 06:59;0.1;19.9; 11.98 ; 5.25 ;316.3783733;14.5913242;;;;;
04.12.2021 07:59;0.7;19.3; 11.62 ; 5.25 ;306.8393268;14.5913242;;;;;
04.12.2021 08:59;2.4;17.6; 10.60 ; 5.25 ;279.8120286;14.5913242;;;;;
04.12.2021 09:59;3.8;16.2; 9.75 ; 5.25 ;257.5542536;14.5913242;;;;;
04.12.2021 10:59;4.8;15.2; 9.15 ; 5.25 ;241.6558429;14.5913242;;;;;
04.12.2021 11:59;5.6;14.4; 8.67 ; 5.25 ;228.9371143;14.5913242;;;;;
04.12.2021 12:59;6.5;13.5; 8.13 ; 5.25 ;214.6285447;14.5913242;;;;;
04.12.2021 13:59;6.6;13.4; 8.07 ; 5.25 ;213.0387036;14.5913242;;;;;
04.12.2021 14:59;6.2;13.8; 8.31 ; 5.25 ;219.3980679;14.5913242;;;;;
04.12.2021 15:59;4.9;15.1; 9.09 ; 5.25 ;240.0660018;14.5913242;;;;;
04.12.2021 16:59;4.5;15.5; 9.33 ; 5.25 ;246.4253661;14.5913242;;;;;
04.12.2021 17:59;4.2;15.8; 9.51 ; 5.25 ;251.1948893;14.5913242;;;;;
04.12.2021 18:59;3.8;16.2; 9.75 ; 5.25 ;257.5542536;14.5913242;;;;;
04.12.2021 19:59;3.4;16.6; 9.99 ; 5.25 ;263.9136179;14.5913242;;;;;
04.12.2021 20:59;3.1;16.9; 10.17 ; 5.25 ;268.6831411;14.5913242;;;;;
04.12.2021 21:59;2.7;17.3; 10.42 ; 5.25 ;275.0425054;14.5913242;;;;;
04.12.2021 22:59;2.3;17.7; 10.66 ; 5.25 ;281.4018697;14.5913242;;;;;
04.12.2021 23:59;2.2;17.8; 10.72 ; 5.25 ;282.9917108;14.5913242;;;;;
05.12.2021 00:59;2;18; 10.84 ; 5.25 ;286.1713929;14.5913242;;;;;
05.12.2021 01:59;1.8;18.2; 10.96 ; 5.25 ;289.351075;14.5913242;;;;;
05.12.2021 02:59;1.6;18.4; 11.08 ; 5.25 ;292.5307572;14.5913242;;;;;
05.12.2021 03:59;1.5;18.5; 11.14 ; 5.25 ;294.1205983;14.5913242;;;;;
05.12.2021 04:59;1.4;18.6; 11.20 ; 5.25 ;295.7104393;14.5913242;;;;;
05.12.2021 05:59;1.4;18.6; 11.20 ; 5.25 ;295.7104393;14.5913242;;;;;
05.12.2021 06:59;1.3;18.7; 11.26 ; 5.25 ;297.3002804;14.5913242;;;;;
05.12.2021 07:59;1.4;18.6; 11.20 ; 5.25 ;295.7104393;14.5913242;;;;;
05.12.2021 08:59;1.8;18.2; 10.96 ; 5.25 ;289.351075;14.5913242;;;;;
05.12.2021 09:59;2.1;17.9; 10.78 ; 5.25 ;284.5815518;14.5913242;;;;;
05.12.2021 10:59;2.3;17.7; 10.66 ; 5.25 ;281.4018697;14.5913242;;;;;
05.12.2021 11:59;2.5;17.5; 10.54 ; 5.25 ;278.2221875;14.5913242;;;;;
05.12.2021 12:59;2.5;17.5; 10.54 ; 5.25 ;278.2221875;14.5913242;;;;;
05.12.2021 13:59;2.5;17.5; 10.54 ; 5.25 ;278.2221875;14.5913242;;;;;
05.12.2021 14:59;2.4;17.6; 10.60 ; 5.25 ;279.8120286;14.5913242;;;;;
05.12.2021 15:59;2.1;17.9; 10.78 ; 5.25 ;284.5815518;14.5913242;;;;;
05.12.2021 16:59;1.4;18.6; 11.20 ; 5.25 ;295.7104393;14.5913242;;;;;
05.12.2021 17:59;1.5;18.5; 11.14 ; 5.25 ;294.1205983;14.5913242;;;;;
05.12.2021 18:59;1.4;18.6; 11.20 ; 5.25 ;295.7104393;14.5913242;;;;;
05.12.2021 19:59;1.2;18.8; 11.32 ; 5.25 ;298.8901215;14.5913242;;;;;
05.12.2021 20:59;1;19; 11.44 ; 5.25 ;302.0698036;14.5913242;;;;;
05.12.2021 21:59;0.8;19.2; 11.56 ; 5.25 ;305.2494858;14.5913242;;;;;
05.12.2021 22:59;0.6;19.4; 11.68 ; 5.25 ;308.4291679;14.5913242;;;;;
05.12.2021 23:59;0.2;19.8; 11.92 ; 5.25 ;314.7885322;14.5913242;;;;;
06.12.2021 00:59;-0.2;20.2; 12.16 ; 5.25 ;321.1478965;14.5913242;;;;;
06.12.2021 01:59;-0.7;20.7; 12.46 ; 5.25 ;329.0971018;14.5913242;;;;;
06.12.2021 02:59;-0.9;20.9; 12.58 ; 5.25 ;332.276784;14.5913242;;;;;
06.12.2021 03:59;-1.1;21.1; 12.70 ; 5.25 ;335.4564661;14.5913242;;;;;
06.12.2021 04:59;-1.3;21.3; 12.82 ; 5.25 ;338.6361483;14.5913242;;;;;
06.12.2021 05:59;-1.4;21.4; 12.88 ; 5.25 ;340.2259893;14.5913242;;;;;
06.12.2021 06:59;-1.6;21.6; 13.00 ; 5.25 ;343.4056715;14.5913242;;;;;
06.12.2021 07:59;-1.4;21.4; 12.88 ; 5.25 ;340.2259893;14.5913242;;;;;
06.12.2021 08:59;-1.2;21.2; 12.76 ; 5.25 ;337.0463072;14.5913242;;;;;
06.12.2021 09:59;-1;21; 12.64 ; 5.25 ;333.866625;14.5913242;;;;;
06.12.2021 10:59;-0.6;20.6; 12.40 ; 5.25 ;327.5072608;14.5913242;;;;;
06.12.2021 11:59;-0.3;20.3; 12.22 ; 5.25 ;322.7377375;14.5913242;;;;;
06.12.2021 12:59;1.6;18.4; 11.08 ; 5.25 ;292.5307572;14.5913242;;;;;
06.12.2021 13:59;2.7;17.3; 10.42 ; 5.25 ;275.0425054;14.5913242;;;;;
06.12.2021 14:59;2.3;17.7; 10.66 ; 5.25 ;281.4018697;14.5913242;;;;;
06.12.2021 15:59;1.5;18.5; 11.14 ; 5.25 ;294.1205983;14.5913242;;;;;
06.12.2021 16:59;1.3;18.7; 11.26 ; 5.25 ;297.3002804;14.5913242;;;;;
06.12.2021 17:59;1.1;18.9; 11.38 ; 5.25 ;300.4799625;14.5913242;;;;;
06.12.2021 18:59;0.9;19.1; 11.50 ; 5.25 ;303.6596447;14.5913242;;;;;
06.12.2021 19:59;0.6;19.4; 11.68 ; 5.25 ;308.4291679;14.5913242;;;;;
06.12.2021 20:59;0.4;19.6; 11.80 ; 5.25 ;311.60885;14.5913242;;;;;
06.12.2021 21:59;0.2;19.8; 11.92 ; 5.25 ;314.7885322;14.5913242;;;;;
06.12.2021 22:59;0;20; 12.04 ; 5.25 ;317.9682143;14.5913242;;;;;
06.12.2021 23:59;-0.2;20.2; 12.16 ; 5.25 ;321.1478965;14.5913242;;;;;
07.12.2021 00:59;-0.4;20.4; 12.28 ; 5.25 ;324.3275786;14.5913242;;;;;
07.12.2021 01:59;-0.6;20.6; 12.40 ; 5.25 ;327.5072608;14.5913242;;;;;
07.12.2021 02:59;-0.7;20.7; 12.46 ; 5.25 ;329.0971018;14.5913242;;;;;
07.12.2021 03:59;-0.8;20.8; 12.52 ; 5.25 ;330.6869429;14.5913242;;;;;
07.12.2021 04:59;-0.9;20.9; 12.58 ; 5.25 ;332.276784;14.5913242;;;;;
07.12.2021 05:59;-1;21; 12.64 ; 5.25 ;333.866625;14.5913242;;;;;
07.12.2021 06:59;-1.1;21.1; 12.70 ; 5.25 ;335.4564661;14.5913242;;;;;
07.12.2021 07:59;-0.6;20.6; 12.40 ; 5.25 ;327.5072608;14.5913242;;;;;
07.12.2021 08:59;0.8;19.2; 11.56 ; 5.25 ;305.2494858;14.5913242;;;;;
07.12.2021 09:59;2.2;17.8; 10.72 ; 5.25 ;282.9917108;14.5913242;;;;;
07.12.2021 10:59;3.2;16.8; 10.11 ; 5.25 ;267.0933;14.5913242;;;;;
07.12.2021 11:59;3.8;16.2; 9.75 ; 5.25 ;257.5542536;14.5913242;;;;;
07.12.2021 12:59;4.1;15.9; 9.57 ; 5.25 ;252.7847304;14.5913242;;;;;
07.12.2021 13:59;4;16; 9.63 ; 5.25 ;254.3745715;14.5913242;;;;;
07.12.2021 14:59;3.4;16.6; 9.99 ; 5.25 ;263.9136179;14.5913242;;;;;
07.12.2021 15:59;2.5;17.5; 10.54 ; 5.25 ;278.2221875;14.5913242;;;;;
07.12.2021 16:59;2.5;17.5; 10.54 ; 5.25 ;278.2221875;14.5913242;;;;;
07.12.2021 17:59;2.4;17.6; 10.60 ; 5.25 ;279.8120286;14.5913242;;;;;
07.12.2021 18:59;2.3;17.7; 10.66 ; 5.25 ;281.4018697;14.5913242;;;;;
07.12.2021 19:59;2.3;17.7; 10.66 ; 5.25 ;281.4018697;14.5913242;;;;;
07.12.2021 20:59;2.2;17.8; 10.72 ; 5.25 ;282.9917108;14.5913242;;;;;
07.12.2021 21:59;2.1;17.9; 10.78 ; 5.25 ;284.5815518;14.5913242;;;;;
07.12.2021 22:59;2.1;17.9; 10.78 ; 5.25 ;284.5815518;14.5913242;;;;;
07.12.2021 23:59;2.1;17.9; 10.78 ; 5.25 ;284.5815518;14.5913242;;;;;
08.12.2021 00:59;2.1;17.9; 10.78 ; 5.25 ;284.5815518;14.5913242;;;;;
08.12.2021 01:59;2.1;17.9; 10.78 ; 5.25 ;284.5815518;14.5913242;;;;;
08.12.2021 02:59;2.2;17.8; 10.72 ; 5.25 ;282.9917108;14.5913242;;;;;
08.12.2021 03:59;2.2;17.8; 10.72 ; 5.25 ;282.9917108;14.5913242;;;;;
08.12.2021 04:59;2.3;17.7; 10.66 ; 5.25 ;281.4018697;14.5913242;;;;;
08.12.2021 05:59;2.3;17.7; 10.66 ; 5.25 ;281.4018697;14.5913242;;;;;
08.12.2021 06:59;2.4;17.6; 10.60 ; 5.25 ;279.8120286;14.5913242;;;;;
08.12.2021 07:59;2.8;17.2; 10.36 ; 5.25 ;273.4526643;14.5913242;;;;;
08.12.2021 08:59;3.8;16.2; 9.75 ; 5.25 ;257.5542536;14.5913242;;;;;
08.12.2021 09:59;4.9;15.1; 9.09 ; 5.25 ;240.0660018;14.5913242;;;;;
08.12.2021 10:59;5.7;14.3; 8.61 ; 5.25 ;227.3472732;14.5913242;;;;;
08.12.2021 11:59;6.5;13.5; 8.13 ; 5.25 ;214.6285447;14.5913242;;;;;
08.12.2021 12:59;6.8;13.2; 7.95 ; 5.25 ;209.8590215;14.5913242;;;;;
08.12.2021 13:59;6.4;13.6; 8.19 ; 5.25 ;216.2183857;14.5913242;;;;;
08.12.2021 14:59;5.8;14.2; 8.55 ; 5.25 ;225.7574322;14.5913242;;;;;
08.12.2021 15:59;5.2;14.8; 8.91 ; 5.25 ;235.2964786;14.5913242;;;;;
08.12.2021 16:59;5;15; 9.03 ; 5.25 ;238.4761607;14.5913242;;;;;
08.12.2021 17:59;4.8;15.2; 9.15 ; 5.25 ;241.6558429;14.5913242;;;;;
08.12.2021 18:59;4.7;15.3; 9.21 ; 5.25 ;243.245684;14.5913242;;;;;
08.12.2021 19:59;4.5;15.5; 9.33 ; 5.25 ;246.4253661;14.5913242;;;;;
08.12.2021 20:59;4.3;15.7; 9.45 ; 5.25 ;249.6050482;14.5913242;;;;;
08.12.2021 21:59;4.2;15.8; 9.51 ; 5.25 ;251.1948893;14.5913242;;;;;
08.12.2021 22:59;4;16; 9.63 ; 5.25 ;254.3745715;14.5913242;;;;;
08.12.2021 23:59;3.7;16.3; 9.81 ; 5.25 ;259.1440947;14.5913242;;;;;
09.12.2021 00:59;3.3;16.7; 10.05 ; 5.25 ;265.503459;14.5913242;;;;;
09.12.2021 01:59;2.9;17.1; 10.29 ; 5.25 ;271.8628233;14.5913242;;;;;
09.12.2021 02:59;2.7;17.3; 10.42 ; 5.25 ;275.0425054;14.5913242;;;;;
09.12.2021 03:59;2.6;17.4; 10.48 ; 5.25 ;276.6323465;14.5913242;;;;;
09.12.2021 04:59;2.4;17.6; 10.60 ; 5.25 ;279.8120286;14.5913242;;;;;
09.12.2021 05:59;2.2;17.8; 10.72 ; 5.25 ;282.9917108;14.5913242;;;;;
09.12.2021 06:59;2.1;17.9; 10.78 ; 5.25 ;284.5815518;14.5913242;;;;;
09.12.2021 07:59;2.7;17.3; 10.42 ; 5.25 ;275.0425054;14.5913242;;;;;
09.12.2021 08:59;5.1;14.9; 8.97 ; 5.25 ;236.8863197;14.5913242;;;;;
09.12.2021 09:59;7.5;12.5; 7.53 ; 5.25 ;198.730134;14.5913242;;;;;
09.12.2021 10:59;9.2;10.8; 6.50 ; 5.25 ;171.7028357;14.5913242;;;;;
09.12.2021 11:59;10.3;9.7; 5.84 ; 5.25 ;154.2145839;14.5913242;;;;;
09.12.2021 12:59;10.7;9.3; 5.60 ; 5.25 ;147.8552197;14.5913242;;;;;
09.12.2021 13:59;10.4;9.6; 5.78 ; 5.25 ;152.6247429;14.5913242;;;;;
09.12.2021 14:59;9.3;10.7; 6.44 ; 5.25 ;170.1129947;14.5913242;;;;;
09.12.2021 15:59;7.7;12.3; 7.41 ; 5.25 ;195.5504518;14.5913242;;;;;
09.12.2021 16:59;7.7;12.3; 7.41 ; 5.25 ;195.5504518;14.5913242;;;;;
09.12.2021 17:59;7.6;12.4; 7.47 ; 5.25 ;197.1402929;14.5913242;;;;;
09.12.2021 18:59;7.5;12.5; 7.53 ; 5.25 ;198.730134;14.5913242;;;;;
09.12.2021 19:59;7.4;12.6; 7.59 ; 5.25 ;200.319975;14.5913242;;;;;
09.12.2021 20:59;7.3;12.7; 7.65 ; 5.25 ;201.9098161;14.5913242;;;;;
09.12.2021 21:59;7.2;12.8; 7.71 ; 5.25 ;203.4996572;14.5913242;;;;;
09.12.2021 22:59;7.1;12.9; 7.77 ; 5.25 ;205.0894982;14.5913242;;;;;
09.12.2021 23:59;7.1;12.9; 7.77 ; 5.25 ;205.0894982;14.5913242;;;;;
10.12.2021 00:59;7.2;12.8; 7.71 ; 5.25 ;203.4996572;14.5913242;;;;;
10.12.2021 01:59;7.2;12.8; 7.71 ; 5.25 ;203.4996572;14.5913242;;;;;
10.12.2021 02:59;7.2;12.8; 7.71 ; 5.25 ;203.4996572;14.5913242;;;;;
10.12.2021 03:59;7.3;12.7; 7.65 ; 5.25 ;201.9098161;14.5913242;;;;;
10.12.2021 04:59;7.3;12.7; 7.65 ; 5.25 ;201.9098161;14.5913242;;;;;
10.12.2021 05:59;7.3;12.7; 7.65 ; 5.25 ;201.9098161;14.5913242;;;;;
10.12.2021 06:59;7.3;12.7; 7.65 ; 5.25 ;201.9098161;14.5913242;;;;;
10.12.2021 07:59;7.7;12.3; 7.41 ; 5.25 ;195.5504518;14.5913242;;;;;
10.12.2021 08:59;9;11; 6.62 ; 5.25 ;174.8825179;14.5913242;;;;;
10.12.2021 09:59;10.2;9.8; 5.90 ; 5.25 ;155.804425;14.5913242;;;;;
10.12.2021 10:59;10.8;9.2; 5.54 ; 5.25 ;146.2653786;14.5913242;;;;;
10.12.2021 11:59;11.5;8.5; 5.12 ; 5.25 ;135.1364911;14.5913242;;;;;
10.12.2021 12:59;11.5;8.5; 5.12 ; 5.25 ;135.1364911;14.5913242;;;;;
10.12.2021 13:59;11.5;8.5; 5.12 ; 5.25 ;135.1364911;14.5913242;;;;;
10.12.2021 14:59;11.1;8.9; 5.36 ; 5.25 ;141.4958554;14.5913242;;;;;
10.12.2021 15:59;10.4;9.6; 5.78 ; 5.25 ;152.6247429;14.5913242;;;;;
10.12.2021 16:59;10.2;9.8; 5.90 ; 5.25 ;155.804425;14.5913242;;;;;
10.12.2021 17:59;10;10; 6.02 ; 5.25 ;158.9841072;14.5913242;;;;;
10.12.2021 18:59;9.7;10.3; 6.20 ; 5.25 ;163.7536304;14.5913242;;;;;
10.12.2021 19:59;9.5;10.5; 6.32 ; 5.25 ;166.9333125;14.5913242;;;;;
10.12.2021 20:59;9.3;10.7; 6.44 ; 5.25 ;170.1129947;14.5913242;;;;;
10.12.2021 21:59;9.1;10.9; 6.56 ; 5.25 ;173.2926768;14.5913242;;;;;
10.12.2021 22:59;8.8;11.2; 6.74 ; 5.25 ;178.0622;14.5913242;;;;;
10.12.2021 23:59;8.5;11.5; 6.92 ; 5.25 ;182.8317232;14.5913242;;;;;
11.12.2021 00:59;8.1;11.9; 7.16 ; 5.25 ;189.1910875;14.5913242;;;;;
11.12.2021 01:59;7.8;12.2; 7.34 ; 5.25 ;193.9606107;14.5913242;;;;;
11.12.2021 02:59;7.6;12.4; 7.47 ; 5.25 ;197.1402929;14.5913242;;;;;
11.12.2021 03:59;7.4;12.6; 7.59 ; 5.25 ;200.319975;14.5913242;;;;;
11.12.2021 04:59;7.3;12.7; 7.65 ; 5.25 ;201.9098161;14.5913242;;;;;
11.12.2021 05:59;7.1;12.9; 7.77 ; 5.25 ;205.0894982;14.5913242;;;;;
11.12.2021 06:59;7;13; 7.83 ; 5.25 ;206.6793393;14.5913242;;;;;
11.12.2021 07:59;7.3;12.7; 7.65 ; 5.25 ;201.9098161;14.5913242;;;;;
11.12.2021 08:59;8.3;11.7; 7.04 ; 5.25 ;186.0114054;14.5913242;;;;;
11.12.2021 09:59;9.2;10.8; 6.50 ; 5.25 ;171.7028357;14.5913242;;;;;
11.12.2021 10:59;9.9;10.1; 6.08 ; 5.25 ;160.5739482;14.5913242;;;;;
11.12.2021 11:59;10.3;9.7; 5.84 ; 5.25 ;154.2145839;14.5913242;;;;;
11.12.2021 12:59;10.5;9.5; 5.72 ; 5.25 ;151.0349018;14.5913242;;;;;
11.12.2021 13:59;10.5;9.5; 5.72 ; 5.25 ;151.0349018;14.5913242;;;;;
11.12.2021 14:59;10.1;9.9; 5.96 ; 5.25 ;157.3942661;14.5913242;;;;;
11.12.2021 15:59;9.5;10.5; 6.32 ; 5.25 ;166.9333125;14.5913242;;;;;
11.12.2021 16:59;9;11; 6.62 ; 5.25 ;174.8825179;14.5913242;;;;;
11.12.2021 17:59;8.5;11.5; 6.92 ; 5.25 ;182.8317232;14.5913242;;;;;
11.12.2021 18:59;8;12; 7.22 ; 5.25 ;190.7809286;14.5913242;;;;;
11.12.2021 19:59;7.5;12.5; 7.53 ; 5.25 ;198.730134;14.5913242;;;;;
11.12.2021 20:59;7;13; 7.83 ; 5.25 ;206.6793393;14.5913242;;;;;
11.12.2021 21:59;6.5;13.5; 8.13 ; 5.25 ;214.6285447;14.5913242;;;;;
11.12.2021 22:59;6;14; 8.43 ; 5.25 ;222.57775;14.5913242;;;;;
11.12.2021 23:59;5.2;14.8; 8.91 ; 5.25 ;235.2964786;14.5913242;;;;;
12.12.2021 00:59;4.3;15.7; 9.45 ; 5.25 ;249.6050482;14.5913242;;;;;
12.12.2021 01:59;3.5;16.5; 9.93 ; 5.25 ;262.3237768;14.5913242;;;;;
12.12.2021 02:59;3.1;16.9; 10.17 ; 5.25 ;268.6831411;14.5913242;;;;;
12.12.2021 03:59;2.6;17.4; 10.48 ; 5.25 ;276.6323465;14.5913242;;;;;
12.12.2021 04:59;2.2;17.8; 10.72 ; 5.25 ;282.9917108;14.5913242;;;;;
12.12.2021 05:59;1.9;18.1; 10.90 ; 5.25 ;287.761234;14.5913242;;;;;
12.12.2021 06:59;1.6;18.4; 11.08 ; 5.25 ;292.5307572;14.5913242;;;;;
12.12.2021 07:59;2;18; 10.84 ; 5.25 ;286.1713929;14.5913242;;;;;
12.12.2021 08:59;4.5;15.5; 9.33 ; 5.25 ;246.4253661;14.5913242;;;;;
12.12.2021 09:59;6.7;13.3; 8.01 ; 5.25 ;211.4488625;14.5913242;;;;;
12.12.2021 10:59;8.5;11.5; 6.92 ; 5.25 ;182.8317232;14.5913242;;;;;
12.12.2021 11:59;9.7;10.3; 6.20 ; 5.25 ;163.7536304;14.5913242;;;;;
12.12.2021 12:59;10.2;9.8; 5.90 ; 5.25 ;155.804425;14.5913242;;;;;
12.12.2021 13:59;9.9;10.1; 6.08 ; 5.25 ;160.5739482;14.5913242;;;;;
12.12.2021 14:59;8.8;11.2; 6.74 ; 5.25 ;178.0622;14.5913242;;;;;
12.12.2021 15:59;7.2;12.8; 7.71 ; 5.25 ;203.4996572;14.5913242;;;;;
12.12.2021 16:59;6.5;13.5; 8.13 ; 5.25 ;214.6285447;14.5913242;;;;;
12.12.2021 17:59;5.7;14.3; 8.61 ; 5.25 ;227.3472732;14.5913242;;;;;
12.12.2021 18:59;5.1;14.9; 8.97 ; 5.25 ;236.8863197;14.5913242;;;;;
12.12.2021 19:59;4.4;15.6; 9.39 ; 5.25 ;248.0152072;14.5913242;;;;;
12.12.2021 20:59;3.7;16.3; 9.81 ; 5.25 ;259.1440947;14.5913242;;;;;
12.12.2021 21:59;3.1;16.9; 10.17 ; 5.25 ;268.6831411;14.5913242;;;;;
12.12.2021 22:59;2.4;17.6; 10.60 ; 5.25 ;279.8120286;14.5913242;;;;;
12.12.2021 23:59;1.9;18.1; 10.90 ; 5.25 ;287.761234;14.5913242;;;;;
13.12.2021 00:59;1.3;18.7; 11.26 ; 5.25 ;297.3002804;14.5913242;;;;;
13.12.2021 01:59;0.8;19.2; 11.56 ; 5.25 ;305.2494858;14.5913242;;;;;
13.12.2021 02:59;0.5;19.5; 11.74 ; 5.25 ;310.019009;14.5913242;;;;;
13.12.2021 03:59;0.2;19.8; 11.92 ; 5.25 ;314.7885322;14.5913242;;;;;
13.12.2021 04:59;-0.1;20.1; 12.10 ; 5.25 ;319.5580554;14.5913242;;;;;
13.12.2021 05:59;-0.2;20.2; 12.16 ; 5.25 ;321.1478965;14.5913242;;;;;
13.12.2021 06:59;-0.4;20.4; 12.28 ; 5.25 ;324.3275786;14.5913242;;;;;
13.12.2021 07:59;0;20; 12.04 ; 5.25 ;317.9682143;14.5913242;;;;;
13.12.2021 08:59;2.3;17.7; 10.66 ; 5.25 ;281.4018697;14.5913242;;;;;
13.12.2021 09:59;4.8;15.2; 9.15 ; 5.25 ;241.6558429;14.5913242;;;;;
13.12.2021 10:59;6.9;13.1; 7.89 ; 5.25 ;208.2691804;14.5913242;;;;;
13.12.2021 11:59;7.8;12.2; 7.34 ; 5.25 ;193.9606107;14.5913242;;;;;
13.12.2021 12:59;8.2;11.8; 7.10 ; 5.25 ;187.6012465;14.5913242;;;;;
13.12.2021 13:59;8.3;11.7; 7.04 ; 5.25 ;186.0114054;14.5913242;;;;;
13.12.2021 14:59;7.2;12.8; 7.71 ; 5.25 ;203.4996572;14.5913242;;;;;
13.12.2021 15:59;5.6;14.4; 8.67 ; 5.25 ;228.9371143;14.5913242;;;;;
13.12.2021 16:59;5.2;14.8; 8.91 ; 5.25 ;235.2964786;14.5913242;;;;;
13.12.2021 17:59;4.7;15.3; 9.21 ; 5.25 ;243.245684;14.5913242;;;;;
13.12.2021 18:59;4.3;15.7; 9.45 ; 5.25 ;249.6050482;14.5913242;;;;;
13.12.2021 19:59;3.9;16.1; 9.69 ; 5.25 ;255.9644125;14.5913242;;;;;
13.12.2021 20:59;3.5;16.5; 9.93 ; 5.25 ;262.3237768;14.5913242;;;;;
13.12.2021 21:59;3.1;16.9; 10.17 ; 5.25 ;268.6831411;14.5913242;;;;;
13.12.2021 22:59;2.6;17.4; 10.48 ; 5.25 ;276.6323465;14.5913242;;;;;
13.12.2021 23:59;2.3;17.7; 10.66 ; 5.25 ;281.4018697;14.5913242;;;;;
14.12.2021 00:59;2;18; 10.84 ; 5.25 ;286.1713929;14.5913242;;;;;
14.12.2021 01:59;1.7;18.3; 11.02 ; 5.25 ;290.9409161;14.5913242;;;;;
14.12.2021 02:59;1.5;18.5; 11.14 ; 5.25 ;294.1205983;14.5913242;;;;;
14.12.2021 03:59;1.4;18.6; 11.20 ; 5.25 ;295.7104393;14.5913242;;;;;
14.12.2021 04:59;1.2;18.8; 11.32 ; 5.25 ;298.8901215;14.5913242;;;;;
14.12.2021 05:59;1.1;18.9; 11.38 ; 5.25 ;300.4799625;14.5913242;;;;;
14.12.2021 06:59;1;19; 11.44 ; 5.25 ;302.0698036;14.5913242;;;;;
14.12.2021 07:59;1.1;18.9; 11.38 ; 5.25 ;300.4799625;14.5913242;;;;;
14.12.2021 08:59;1.6;18.4; 11.08 ; 5.25 ;292.5307572;14.5913242;;;;;
14.12.2021 09:59;1.8;18.2; 10.96 ; 5.25 ;289.351075;14.5913242;;;;;
14.12.2021 10:59;1.9;18.1; 10.90 ; 5.25 ;287.761234;14.5913242;;;;;
14.12.2021 11:59;2.2;17.8; 10.72 ; 5.25 ;282.9917108;14.5913242;;;;;
14.12.2021 12:59;3.9;16.1; 9.69 ; 5.25 ;255.9644125;14.5913242;;;;;
14.12.2021 13:59;4.7;15.3; 9.21 ; 5.25 ;243.245684;14.5913242;;;;;
14.12.2021 14:59;4.7;15.3; 9.21 ; 5.25 ;243.245684;14.5913242;;;;;
14.12.2021 15:59;4;16; 9.63 ; 5.25 ;254.3745715;14.5913242;;;;;
14.12.2021 16:59;3.7;16.3; 9.81 ; 5.25 ;259.1440947;14.5913242;;;;;
14.12.2021 17:59;3.4;16.6; 9.99 ; 5.25 ;263.9136179;14.5913242;;;;;
14.12.2021 18:59;3.1;16.9; 10.17 ; 5.25 ;268.6831411;14.5913242;;;;;
14.12.2021 19:59;2.8;17.2; 10.36 ; 5.25 ;273.4526643;14.5913242;;;;;
14.12.2021 20:59;2.5;17.5; 10.54 ; 5.25 ;278.2221875;14.5913242;;;;;
14.12.2021 21:59;2.2;17.8; 10.72 ; 5.25 ;282.9917108;14.5913242;;;;;
14.12.2021 22:59;1.9;18.1; 10.90 ; 5.25 ;287.761234;14.5913242;;;;;
14.12.2021 23:59;1.6;18.4; 11.08 ; 5.25 ;292.5307572;14.5913242;;;;;
15.12.2021 00:59;1.3;18.7; 11.26 ; 5.25 ;297.3002804;14.5913242;;;;;
15.12.2021 01:59;1;19; 11.44 ; 5.25 ;302.0698036;14.5913242;;;;;
15.12.2021 02:59;0.9;19.1; 11.50 ; 5.25 ;303.6596447;14.5913242;;;;;
15.12.2021 03:59;0.7;19.3; 11.62 ; 5.25 ;306.8393268;14.5913242;;;;;
15.12.2021 04:59;0.6;19.4; 11.68 ; 5.25 ;308.4291679;14.5913242;;;;;
15.12.2021 05:59;0.5;19.5; 11.74 ; 5.25 ;310.019009;14.5913242;;;;;
15.12.2021 06:59;0.4;19.6; 11.80 ; 5.25 ;311.60885;14.5913242;;;;;
15.12.2021 07:59;1;19; 11.44 ; 5.25 ;302.0698036;14.5913242;;;;;
15.12.2021 08:59;3.5;16.5; 9.93 ; 5.25 ;262.3237768;14.5913242;;;;;
15.12.2021 09:59;5.4;14.6; 8.79 ; 5.25 ;232.1167965;14.5913242;;;;;
15.12.2021 10:59;6.7;13.3; 8.01 ; 5.25 ;211.4488625;14.5913242;;;;;
15.12.2021 11:59;7.5;12.5; 7.53 ; 5.25 ;198.730134;14.5913242;;;;;
15.12.2021 12:59;8.1;11.9; 7.16 ; 5.25 ;189.1910875;14.5913242;;;;;
15.12.2021 13:59;8.3;11.7; 7.04 ; 5.25 ;186.0114054;14.5913242;;;;;
15.12.2021 14:59;7.8;12.2; 7.34 ; 5.25 ;193.9606107;14.5913242;;;;;
15.12.2021 15:59;6.4;13.6; 8.19 ; 5.25 ;216.2183857;14.5913242;;;;;
15.12.2021 16:59;5.7;14.3; 8.61 ; 5.25 ;227.3472732;14.5913242;;;;;
15.12.2021 17:59;5.2;14.8; 8.91 ; 5.25 ;235.2964786;14.5913242;;;;;
15.12.2021 18:59;4.6;15.4; 9.27 ; 5.25 ;244.835525;14.5913242;;;;;
15.12.2021 19:59;4.1;15.9; 9.57 ; 5.25 ;252.7847304;14.5913242;;;;;
15.12.2021 20:59;3.5;16.5; 9.93 ; 5.25 ;262.3237768;14.5913242;;;;;
15.12.2021 21:59;3;17; 10.23 ; 5.25 ;270.2729822;14.5913242;;;;;
15.12.2021 22:59;2.4;17.6; 10.60 ; 5.25 ;279.8120286;14.5913242;;;;;
15.12.2021 23:59;1.8;18.2; 10.96 ; 5.25 ;289.351075;14.5913242;;;;;
16.12.2021 00:59;1.1;18.9; 11.38 ; 5.25 ;300.4799625;14.5913242;;;;;
16.12.2021 01:59;0.4;19.6; 11.80 ; 5.25 ;311.60885;14.5913242;;;;;
16.12.2021 02:59;0.1;19.9; 11.98 ; 5.25 ;316.3783733;14.5913242;;;;;
16.12.2021 03:59;-0.3;20.3; 12.22 ; 5.25 ;322.7377375;14.5913242;;;;;
16.12.2021 04:59;-0.7;20.7; 12.46 ; 5.25 ;329.0971018;14.5913242;;;;;
16.12.2021 05:59;-1;21; 12.64 ; 5.25 ;333.866625;14.5913242;;;;;
16.12.2021 06:59;-1.2;21.2; 12.76 ; 5.25 ;337.0463072;14.5913242;;;;;
16.12.2021 07:59;-1.2;21.2; 12.76 ; 5.25 ;337.0463072;14.5913242;;;;;
16.12.2021 08:59;-1.2;21.2; 12.76 ; 5.25 ;337.0463072;14.5913242;;;;;
16.12.2021 09:59;-1.3;21.3; 12.82 ; 5.25 ;338.6361483;14.5913242;;;;;
16.12.2021 10:59;-1.1;21.1; 12.70 ; 5.25 ;335.4564661;14.5913242;;;;;
16.12.2021 11:59;-1.1;21.1; 12.70 ; 5.25 ;335.4564661;14.5913242;;;;;
16.12.2021 12:59;-0.2;20.2; 12.16 ; 5.25 ;321.1478965;14.5913242;;;;;
16.12.2021 13:59;0.1;19.9; 11.98 ; 5.25 ;316.3783733;14.5913242;;;;;
16.12.2021 14:59;0;20; 12.04 ; 5.25 ;317.9682143;14.5913242;;;;;
16.12.2021 15:59;-0.4;20.4; 12.28 ; 5.25 ;324.3275786;14.5913242;;;;;
16.12.2021 16:59;-0.6;20.6; 12.40 ; 5.25 ;327.5072608;14.5913242;;;;;
16.12.2021 17:59;-0.8;20.8; 12.52 ; 5.25 ;330.6869429;14.5913242;;;;;
16.12.2021 18:59;-1;21; 12.64 ; 5.25 ;333.866625;14.5913242;;;;;
16.12.2021 19:59;-1.2;21.2; 12.76 ; 5.25 ;337.0463072;14.5913242;;;;;
16.12.2021 20:59;-1.4;21.4; 12.88 ; 5.25 ;340.2259893;14.5913242;;;;;
16.12.2021 21:59;-1.6;21.6; 13.00 ; 5.25 ;343.4056715;14.5913242;;;;;
16.12.2021 22:59;-1.8;21.8; 13.12 ; 5.25 ;346.5853536;14.5913242;;;;;
16.12.2021 23:59;-1.7;21.7; 13.06 ; 5.25 ;344.9955125;14.5913242;;;;;
17.12.2021 00:59;-1.6;21.6; 13.00 ; 5.25 ;343.4056715;14.5913242;;;;;
17.12.2021 01:59;-1.5;21.5; 12.94 ; 5.25 ;341.8158304;14.5913242;;;;;
17.12.2021 02:59;-1.5;21.5; 12.94 ; 5.25 ;341.8158304;14.5913242;;;;;
17.12.2021 03:59;-1.5;21.5; 12.94 ; 5.25 ;341.8158304;14.5913242;;;;;
17.12.2021 04:59;-1.4;21.4; 12.88 ; 5.25 ;340.2259893;14.5913242;;;;;
17.12.2021 05:59;-1.4;21.4; 12.88 ; 5.25 ;340.2259893;14.5913242;;;;;
17.12.2021 06:59;-1.4;21.4; 12.88 ; 5.25 ;340.2259893;14.5913242;;;;;
17.12.2021 07:59;-1.2;21.2; 12.76 ; 5.25 ;337.0463072;14.5913242;;;;;
17.12.2021 08:59;-0.2;20.2; 12.16 ; 5.25 ;321.1478965;14.5913242;;;;;
17.12.2021 09:59;0.5;19.5; 11.74 ; 5.25 ;310.019009;14.5913242;;;;;
17.12.2021 10:59;1;19; 11.44 ; 5.25 ;302.0698036;14.5913242;;;;;
17.12.2021 11:59;2;18; 10.84 ; 5.25 ;286.1713929;14.5913242;;;;;
17.12.2021 12:59;2.3;17.7; 10.66 ; 5.25 ;281.4018697;14.5913242;;;;;
17.12.2021 13:59;2.5;17.5; 10.54 ; 5.25 ;278.2221875;14.5913242;;;;;
17.12.2021 14:59;2.1;17.9; 10.78 ; 5.25 ;284.5815518;14.5913242;;;;;
17.12.2021 15:59;1.4;18.6; 11.20 ; 5.25 ;295.7104393;14.5913242;;;;;
17.12.2021 16:59;1.7;18.3; 11.02 ; 5.25 ;290.9409161;14.5913242;;;;;
17.12.2021 17:59;2.1;17.9; 10.78 ; 5.25 ;284.5815518;14.5913242;;;;;
17.12.2021 18:59;2.4;17.6; 10.60 ; 5.25 ;279.8120286;14.5913242;;;;;
17.12.2021 19:59;2.6;17.4; 10.48 ; 5.25 ;276.6323465;14.5913242;;;;;
17.12.2021 20:59;3;17; 10.23 ; 5.25 ;270.2729822;14.5913242;;;;;
17.12.2021 21:59;3.4;16.6; 9.99 ; 5.25 ;263.9136179;14.5913242;;;;;
17.12.2021 22:59;3.7;16.3; 9.81 ; 5.25 ;259.1440947;14.5913242;;;;;
17.12.2021 23:59;3.6;16.4; 9.87 ; 5.25 ;260.7339357;14.5913242;;;;;
18.12.2021 00:59;3.3;16.7; 10.05 ; 5.25 ;265.503459;14.5913242;;;;;
18.12.2021 01:59;3.7;16.3; 9.81 ; 5.25 ;259.1440947;14.5913242;;;;;
18.12.2021 02:59;3.8;16.2; 9.75 ; 5.25 ;257.5542536;14.5913242;;;;;
18.12.2021 03:59;3.8;16.2; 9.75 ; 5.25 ;257.5542536;14.5913242;;;;;
18.12.2021 04:59;3.8;16.2; 9.75 ; 5.25 ;257.5542536;14.5913242;;;;;
18.12.2021 05:59;3.8;16.2; 9.75 ; 5.25 ;257.5542536;14.5913242;;;;;
18.12.2021 06:59;3.8;16.2; 9.75 ; 5.25 ;257.5542536;14.5913242;;;;;
18.12.2021 07:59;3.9;16.1; 9.69 ; 5.25 ;255.9644125;14.5913242;;;;;
18.12.2021 08:59;4.4;15.6; 9.39 ; 5.25 ;248.0152072;14.5913242;;;;;
18.12.2021 09:59;4.9;15.1; 9.09 ; 5.25 ;240.0660018;14.5913242;;;;;
18.12.2021 10:59;5.3;14.7; 8.85 ; 5.25 ;233.7066375;14.5913242;;;;;
18.12.2021 11:59;5.6;14.4; 8.67 ; 5.25 ;228.9371143;14.5913242;;;;;
18.12.2021 12:59;5.7;14.3; 8.61 ; 5.25 ;227.3472732;14.5913242;;;;;
18.12.2021 13:59;5.7;14.3; 8.61 ; 5.25 ;227.3472732;14.5913242;;;;;
18.12.2021 14:59;5.5;14.5; 8.73 ; 5.25 ;230.5269554;14.5913242;;;;;
18.12.2021 15:59;5.2;14.8; 8.91 ; 5.25 ;235.2964786;14.5913242;;;;;
18.12.2021 16:59;5.2;14.8; 8.91 ; 5.25 ;235.2964786;14.5913242;;;;;
18.12.2021 17:59;5.2;14.8; 8.91 ; 5.25 ;235.2964786;14.5913242;;;;;
18.12.2021 18:59;5.2;14.8; 8.91 ; 5.25 ;235.2964786;14.5913242;;;;;
18.12.2021 19:59;5.2;14.8; 8.91 ; 5.25 ;235.2964786;14.5913242;;;;;
18.12.2021 20:59;5.1;14.9; 8.97 ; 5.25 ;236.8863197;14.5913242;;;;;
18.12.2021 21:59;5.2;14.8; 8.91 ; 5.25 ;235.2964786;14.5913242;;;;;
18.12.2021 22:59;5.2;14.8; 8.91 ; 5.25 ;235.2964786;14.5913242;;;;;
18.12.2021 23:59;5.2;14.8; 8.91 ; 5.25 ;235.2964786;14.5913242;;;;;
19.12.2021 00:59;5.2;14.8; 8.91 ; 5.25 ;235.2964786;14.5913242;;;;;
19.12.2021 01:59;5.2;14.8; 8.91 ; 5.25 ;235.2964786;14.5913242;;;;;
19.12.2021 02:59;5.2;14.8; 8.91 ; 5.25 ;235.2964786;14.5913242;;;;;
19.12.2021 03:59;5.1;14.9; 8.97 ; 5.25 ;236.8863197;14.5913242;;;;;
19.12.2021 04:59;5.1;14.9; 8.97 ; 5.25 ;236.8863197;14.5913242;;;;;
19.12.2021 05:59;5.1;14.9; 8.97 ; 5.25 ;236.8863197;14.5913242;;;;;
19.12.2021 06:59;5.1;14.9; 8.97 ; 5.25 ;236.8863197;14.5913242;;;;;
19.12.2021 07:59;5.3;14.7; 8.85 ; 5.25 ;233.7066375;14.5913242;;;;;
19.12.2021 08:59;5.6;14.4; 8.67 ; 5.25 ;228.9371143;14.5913242;;;;;
19.12.2021 09:59;5.9;14.1; 8.49 ; 5.25 ;224.1675911;14.5913242;;;;;
19.12.2021 10:59;6.2;13.8; 8.31 ; 5.25 ;219.3980679;14.5913242;;;;;
19.12.2021 11:59;6.4;13.6; 8.19 ; 5.25 ;216.2183857;14.5913242;;;;;
19.12.2021 12:59;6.5;13.5; 8.13 ; 5.25 ;214.6285447;14.5913242;;;;;
19.12.2021 13:59;6.5;13.5; 8.13 ; 5.25 ;214.6285447;14.5913242;;;;;
19.12.2021 14:59;6.4;13.6; 8.19 ; 5.25 ;216.2183857;14.5913242;;;;;
19.12.2021 15:59;6.1;13.9; 8.37 ; 5.25 ;220.987909;14.5913242;;;;;
19.12.2021 16:59;6;14; 8.43 ; 5.25 ;222.57775;14.5913242;;;;;
19.12.2021 17:59;5.8;14.2; 8.55 ; 5.25 ;225.7574322;14.5913242;;;;;
19.12.2021 18:59;5.2;14.8; 8.91 ; 5.25 ;235.2964786;14.5913242;;;;;
19.12.2021 19:59;5.7;14.3; 8.61 ; 5.25 ;227.3472732;14.5913242;;;;;
19.12.2021 20:59;5.7;14.3; 8.61 ; 5.25 ;227.3472732;14.5913242;;;;;
19.12.2021 21:59;5.7;14.3; 8.61 ; 5.25 ;227.3472732;14.5913242;;;;;
19.12.2021 22:59;5.6;14.4; 8.67 ; 5.25 ;228.9371143;14.5913242;;;;;
19.12.2021 23:59;5.3;14.7; 8.85 ; 5.25 ;233.7066375;14.5913242;;;;;
20.12.2021 00:59;5.4;14.6; 8.79 ; 5.25 ;232.1167965;14.5913242;;;;;
20.12.2021 01:59;5.4;14.6; 8.79 ; 5.25 ;232.1167965;14.5913242;;;;;
20.12.2021 02:59;5.4;14.6; 8.79 ; 5.25 ;232.1167965;14.5913242;;;;;
20.12.2021 03:59;5.4;14.6; 8.79 ; 5.25 ;232.1167965;14.5913242;;;;;
20.12.2021 04:59;5.3;14.7; 8.85 ; 5.25 ;233.7066375;14.5913242;;;;;
20.12.2021 05:59;5.3;14.7; 8.85 ; 5.25 ;233.7066375;14.5913242;;;;;
20.12.2021 06:59;5.3;14.7; 8.85 ; 5.25 ;233.7066375;14.5913242;;;;;
20.12.2021 07:59;5.5;14.5; 8.73 ; 5.25 ;230.5269554;14.5913242;;;;;
20.12.2021 08:59;6.7;13.3; 8.01 ; 5.25 ;211.4488625;14.5913242;;;;;
20.12.2021 09:59;7.5;12.5; 7.53 ; 5.25 ;198.730134;14.5913242;;;;;
20.12.2021 10:59;8;12; 7.22 ; 5.25 ;190.7809286;14.5913242;;;;;
20.12.2021 11:59;8.4;11.6; 6.98 ; 5.25 ;184.4215643;14.5913242;;;;;
20.12.2021 12:59;8.4;11.6; 6.98 ; 5.25 ;184.4215643;14.5913242;;;;;
20.12.2021 13:59;8.4;11.6; 6.98 ; 5.25 ;184.4215643;14.5913242;;;;;
20.12.2021 14:59;8.1;11.9; 7.16 ; 5.25 ;189.1910875;14.5913242;;;;;
20.12.2021 15:59;7.6;12.4; 7.47 ; 5.25 ;197.1402929;14.5913242;;;;;
20.12.2021 16:59;7.3;12.7; 7.65 ; 5.25 ;201.9098161;14.5913242;;;;;
20.12.2021 17:59;7;13; 7.83 ; 5.25 ;206.6793393;14.5913242;;;;;
20.12.2021 18:59;6.7;13.3; 8.01 ; 5.25 ;211.4488625;14.5913242;;;;;
20.12.2021 19:59;6.4;13.6; 8.19 ; 5.25 ;216.2183857;14.5913242;;;;;
20.12.2021 20:59;6;14; 8.43 ; 5.25 ;222.57775;14.5913242;;;;;
20.12.2021 21:59;5.7;14.3; 8.61 ; 5.25 ;227.3472732;14.5913242;;;;;
20.12.2021 22:59;5.4;14.6; 8.79 ; 5.25 ;232.1167965;14.5913242;;;;;
20.12.2021 23:59;4.2;15.8; 9.51 ; 5.25 ;251.1948893;14.5913242;;;;;
21.12.2021 00:59;4.2;15.8; 9.51 ; 5.25 ;251.1948893;14.5913242;;;;;
21.12.2021 01:59;3.4;16.6; 9.99 ; 5.25 ;263.9136179;14.5913242;;;;;
21.12.2021 02:59;3.3;16.7; 10.05 ; 5.25 ;265.503459;14.5913242;;;;;
21.12.2021 03:59;3;17; 10.23 ; 5.25 ;270.2729822;14.5913242;;;;;
21.12.2021 04:59;2.4;17.6; 10.60 ; 5.25 ;279.8120286;14.5913242;;;;;
21.12.2021 05:59;2.5;17.5; 10.54 ; 5.25 ;278.2221875;14.5913242;;;;;
21.12.2021 06:59;2.2;17.8; 10.72 ; 5.25 ;282.9917108;14.5913242;;;;;
21.12.2021 07:59;2.1;17.9; 10.78 ; 5.25 ;284.5815518;14.5913242;;;;;
21.12.2021 08:59;1.9;18.1; 10.90 ; 5.25 ;287.761234;14.5913242;;;;;
21.12.2021 09:59;1.7;18.3; 11.02 ; 5.25 ;290.9409161;14.5913242;;;;;
21.12.2021 10:59;1.5;18.5; 11.14 ; 5.25 ;294.1205983;14.5913242;;;;;
21.12.2021 11:59;1.4;18.6; 11.20 ; 5.25 ;295.7104393;14.5913242;;;;;
21.12.2021 12:59;1.2;18.8; 11.32 ; 5.25 ;298.8901215;14.5913242;;;;;
21.12.2021 13:59;1.2;18.8; 11.32 ; 5.25 ;298.8901215;14.5913242;;;;;
21.12.2021 14:59;1.4;18.6; 11.20 ; 5.25 ;295.7104393;14.5913242;;;;;
21.12.2021 15:59;1.2;18.8; 11.32 ; 5.25 ;298.8901215;14.5913242;;;;;
21.12.2021 16:59;1.3;18.7; 11.26 ; 5.25 ;297.3002804;14.5913242;;;;;
21.12.2021 17:59;-0.2;20.2; 12.16 ; 5.25 ;321.1478965;14.5913242;;;;;
21.12.2021 18:59;1.2;18.8; 11.32 ; 5.25 ;298.8901215;14.5913242;;;;;
21.12.2021 19:59;0.9;19.1; 11.50 ; 5.25 ;303.6596447;14.5913242;;;;;
21.12.2021 20:59;1.4;18.6; 11.20 ; 5.25 ;295.7104393;14.5913242;;;;;
21.12.2021 21:59;1.4;18.6; 11.20 ; 5.25 ;295.7104393;14.5913242;;;;;
21.12.2021 22:59;1.3;18.7; 11.26 ; 5.25 ;297.3002804;14.5913242;;;;;
21.12.2021 23:59;1.6;18.4; 11.08 ; 5.25 ;292.5307572;14.5913242;;;;;
22.12.2021 00:59;2;18; 10.84 ; 5.25 ;286.1713929;14.5913242;;;;;
22.12.2021 01:59;2.4;17.6; 10.60 ; 5.25 ;279.8120286;14.5913242;;;;;
22.12.2021 02:59;2.6;17.4; 10.48 ; 5.25 ;276.6323465;14.5913242;;;;;
22.12.2021 03:59;2.8;17.2; 10.36 ; 5.25 ;273.4526643;14.5913242;;;;;
22.12.2021 04:59;3;17; 10.23 ; 5.25 ;270.2729822;14.5913242;;;;;
22.12.2021 05:59;3.2;16.8; 10.11 ; 5.25 ;267.0933;14.5913242;;;;;
22.12.2021 06:59;3.4;16.6; 9.99 ; 5.25 ;263.9136179;14.5913242;;;;;
22.12.2021 07:59;3.6;16.4; 9.87 ; 5.25 ;260.7339357;14.5913242;;;;;
22.12.2021 08:59;4.2;15.8; 9.51 ; 5.25 ;251.1948893;14.5913242;;;;;
22.12.2021 09:59;4.8;15.2; 9.15 ; 5.25 ;241.6558429;14.5913242;;;;;
22.12.2021 10:59;5.2;14.8; 8.91 ; 5.25 ;235.2964786;14.5913242;;;;;
22.12.2021 11:59;5.6;14.4; 8.67 ; 5.25 ;228.9371143;14.5913242;;;;;
22.12.2021 12:59;5.8;14.2; 8.55 ; 5.25 ;225.7574322;14.5913242;;;;;
22.12.2021 13:59;5.9;14.1; 8.49 ; 5.25 ;224.1675911;14.5913242;;;;;
22.12.2021 14:59;5.7;14.3; 8.61 ; 5.25 ;227.3472732;14.5913242;;;;;
22.12.2021 15:59;5.4;14.6; 8.79 ; 5.25 ;232.1167965;14.5913242;;;;;
22.12.2021 16:59;5.4;14.6; 8.79 ; 5.25 ;232.1167965;14.5913242;;;;;
22.12.2021 17:59;5.3;14.7; 8.85 ; 5.25 ;233.7066375;14.5913242;;;;;
22.12.2021 18:59;5.1;14.9; 8.97 ; 5.25 ;236.8863197;14.5913242;;;;;
22.12.2021 19:59;5.2;14.8; 8.91 ; 5.25 ;235.2964786;14.5913242;;;;;
22.12.2021 20:59;4.9;15.1; 9.09 ; 5.25 ;240.0660018;14.5913242;;;;;
22.12.2021 21:59;5.1;14.9; 8.97 ; 5.25 ;236.8863197;14.5913242;;;;;
22.12.2021 22:59;4.4;15.6; 9.39 ; 5.25 ;248.0152072;14.5913242;;;;;
22.12.2021 23:59;4.2;15.8; 9.51 ; 5.25 ;251.1948893;14.5913242;;;;;
23.12.2021 00:59;3.1;16.9; 10.17 ; 5.25 ;268.6831411;14.5913242;;;;;
23.12.2021 01:59;2;18; 10.84 ; 5.25 ;286.1713929;14.5913242;;;;;
23.12.2021 02:59;1.4;18.6; 11.20 ; 5.25 ;295.7104393;14.5913242;;;;;
23.12.2021 03:59;0.8;19.2; 11.56 ; 5.25 ;305.2494858;14.5913242;;;;;
23.12.2021 04:59;0.2;19.8; 11.92 ; 5.25 ;314.7885322;14.5913242;;;;;
23.12.2021 05:59;-0.2;20.2; 12.16 ; 5.25 ;321.1478965;14.5913242;;;;;
23.12.2021 06:59;-0.7;20.7; 12.46 ; 5.25 ;329.0971018;14.5913242;;;;;
23.12.2021 07:59;-0.6;20.6; 12.40 ; 5.25 ;327.5072608;14.5913242;;;;;
23.12.2021 08:59;0.1;19.9; 11.98 ; 5.25 ;316.3783733;14.5913242;;;;;
23.12.2021 09:59;0.8;19.2; 11.56 ; 5.25 ;305.2494858;14.5913242;;;;;
23.12.2021 10:59;1.3;18.7; 11.26 ; 5.25 ;297.3002804;14.5913242;;;;;
23.12.2021 11:59;1.8;18.2; 10.96 ; 5.25 ;289.351075;14.5913242;;;;;
23.12.2021 12:59;2;18; 10.84 ; 5.25 ;286.1713929;14.5913242;;;;;
23.12.2021 13:59;1.9;18.1; 10.90 ; 5.25 ;287.761234;14.5913242;;;;;
23.12.2021 14:59;1.4;18.6; 11.20 ; 5.25 ;295.7104393;14.5913242;;;;;
23.12.2021 15:59;0.7;19.3; 11.62 ; 5.25 ;306.8393268;14.5913242;;;;;
23.12.2021 16:59;0.2;19.8; 11.92 ; 5.25 ;314.7885322;14.5913242;;;;;
23.12.2021 17:59;-0.3;20.3; 12.22 ; 5.25 ;322.7377375;14.5913242;;;;;
23.12.2021 18:59;-0.9;20.9; 12.58 ; 5.25 ;332.276784;14.5913242;;;;;
23.12.2021 19:59;-1.4;21.4; 12.88 ; 5.25 ;340.2259893;14.5913242;;;;;
23.12.2021 20:59;-1.9;21.9; 13.18 ; 5.25 ;348.1751947;14.5913242;;;;;
23.12.2021 21:59;-2.4;22.4; 13.49 ; 5.25 ;356.1244;14.5913242;;;;;
23.12.2021 22:59;-2.9;22.9; 13.79 ; 5.25 ;364.0736054;14.5913242;;;;;
23.12.2021 23:59;-3;23; 13.85 ; 5.25 ;365.6634465;14.5913242;;;;;
24.12.2021 00:59;-3.1;23.1; 13.91 ; 5.25 ;367.2532875;14.5913242;;;;;
24.12.2021 01:59;-3.2;23.2; 13.97 ; 5.25 ;368.8431286;14.5913242;;;;;
24.12.2021 02:59;-3.2;23.2; 13.97 ; 5.25 ;368.8431286;14.5913242;;;;;
24.12.2021 03:59;-3.3;23.3; 14.03 ; 5.25 ;370.4329697;14.5913242;;;;;
24.12.2021 04:59;-3.3;23.3; 14.03 ; 5.25 ;370.4329697;14.5913242;;;;;
24.12.2021 05:59;-3.3;23.3; 14.03 ; 5.25 ;370.4329697;14.5913242;;;;;
24.12.2021 06:59;-3.3;23.3; 14.03 ; 5.25 ;370.4329697;14.5913242;;;;;
24.12.2021 07:59;-3.2;23.2; 13.97 ; 5.25 ;368.8431286;14.5913242;;;;;
24.12.2021 08:59;-2.3;22.3; 13.43 ; 5.25 ;354.534559;14.5913242;;;;;
24.12.2021 09:59;-1.8;21.8; 13.12 ; 5.25 ;346.5853536;14.5913242;;;;;
24.12.2021 10:59;-1.2;21.2; 12.76 ; 5.25 ;337.0463072;14.5913242;;;;;
24.12.2021 11:59;-1.2;21.2; 12.76 ; 5.25 ;337.0463072;14.5913242;;;;;
24.12.2021 12:59;0.3;19.7; 11.86 ; 5.25 ;313.1986911;14.5913242;;;;;
24.12.2021 13:59;1.4;18.6; 11.20 ; 5.25 ;295.7104393;14.5913242;;;;;
24.12.2021 14:59;1.6;18.4; 11.08 ; 5.25 ;292.5307572;14.5913242;;;;;
24.12.2021 15:59;0.7;19.3; 11.62 ; 5.25 ;306.8393268;14.5913242;;;;;
24.12.2021 16:59;0.7;19.3; 11.62 ; 5.25 ;306.8393268;14.5913242;;;;;
24.12.2021 17:59;0.7;19.3; 11.62 ; 5.25 ;306.8393268;14.5913242;;;;;
24.12.2021 18:59;0.7;19.3; 11.62 ; 5.25 ;306.8393268;14.5913242;;;;;
24.12.2021 19:59;0.7;19.3; 11.62 ; 5.25 ;306.8393268;14.5913242;;;;;
24.12.2021 20:59;0.7;19.3; 11.62 ; 5.25 ;306.8393268;14.5913242;;;;;
24.12.2021 21:59;0.7;19.3; 11.62 ; 5.25 ;306.8393268;14.5913242;;;;;
24.12.2021 22:59;0.7;19.3; 11.62 ; 5.25 ;306.8393268;14.5913242;;;;;
24.12.2021 23:59;0.7;19.3; 11.62 ; 5.25 ;306.8393268;14.5913242;;;;;
25.12.2021 00:59;0.6;19.4; 11.68 ; 5.25 ;308.4291679;14.5913242;;;;;
25.12.2021 01:59;0.6;19.4; 11.68 ; 5.25 ;308.4291679;14.5913242;;;;;
25.12.2021 02:59;0.6;19.4; 11.68 ; 5.25 ;308.4291679;14.5913242;;;;;
25.12.2021 03:59;0.6;19.4; 11.68 ; 5.25 ;308.4291679;14.5913242;;;;;
25.12.2021 04:59;0.6;19.4; 11.68 ; 5.25 ;308.4291679;14.5913242;;;;;
25.12.2021 05:59;0.6;19.4; 11.68 ; 5.25 ;308.4291679;14.5913242;;;;;
25.12.2021 06:59;0.6;19.4; 11.68 ; 5.25 ;308.4291679;14.5913242;;;;;
25.12.2021 07:59;0.7;19.3; 11.62 ; 5.25 ;306.8393268;14.5913242;;;;;
25.12.2021 08:59;1;19; 11.44 ; 5.25 ;302.0698036;14.5913242;;;;;
25.12.2021 09:59;1.2;18.8; 11.32 ; 5.25 ;298.8901215;14.5913242;;;;;
25.12.2021 10:59;1.3;18.7; 11.26 ; 5.25 ;297.3002804;14.5913242;;;;;
25.12.2021 11:59;0.8;19.2; 11.56 ; 5.25 ;305.2494858;14.5913242;;;;;
25.12.2021 12:59;1.6;18.4; 11.08 ; 5.25 ;292.5307572;14.5913242;;;;;
25.12.2021 13:59;1.7;18.3; 11.02 ; 5.25 ;290.9409161;14.5913242;;;;;
25.12.2021 14:59;1.5;18.5; 11.14 ; 5.25 ;294.1205983;14.5913242;;;;;
25.12.2021 15:59;1.5;18.5; 11.14 ; 5.25 ;294.1205983;14.5913242;;;;;
25.12.2021 16:59;1.4;18.6; 11.20 ; 5.25 ;295.7104393;14.5913242;;;;;
25.12.2021 17:59;1.3;18.7; 11.26 ; 5.25 ;297.3002804;14.5913242;;;;;
25.12.2021 18:59;1.1;18.9; 11.38 ; 5.25 ;300.4799625;14.5913242;;;;;
25.12.2021 19:59;1;19; 11.44 ; 5.25 ;302.0698036;14.5913242;;;;;
25.12.2021 20:59;0.9;19.1; 11.50 ; 5.25 ;303.6596447;14.5913242;;;;;
25.12.2021 21:59;0.7;19.3; 11.62 ; 5.25 ;306.8393268;14.5913242;;;;;
25.12.2021 22:59;0.2;19.8; 11.92 ; 5.25 ;314.7885322;14.5913242;;;;;
25.12.2021 23:59;0.1;19.9; 11.98 ; 5.25 ;316.3783733;14.5913242;;;;;
26.12.2021 00:59;-0.5;20.5; 12.34 ; 5.25 ;325.9174197;14.5913242;;;;;
26.12.2021 01:59;-1.1;21.1; 12.70 ; 5.25 ;335.4564661;14.5913242;;;;;
26.12.2021 02:59;-1.5;21.5; 12.94 ; 5.25 ;341.8158304;14.5913242;;;;;
26.12.2021 03:59;-1.8;21.8; 13.12 ; 5.25 ;346.5853536;14.5913242;;;;;
26.12.2021 04:59;-2.2;22.2; 13.37 ; 5.25 ;352.9447179;14.5913242;;;;;
26.12.2021 05:59;-2.4;22.4; 13.49 ; 5.25 ;356.1244;14.5913242;;;;;
26.12.2021 06:59;-2.8;22.8; 13.73 ; 5.25 ;362.4837643;14.5913242;;;;;
26.12.2021 07:59;-2.6;22.6; 13.61 ; 5.25 ;359.3040822;14.5913242;;;;;
26.12.2021 08:59;-1.9;21.9; 13.18 ; 5.25 ;348.1751947;14.5913242;;;;;
26.12.2021 09:59;-1.7;21.7; 13.06 ; 5.25 ;344.9955125;14.5913242;;;;;
26.12.2021 10:59;-1.4;21.4; 12.88 ; 5.25 ;340.2259893;14.5913242;;;;;
26.12.2021 11:59;-1.2;21.2; 12.76 ; 5.25 ;337.0463072;14.5913242;;;;;
26.12.2021 12:59;-1.2;21.2; 12.76 ; 5.25 ;337.0463072;14.5913242;;;;;
26.12.2021 13:59;-1.2;21.2; 12.76 ; 5.25 ;337.0463072;14.5913242;;;;;
26.12.2021 14:59;-1.3;21.3; 12.82 ; 5.25 ;338.6361483;14.5913242;;;;;
26.12.2021 15:59;-1.7;21.7; 13.06 ; 5.25 ;344.9955125;14.5913242;;;;;
26.12.2021 16:59;-2.1;22.1; 13.31 ; 5.25 ;351.3548768;14.5913242;;;;;
26.12.2021 17:59;-2.4;22.4; 13.49 ; 5.25 ;356.1244;14.5913242;;;;;
26.12.2021 18:59;-2.8;22.8; 13.73 ; 5.25 ;362.4837643;14.5913242;;;;;
26.12.2021 19:59;-3.1;23.1; 13.91 ; 5.25 ;367.2532875;14.5913242;;;;;
26.12.2021 20:59;-3.5;23.5; 14.15 ; 5.25 ;373.6126518;14.5913242;;;;;
26.12.2021 21:59;-3.8;23.8; 14.33 ; 5.25 ;378.382175;14.5913242;;;;;
26.12.2021 22:59;-4.2;24.2; 14.57 ; 5.25 ;384.7415393;14.5913242;;;;;
26.12.2021 23:59;-4.3;24.3; 14.63 ; 5.25 ;386.3313804;14.5913242;;;;;
27.12.2021 00:59;-4.4;24.4; 14.69 ; 5.25 ;387.9212215;14.5913242;;;;;
27.12.2021 01:59;-4.5;24.5; 14.75 ; 5.25 ;389.5110626;14.5913242;;;;;
27.12.2021 02:59;-4.6;24.6; 14.81 ; 5.25 ;391.1009036;14.5913242;;;;;
27.12.2021 03:59;-4.6;24.6; 14.81 ; 5.25 ;391.1009036;14.5913242;;;;;
27.12.2021 04:59;-4.7;24.7; 14.87 ; 5.25 ;392.6907447;14.5913242;;;;;
27.12.2021 05:59;-4.7;24.7; 14.87 ; 5.25 ;392.6907447;14.5913242;;;;;
27.12.2021 06:59;-4.7;24.7; 14.87 ; 5.25 ;392.6907447;14.5913242;;;;;
27.12.2021 07:59;-4.6;24.6; 14.81 ; 5.25 ;391.1009036;14.5913242;;;;;
27.12.2021 08:59;-4.3;24.3; 14.63 ; 5.25 ;386.3313804;14.5913242;;;;;
27.12.2021 09:59;-4;24; 14.45 ; 5.25 ;381.5618572;14.5913242;;;;;
27.12.2021 10:59;-3.7;23.7; 14.27 ; 5.25 ;376.792334;14.5913242;;;;;
27.12.2021 11:59;-3.5;23.5; 14.15 ; 5.25 ;373.6126518;14.5913242;;;;;
27.12.2021 12:59;-3.4;23.4; 14.09 ; 5.25 ;372.0228108;14.5913242;;;;;
27.12.2021 13:59;-3.5;23.5; 14.15 ; 5.25 ;373.6126518;14.5913242;;;;;
27.12.2021 14:59;-3.6;23.6; 14.21 ; 5.25 ;375.2024929;14.5913242;;;;;
27.12.2021 15:59;-4;24; 14.45 ; 5.25 ;381.5618572;14.5913242;;;;;
27.12.2021 16:59;-4.5;24.5; 14.75 ; 5.25 ;389.5110626;14.5913242;;;;;
27.12.2021 17:59;-4.1;24.1; 14.51 ; 5.25 ;383.1516983;14.5913242;;;;;
27.12.2021 18:59;-4.3;24.3; 14.63 ; 5.25 ;386.3313804;14.5913242;;;;;
27.12.2021 19:59;-4.4;24.4; 14.69 ; 5.25 ;387.9212215;14.5913242;;;;;
27.12.2021 20:59;-4.5;24.5; 14.75 ; 5.25 ;389.5110626;14.5913242;;;;;
27.12.2021 21:59;-4.6;24.6; 14.81 ; 5.25 ;391.1009036;14.5913242;;;;;
27.12.2021 22:59;-4.8;24.8; 14.93 ; 5.25 ;394.2805858;14.5913242;;;;;
27.12.2021 23:59;-4.9;24.9; 14.99 ; 5.25 ;395.8704268;14.5913242;;;;;
28.12.2021 00:59;-5;25; 15.05 ; 5.25 ;397.4602679;14.5913242;;;;;
28.12.2021 01:59;-5.1;25.1; 15.11 ; 5.25 ;399.050109;14.5913242;;;;;
28.12.2021 02:59;-5.2;25.2; 15.17 ; 5.25 ;400.6399501;14.5913242;;;;;
28.12.2021 03:59;-5.2;25.2; 15.17 ; 5.25 ;400.6399501;14.5913242;;;;;
28.12.2021 04:59;-5.3;25.3; 15.23 ; 5.25 ;402.2297911;14.5913242;;;;;
28.12.2021 05:59;-5.3;25.3; 15.23 ; 5.25 ;402.2297911;14.5913242;;;;;
28.12.2021 06:59;-5.3;25.3; 15.23 ; 5.25 ;402.2297911;14.5913242;;;;;
28.12.2021 07:59;-5;25; 15.05 ; 5.25 ;397.4602679;14.5913242;;;;;
28.12.2021 08:59;-3.6;23.6; 14.21 ; 5.25 ;375.2024929;14.5913242;;;;;
28.12.2021 09:59;-2.1;22.1; 13.31 ; 5.25 ;351.3548768;14.5913242;;;;;
28.12.2021 10:59;-0.5;20.5; 12.34 ; 5.25 ;325.9174197;14.5913242;;;;;
28.12.2021 11:59;-0.3;20.3; 12.22 ; 5.25 ;322.7377375;14.5913242;;;;;
28.12.2021 12:59;-1;21; 12.64 ; 5.25 ;333.866625;14.5913242;;;;;
28.12.2021 13:59;-0.9;20.9; 12.58 ; 5.25 ;332.276784;14.5913242;;;;;
28.12.2021 14:59;-1.1;21.1; 12.70 ; 5.25 ;335.4564661;14.5913242;;;;;
28.12.2021 15:59;-1.9;21.9; 13.18 ; 5.25 ;348.1751947;14.5913242;;;;;
28.12.2021 16:59;-2;22; 13.24 ; 5.25 ;349.7650358;14.5913242;;;;;
28.12.2021 17:59;-2.2;22.2; 13.37 ; 5.25 ;352.9447179;14.5913242;;;;;
28.12.2021 18:59;-2.4;22.4; 13.49 ; 5.25 ;356.1244;14.5913242;;;;;
28.12.2021 19:59;-2.5;22.5; 13.55 ; 5.25 ;357.7142411;14.5913242;;;;;
28.12.2021 20:59;-2.7;22.7; 13.67 ; 5.25 ;360.8939233;14.5913242;;;;;
28.12.2021 21:59;-2.9;22.9; 13.79 ; 5.25 ;364.0736054;14.5913242;;;;;
28.12.2021 22:59;-3;23; 13.85 ; 5.25 ;365.6634465;14.5913242;;;;;
28.12.2021 23:59;-3.2;23.2; 13.97 ; 5.25 ;368.8431286;14.5913242;;;;;
29.12.2021 00:59;-3.4;23.4; 14.09 ; 5.25 ;372.0228108;14.5913242;;;;;
29.12.2021 01:59;-3.6;23.6; 14.21 ; 5.25 ;375.2024929;14.5913242;;;;;
29.12.2021 02:59;-3.6;23.6; 14.21 ; 5.25 ;375.2024929;14.5913242;;;;;
29.12.2021 03:59;-3.7;23.7; 14.27 ; 5.25 ;376.792334;14.5913242;;;;;
29.12.2021 04:59;-3.8;23.8; 14.33 ; 5.25 ;378.382175;14.5913242;;;;;
29.12.2021 05:59;-3.8;23.8; 14.33 ; 5.25 ;378.382175;14.5913242;;;;;
29.12.2021 06:59;-3.8;23.8; 14.33 ; 5.25 ;378.382175;14.5913242;;;;;
29.12.2021 07:59;-3.5;23.5; 14.15 ; 5.25 ;373.6126518;14.5913242;;;;;
29.12.2021 08:59;-1.6;21.6; 13.00 ; 5.25 ;343.4056715;14.5913242;;;;;
29.12.2021 09:59;0.5;19.5; 11.74 ; 5.25 ;310.019009;14.5913242;;;;;
29.12.2021 10:59;3;17; 10.23 ; 5.25 ;270.2729822;14.5913242;;;;;
29.12.2021 11:59;4.3;15.7; 9.45 ; 5.25 ;249.6050482;14.5913242;;;;;
29.12.2021 12:59;4.6;15.4; 9.27 ; 5.25 ;244.835525;14.5913242;;;;;
29.12.2021 13:59;4.2;15.8; 9.51 ; 5.25 ;251.1948893;14.5913242;;;;;
29.12.2021 14:59;2.9;17.1; 10.29 ; 5.25 ;271.8628233;14.5913242;;;;;
29.12.2021 15:59;1.6;18.4; 11.08 ; 5.25 ;292.5307572;14.5913242;;;;;
29.12.2021 16:59;1.4;18.6; 11.20 ; 5.25 ;295.7104393;14.5913242;;;;;
29.12.2021 17:59;1.2;18.8; 11.32 ; 5.25 ;298.8901215;14.5913242;;;;;
29.12.2021 18:59;1;19; 11.44 ; 5.25 ;302.0698036;14.5913242;;;;;
29.12.2021 19:59;0.8;19.2; 11.56 ; 5.25 ;305.2494858;14.5913242;;;;;
29.12.2021 20:59;0.5;19.5; 11.74 ; 5.25 ;310.019009;14.5913242;;;;;
29.12.2021 21:59;0.3;19.7; 11.86 ; 5.25 ;313.1986911;14.5913242;;;;;
29.12.2021 22:59;0.1;19.9; 11.98 ; 5.25 ;316.3783733;14.5913242;;;;;
29.12.2021 23:59;-0.3;20.3; 12.22 ; 5.25 ;322.7377375;14.5913242;;;;;
30.12.2021 00:59;-0.6;20.6; 12.40 ; 5.25 ;327.5072608;14.5913242;;;;;
30.12.2021 01:59;-0.9;20.9; 12.58 ; 5.25 ;332.276784;14.5913242;;;;;
30.12.2021 02:59;-1;21; 12.64 ; 5.25 ;333.866625;14.5913242;;;;;
30.12.2021 03:59;-1.1;21.1; 12.70 ; 5.25 ;335.4564661;14.5913242;;;;;
30.12.2021 04:59;-1.3;21.3; 12.82 ; 5.25 ;338.6361483;14.5913242;;;;;
30.12.2021 05:59;-1.3;21.3; 12.82 ; 5.25 ;338.6361483;14.5913242;;;;;
30.12.2021 06:59;-1.4;21.4; 12.88 ; 5.25 ;340.2259893;14.5913242;;;;;
30.12.2021 07:59;-1.1;21.1; 12.70 ; 5.25 ;335.4564661;14.5913242;;;;;
30.12.2021 08:59;1.9;18.1; 10.90 ; 5.25 ;287.761234;14.5913242;;;;;
30.12.2021 09:59;4.4;15.6; 9.39 ; 5.25 ;248.0152072;14.5913242;;;;;
30.12.2021 10:59;6.5;13.5; 8.13 ; 5.25 ;214.6285447;14.5913242;;;;;
30.12.2021 11:59;8.3;11.7; 7.04 ; 5.25 ;186.0114054;14.5913242;;;;;
30.12.2021 12:59;9.2;10.8; 6.50 ; 5.25 ;171.7028357;14.5913242;;;;;
30.12.2021 13:59;9.2;10.8; 6.50 ; 5.25 ;171.7028357;14.5913242;;;;;
30.12.2021 14:59;8;12; 7.22 ; 5.25 ;190.7809286;14.5913242;;;;;
30.12.2021 15:59;6.2;13.8; 8.31 ; 5.25 ;219.3980679;14.5913242;;;;;
30.12.2021 16:59;5.4;14.6; 8.79 ; 5.25 ;232.1167965;14.5913242;;;;;
30.12.2021 17:59;4.6;15.4; 9.27 ; 5.25 ;244.835525;14.5913242;;;;;
30.12.2021 18:59;3.8;16.2; 9.75 ; 5.25 ;257.5542536;14.5913242;;;;;
30.12.2021 19:59;3;17; 10.23 ; 5.25 ;270.2729822;14.5913242;;;;;
30.12.2021 20:59;2.3;17.7; 10.66 ; 5.25 ;281.4018697;14.5913242;;;;;
30.12.2021 21:59;1.5;18.5; 11.14 ; 5.25 ;294.1205983;14.5913242;;;;;
30.12.2021 22:59;0.7;19.3; 11.62 ; 5.25 ;306.8393268;14.5913242;;;;;
30.12.2021 23:59;-0.3;20.3; 12.22 ; 5.25 ;322.7377375;14.5913242;;;;;
31.12.2021 00:59;-1.4;21.4; 12.88 ; 5.25 ;340.2259893;14.5913242;;;;;
31.12.2021 01:59;-2.6;22.6; 13.61 ; 5.25 ;359.3040822;14.5913242;;;;;
31.12.2021 02:59;-3.2;23.2; 13.97 ; 5.25 ;368.8431286;14.5913242;;;;;
31.12.2021 03:59;-3.8;23.8; 14.33 ; 5.25 ;378.382175;14.5913242;;;;;
31.12.2021 04:59;-4.5;24.5; 14.75 ; 5.25 ;389.5110626;14.5913242;;;;;
31.12.2021 05:59;-4.9;24.9; 14.99 ; 5.25 ;395.8704268;14.5913242;;;;;
31.12.2021 06:59;-5.4;25.4; 15.29 ; 5.25 ;403.8196322;14.5913242;;;;;
31.12.2021 07:59;-5.3;25.3; 15.23 ; 5.25 ;402.2297911;14.5913242;;;;;
31.12.2021 08:59;-3;23; 13.85 ; 5.25 ;365.6634465;14.5913242;;;;;
31.12.2021 09:59;-0.9;20.9; 12.58 ; 5.25 ;332.276784;14.5913242;;;;;
31.12.2021 10:59;0.8;19.2; 11.56 ; 5.25 ;305.2494858;14.5913242;;;;;
31.12.2021 11:59;1.8;18.2; 10.96 ; 5.25 ;289.351075;14.5913242;;;;;
31.12.2021 12:59;2.4;17.6; 10.60 ; 5.25 ;279.8120286;14.5913242;;;;;
31.12.2021 13:59;2.3;17.7; 10.66 ; 5.25 ;281.4018697;14.5913242;;;;;
31.12.2021 14:59;1.3;18.7; 11.26 ; 5.25 ;297.3002804;14.5913242;;;;;
31.12.2021 15:59;-0.3;20.3; 12.22 ; 5.25 ;322.7377375;14.5913242;;;;;
31.12.2021 16:59;-0.6;20.6; 12.40 ; 5.25 ;327.5072608;14.5913242;;;;;
31.12.2021 17:59;-0.8;20.8; 12.52 ; 5.25 ;330.6869429;14.5913242;;;;;
31.12.2021 18:59;-1.1;21.1; 12.70 ; 5.25 ;335.4564661;14.5913242;;;;;
31.12.2021 19:59;-1.3;21.3; 12.82 ; 5.25 ;338.6361483;14.5913242;;;;;
31.12.2021 20:59;-1.6;21.6; 13.00 ; 5.25 ;343.4056715;14.5913242;;;;;
31.12.2021 21:59;-1.8;21.8; 13.12 ; 5.25 ;346.5853536;14.5913242;;;;;
31.12.2021 22:59;-2.1;22.1; 13.31 ; 5.25 ;351.3548768;14.5913242;;;;;
